Local Time,PM1,PM25,RELATIVEHUMIDITY,TEMPERATURE,UM003
2025-10-24 00:00:00+05:30,96.6,151.0,35.4,28.2,22800.0
2025-10-24 01:00:00+05:30,114.0,183.0,34.9,27.7,26900.0
2025-10-24 02:00:00+05:30,119.0,194.0,35.4,27.6,27900.0
2025-10-24 03:00:00+05:30,115.0,188.0,38.1,27.1,27100.0
2025-10-24 04:00:00+05:30,117.0,190.0,38.2,27.0,27400.0
2025-10-24 05:00:00+05:30,113.0,186.0,39.1,26.9,26600.0
2025-10-24 06:00:00+05:30,116.0,193.0,38.8,26.5,27300.0
2025-10-24 07:00:00+05:30,99.1,165.0,40.5,26.1,23500.0
2025-10-24 08:00:00+05:30,90.2,150.0,38.7,25.9,21500.0
2025-10-24 09:00:00+05:30,109.0,182.0,40.3,25.5,25800.0
2025-10-24 10:00:00+05:30,115.0,199.0,40.3,26.3,27200.0
2025-10-24 11:00:00+05:30,114.0,197.0,39.8,27.0,27100.0
2025-10-24 12:00:00+05:30,116.0,200.0,37.6,28.1,27400.0
2025-10-24 13:00:00+05:30,113.0,195.0,35.9,29.0,26800.0
2025-10-24 14:00:00+05:30,90.4,148.0,30.9,30.6,21500.0
2025-10-24 15:00:00+05:30,47.5,77.2,24.5,31.7,11600.0
2025-10-24 16:00:00+05:30,44.1,71.8,23.2,32.7,10800.0
2025-10-24 17:00:00+05:30,50.8,82.0,24.6,32.1,12400.0
2025-10-24 18:00:00+05:30,54.9,88.0,27.3,31.2,13300.0
2025-10-24 19:00:00+05:30,67.4,108.0,28.2,29.8,16200.0
2025-10-24 20:00:00+05:30,69.8,111.0,32.1,29.3,16800.0
2025-10-24 21:00:00+05:30,80.7,126.0,33.0,29.0,19400.0
2025-10-24 22:00:00+05:30,117.0,181.0,33.9,28.6,27400.0
2025-10-24 23:00:00+05:30,129.0,205.0,36.9,28.0,30200.0
2025-10-25 00:00:00+05:30,125.0,203.0,37.6,27.6,29400.0
2025-10-25 01:00:00+05:30,116.0,190.0,37.4,27.3,27400.0
2025-10-25 02:00:00+05:30,109.0,178.0,39.2,27.3,25800.0
2025-10-25 03:00:00+05:30,120.0,198.0,40.6,27.2,28300.0
2025-10-25 04:00:00+05:30,122.0,200.0,42.2,26.7,28700.0
2025-10-25 05:00:00+05:30,123.0,203.0,42.1,26.4,28900.0
2025-10-25 06:00:00+05:30,134.0,224.0,43.0,26.2,31400.0
2025-10-25 07:00:00+05:30,149.0,252.0,43.7,26.0,34700.0
2025-10-25 08:00:00+05:30,169.0,290.0,43.8,25.9,39100.0
2025-10-25 09:00:00+05:30,158.0,271.0,44.4,25.9,36600.0
2025-10-25 10:00:00+05:30,172.0,306.0,44.7,26.5,39800.0
2025-10-25 11:00:00+05:30,171.0,313.0,42.0,27.5,39700.0
2025-10-25 12:00:00+05:30,124.0,218.0,39.1,28.2,29200.0
2025-10-25 13:00:00+05:30,80.5,137.0,33.3,29.1,19200.0
2025-10-25 14:00:00+05:30,70.0,116.0,28.8,30.5,16700.0
2025-10-25 15:00:00+05:30,65.3,108.0,26.2,31.6,15700.0
2025-10-25 16:00:00+05:30,65.8,110.0,26.1,31.5,15800.0
2025-10-25 17:00:00+05:30,69.1,115.0,25.8,30.9,16600.0
2025-10-25 18:00:00+05:30,77.2,131.0,28.3,30.0,18500.0
2025-10-25 19:00:00+05:30,65.2,109.0,30.4,29.5,15700.0
2025-10-25 20:00:00+05:30,93.6,157.0,31.9,29.0,22300.0
2025-10-25 21:00:00+05:30,143.0,234.0,35.8,28.5,33300.0
2025-10-25 22:00:00+05:30,169.0,284.0,38.2,28.1,39000.0
2025-10-25 23:00:00+05:30,152.0,253.0,39.9,27.8,35300.0
2025-10-26 00:00:00+05:30,156.0,268.0,39.5,27.4,36200.0
2025-10-26 01:00:00+05:30,148.0,256.0,39.5,27.3,34600.0
2025-10-26 02:00:00+05:30,137.0,238.0,39.4,27.2,32100.0
2025-10-26 03:00:00+05:30,120.0,208.0,38.2,27.0,28300.0
2025-10-26 04:00:00+05:30,121.0,211.0,37.9,26.9,28600.0
2025-10-26 06:00:00+05:30,97.0,166.0,36.0,26.8,23000.0
2025-10-26 07:00:00+05:30,159.0,290.0,38.8,26.1,37100.0
2025-10-26 08:00:00+05:30,119.0,204.0,37.2,26.2,27900.0
2025-10-26 09:00:00+05:30,93.0,154.0,35.3,26.7,22100.0
2025-10-26 10:00:00+05:30,131.0,230.0,37.1,26.8,30800.0
2025-10-26 11:00:00+05:30,134.0,235.0,36.7,27.4,31400.0
2025-10-26 12:00:00+05:30,94.6,162.0,33.3,28.4,22500.0
2025-10-26 13:00:00+05:30,71.6,121.0,28.3,29.4,17200.0
2025-10-26 14:00:00+05:30,55.7,92.1,23.9,30.9,13500.0
2025-10-26 15:00:00+05:30,46.0,75.6,21.2,32.5,11200.0
2025-10-26 16:00:00+05:30,42.6,70.5,20.5,33.2,10500.0
2025-10-26 17:00:00+05:30,44.7,74.2,21.6,32.9,11000.0
2025-10-26 18:00:00+05:30,41.1,68.4,23.2,31.5,10100.0
2025-10-26 19:00:00+05:30,52.5,82.7,26.7,30.2,12800.0
2025-10-26 20:00:00+05:30,78.8,124.0,29.9,29.5,18900.0
2025-10-26 21:00:00+05:30,79.5,125.0,32.5,29.1,19100.0
2025-10-26 22:00:00+05:30,94.5,150.0,33.7,28.5,22500.0
2025-10-26 23:00:00+05:30,98.9,156.0,35.8,28.1,23400.0
2025-10-27 00:00:00+05:30,106.0,169.0,37.4,28.0,25000.0
2025-10-27 01:00:00+05:30,114.0,183.0,38.5,27.6,26700.0
2025-10-27 02:00:00+05:30,91.2,148.0,36.9,27.6,21600.0
2025-10-27 03:00:00+05:30,108.0,177.0,39.0,27.3,25600.0
2025-10-27 04:00:00+05:30,101.0,168.0,39.6,27.0,24000.0
2025-10-27 05:00:00+05:30,96.8,159.0,40.0,26.7,23000.0
2025-10-27 06:00:00+05:30,93.5,152.0,40.4,26.5,22100.0
2025-10-27 07:00:00+05:30,114.0,189.0,39.2,26.4,26900.0
2025-10-27 08:00:00+05:30,135.0,215.0,39.9,26.1,31300.0
2025-10-27 09:00:00+05:30,161.0,266.0,42.0,25.7,37100.0
2025-10-27 10:00:00+05:30,156.0,268.0,42.7,25.9,36000.0
2025-10-27 11:00:00+05:30,116.0,197.0,39.4,27.0,27200.0
2025-10-27 12:00:00+05:30,117.0,202.0,40.1,27.4,27500.0
2025-10-27 13:00:00+05:30,80.1,137.0,37.1,28.1,19200.0
2025-10-27 14:00:00+05:30,69.9,117.0,34.9,28.5,16800.0
2025-10-27 15:00:00+05:30,86.7,143.0,35.3,28.6,20600.0
2025-10-27 16:00:00+05:30,72.7,120.0,36.6,28.4,17300.0
2025-10-27 17:00:00+05:30,75.9,125.0,36.7,27.7,18200.0
2025-10-27 18:00:00+05:30,78.8,130.0,38.9,27.3,18900.0
2025-10-27 19:00:00+05:30,128.0,217.0,41.9,26.4,30200.0
2025-10-27 20:00:00+05:30,116.0,194.0,41.3,25.6,27400.0
2025-10-27 21:00:00+05:30,110.0,184.0,42.4,25.3,26100.0
2025-10-27 22:00:00+05:30,105.0,176.0,43.0,25.4,24900.0
2025-10-27 23:00:00+05:30,96.0,162.0,42.7,25.3,22900.0
2025-10-28 00:00:00+05:30,79.5,133.0,42.3,25.4,19100.0
2025-10-28 01:00:00+05:30,57.2,96.1,41.1,25.5,13900.0
2025-10-28 02:00:00+05:30,56.4,95.4,41.3,25.7,13700.0
2025-10-28 03:00:00+05:30,60.0,102.0,42.4,25.5,14500.0
2025-10-28 04:00:00+05:30,59.6,101.0,43.2,25.5,14500.0
2025-10-28 05:00:00+05:30,70.2,122.0,44.0,25.4,17000.0
2025-10-28 06:00:00+05:30,79.6,138.0,44.5,25.3,19200.0
2025-10-28 07:00:00+05:30,101.0,172.0,45.2,25.0,24100.0
2025-10-28 08:00:00+05:30,139.0,238.0,46.3,24.6,32400.0
2025-10-28 09:00:00+05:30,140.0,241.0,46.8,24.7,32600.0
2025-10-28 10:00:00+05:30,131.0,235.0,44.8,25.1,31000.0
2025-10-28 11:00:00+05:30,118.0,209.0,43.3,25.5,27900.0
2025-10-28 12:00:00+05:30,102.0,179.0,41.8,26.1,24200.0
2025-10-28 13:00:00+05:30,91.8,163.0,41.2,26.4,22000.0
2025-10-28 14:00:00+05:30,109.0,193.0,42.2,26.3,25900.0
2025-10-28 15:00:00+05:30,88.2,154.0,41.8,26.5,21100.0
2025-10-28 16:00:00+05:30,76.6,134.0,41.6,26.5,18400.0
2025-10-28 17:00:00+05:30,87.8,153.0,42.7,26.4,20900.0
2025-10-28 18:00:00+05:30,69.5,120.0,42.4,26.4,16700.0
2025-10-28 19:00:00+05:30,77.1,131.0,42.1,26.2,18500.0
2025-10-28 20:00:00+05:30,81.5,139.0,41.7,25.9,19500.0
2025-10-28 21:00:00+05:30,77.7,130.0,43.1,25.6,18700.0
2025-10-28 22:00:00+05:30,59.5,98.9,45.0,25.3,14500.0
2025-10-28 23:00:00+05:30,64.2,106.0,46.7,25.1,15600.0
2025-10-29 00:00:00+05:30,63.6,104.0,47.0,25.1,15500.0
2025-10-29 01:00:00+05:30,51.4,84.7,47.1,24.9,12600.0
2025-10-29 02:00:00+05:30,57.0,93.4,47.7,24.8,13900.0
2025-10-29 03:00:00+05:30,78.8,130.0,49.7,24.6,19000.0
2025-10-29 04:00:00+05:30,70.5,116.0,50.0,24.7,17100.0
2025-10-29 05:00:00+05:30,80.3,132.0,50.5,24.6,19300.0
2025-10-29 06:00:00+05:30,91.8,153.0,50.8,24.4,21900.0
2025-10-29 07:00:00+05:30,89.8,152.0,50.8,24.2,21500.0
2025-10-29 08:00:00+05:30,114.0,198.0,51.8,23.9,27100.0
2025-10-29 09:00:00+05:30,123.0,217.0,52.0,24.1,29100.0
2025-10-29 10:00:00+05:30,131.0,239.0,51.6,24.3,31000.0
2025-10-29 11:00:00+05:30,101.0,183.0,48.0,25.3,24200.0
2025-10-29 12:00:00+05:30,83.4,147.0,45.2,26.3,20000.0
2025-10-29 13:00:00+05:30,96.6,170.0,44.6,27.0,23000.0
2025-10-29 14:00:00+05:30,96.9,166.0,42.8,27.8,23100.0
2025-10-29 15:00:00+05:30,106.0,182.0,43.0,27.8,24900.0
2025-10-29 16:00:00+05:30,117.0,202.0,43.1,27.7,27500.0
2025-10-29 17:00:00+05:30,108.0,188.0,42.9,27.5,25500.0
2025-10-29 18:00:00+05:30,116.0,205.0,43.7,27.1,27400.0
2025-10-29 19:00:00+05:30,141.0,258.0,44.5,26.8,33100.0
2025-10-29 20:00:00+05:30,129.0,228.0,44.8,26.6,30300.0
2025-10-29 21:00:00+05:30,140.0,248.0,46.0,26.5,32800.0
2025-10-29 22:00:00+05:30,159.0,282.0,47.5,26.3,37100.0
2025-10-29 23:00:00+05:30,145.0,262.0,47.8,26.3,34100.0
2025-10-30 00:00:00+05:30,141.0,255.0,48.3,26.1,33200.0
2025-10-30 01:00:00+05:30,142.0,263.0,48.6,25.9,33500.0
2025-10-30 02:00:00+05:30,143.0,267.0,49.3,25.7,33700.0
2025-10-30 03:00:00+05:30,139.0,260.0,49.4,25.6,32900.0
2025-10-30 04:00:00+05:30,139.0,263.0,49.9,25.5,33100.0
2025-10-30 05:00:00+05:30,132.0,250.0,50.0,25.4,31400.0
2025-10-30 06:00:00+05:30,135.0,257.0,50.5,25.2,32200.0
2025-10-30 07:00:00+05:30,141.0,263.0,51.2,25.1,33400.0
2025-10-30 08:00:00+05:30,136.0,252.0,51.4,25.1,32200.0
2025-10-30 09:00:00+05:30,144.0,265.0,51.6,25.2,33900.0
2025-10-30 10:00:00+05:30,161.0,304.0,52.7,25.3,37900.0
2025-10-30 11:00:00+05:30,119.0,214.0,51.0,25.7,28300.0
2025-10-30 12:00:00+05:30,104.0,187.0,49.8,26.2,24800.0
2025-10-30 13:00:00+05:30,93.2,166.0,49.3,26.4,22300.0
2025-10-30 14:00:00+05:30,73.3,127.0,49.2,26.5,17700.0
2025-10-30 15:00:00+05:30,77.0,133.0,50.1,26.6,18600.0
2025-10-30 16:00:00+05:30,71.2,124.0,51.4,26.4,17300.0
2025-10-30 17:00:00+05:30,59.1,102.0,52.7,26.3,14500.0
2025-10-30 18:00:00+05:30,68.9,118.0,54.6,25.9,16800.0
2025-10-30 19:00:00+05:30,69.6,117.0,54.9,25.8,16900.0
2025-10-30 20:00:00+05:30,73.0,123.0,55.7,25.7,17800.0
2025-10-30 21:00:00+05:30,87.7,151.0,57.3,25.4,21200.0
2025-10-30 22:00:00+05:30,81.8,140.0,57.2,25.5,19800.0
2025-10-30 23:00:00+05:30,80.8,140.0,57.3,25.6,19600.0
2025-10-31 00:00:00+05:30,69.9,120.0,58.0,25.5,17000.0
2025-10-31 01:00:00+05:30,62.4,106.0,59.0,25.4,15300.0
2025-10-31 02:00:00+05:30,57.1,97.3,60.5,25.1,14100.0
2025-10-31 03:00:00+05:30,52.6,90.1,61.6,24.8,13000.0
2025-10-31 04:00:00+05:30,51.5,88.3,61.9,24.8,12700.0
2025-10-31 05:00:00+05:30,49.1,84.3,61.7,24.8,12200.0
2025-10-31 06:00:00+05:30,51.2,88.2,61.5,24.9,12700.0
2025-10-31 07:00:00+05:30,65.5,112.0,62.5,24.6,16000.0
2025-10-31 08:00:00+05:30,77.9,130.0,62.9,24.5,18900.0
2025-10-31 09:00:00+05:30,76.4,131.0,62.6,24.5,18500.0
2025-10-31 10:00:00+05:30,79.0,138.0,61.5,24.9,19200.0
2025-10-31 11:00:00+05:30,71.8,127.0,58.6,25.8,17500.0
2025-10-31 12:00:00+05:30,65.9,120.0,55.4,26.4,16200.0
2025-10-31 13:00:00+05:30,70.7,130.0,52.9,27.1,17300.0
2025-10-31 14:00:00+05:30,79.4,145.0,49.8,28.2,19300.0
2025-10-31 15:00:00+05:30,82.9,151.0,47.4,28.9,20100.0
2025-10-31 16:00:00+05:30,74.0,130.0,45.7,29.0,17900.0
2025-10-31 17:00:00+05:30,72.0,126.0,44.5,29.0,17400.0
2025-10-31 18:00:00+05:30,79.5,140.0,46.4,28.3,19200.0
2025-10-31 19:00:00+05:30,83.9,145.0,48.2,27.5,20100.0
2025-10-31 20:00:00+05:30,94.2,162.0,49.9,27.1,22700.0
2025-10-31 21:00:00+05:30,97.9,167.0,51.0,26.9,23400.0
2025-10-31 22:00:00+05:30,98.8,167.0,51.6,26.8,23600.0
2025-10-31 23:00:00+05:30,125.0,210.0,53.9,26.3,29500.0
2025-11-01 00:00:00+05:30,96.5,167.0,54.2,26.1,23100.0
2025-11-01 01:00:00+05:30,78.1,136.0,53.9,26.2,18900.0
2025-11-01 02:00:00+05:30,87.5,153.0,54.8,25.9,21100.0
2025-11-01 03:00:00+05:30,84.4,147.0,55.5,25.7,20500.0
2025-11-01 04:00:00+05:30,86.2,151.0,56.1,25.5,20900.0
2025-11-01 05:00:00+05:30,85.5,151.0,56.0,25.4,20700.0
2025-11-01 06:00:00+05:30,81.4,143.0,56.0,25.4,19700.0
2025-11-01 07:00:00+05:30,76.0,134.0,56.4,25.1,18400.0
2025-11-01 08:00:00+05:30,93.0,169.0,55.9,25.1,22400.0
2025-11-01 09:00:00+05:30,122.0,228.0,55.9,24.7,29100.0
2025-11-01 10:00:00+05:30,144.0,281.0,54.5,25.1,34300.0
2025-11-01 11:00:00+05:30,172.0,350.0,51.9,25.7,40900.0
2025-11-01 12:00:00+05:30,153.0,300.0,46.5,27.0,36200.0
2025-11-01 13:00:00+05:30,133.0,252.0,42.1,27.7,31600.0
2025-11-01 14:00:00+05:30,126.0,234.0,39.1,28.7,29900.0
2025-11-01 15:00:00+05:30,109.0,196.0,32.7,29.7,25900.0
2025-11-01 16:00:00+05:30,108.0,193.0,30.9,29.7,25700.0
2025-11-01 17:00:00+05:30,107.0,194.0,32.7,29.5,25500.0
2025-11-01 18:00:00+05:30,86.8,153.0,32.1,29.0,20900.0
2025-11-01 19:00:00+05:30,105.0,183.0,31.6,27.8,25100.0
2025-11-01 20:00:00+05:30,105.0,184.0,34.1,27.5,25000.0
2025-11-01 21:00:00+05:30,111.0,201.0,34.2,27.3,26500.0
2025-11-01 22:00:00+05:30,116.0,209.0,34.3,27.1,27700.0
2025-11-01 23:00:00+05:30,108.0,192.0,33.2,26.9,25700.0
2025-11-02 00:00:00+05:30,101.0,179.0,34.7,26.9,24100.0
2025-11-02 01:00:00+05:30,104.0,185.0,38.0,26.6,24800.0
2025-11-02 02:00:00+05:30,101.0,178.0,38.8,26.3,24200.0
2025-11-02 03:00:00+05:30,96.7,170.0,38.1,26.2,23200.0
2025-11-02 04:00:00+05:30,119.0,215.0,38.5,26.0,28200.0
2025-11-02 05:00:00+05:30,153.0,297.0,39.1,25.7,36300.0
2025-11-02 06:00:00+05:30,179.0,360.0,40.5,25.1,42200.0
2025-11-02 07:00:00+05:30,178.0,361.0,42.2,24.7,42100.0
2025-11-02 08:00:00+05:30,187.0,390.0,43.4,24.4,44300.0
2025-11-02 09:00:00+05:30,198.0,418.0,44.8,24.1,46900.0
2025-11-02 10:00:00+05:30,190.0,403.0,45.0,24.5,45200.0
2025-11-02 11:00:00+05:30,170.0,347.0,43.4,25.1,40600.0
2025-11-02 12:00:00+05:30,166.0,333.0,42.3,26.1,39500.0
2025-11-02 13:00:00+05:30,140.0,263.0,37.0,27.3,33300.0
2025-11-02 14:00:00+05:30,79.5,140.0,28.7,29.2,19300.0
2025-11-02 15:00:00+05:30,67.1,118.0,28.8,29.8,16300.0
2025-11-02 16:00:00+05:30,61.2,106.0,27.6,30.0,14900.0
2025-11-02 17:00:00+05:30,61.3,107.0,28.3,30.1,15000.0
2025-11-02 18:00:00+05:30,72.8,126.0,30.6,28.9,17600.0
2025-11-02 19:00:00+05:30,79.9,140.0,33.4,27.7,19400.0
2025-11-02 20:00:00+05:30,89.8,158.0,35.0,27.1,21700.0
2025-11-02 21:00:00+05:30,98.9,173.0,35.3,26.8,23700.0
2025-11-02 22:00:00+05:30,96.2,169.0,35.9,26.5,23100.0
2025-11-02 23:00:00+05:30,106.0,186.0,35.7,26.2,25400.0
2025-11-03 00:00:00+05:30,98.8,174.0,35.6,26.0,23800.0
2025-11-03 01:00:00+05:30,81.6,142.0,35.4,26.2,19700.0
2025-11-03 02:00:00+05:30,89.6,158.0,35.4,26.0,21600.0
2025-11-03 03:00:00+05:30,167.0,323.0,35.6,25.3,39200.0
2025-11-03 04:00:00+05:30,186.0,376.0,37.0,24.7,43900.0
2025-11-03 05:00:00+05:30,157.0,301.0,38.4,23.8,37200.0
2025-11-03 06:00:00+05:30,151.0,289.0,38.7,23.6,35800.0
2025-11-03 07:00:00+05:30,158.0,306.0,37.8,23.6,37400.0
2025-11-03 08:00:00+05:30,167.0,331.0,38.5,23.1,39600.0
2025-11-03 09:00:00+05:30,165.0,326.0,38.1,23.1,39100.0
2025-11-03 10:00:00+05:30,160.0,317.0,37.9,23.3,38100.0
2025-11-03 11:00:00+05:30,177.0,365.0,37.5,24.4,42100.0
2025-11-03 12:00:00+05:30,192.0,412.0,37.0,25.3,45800.0
2025-11-03 13:00:00+05:30,193.0,416.0,35.9,26.7,46100.0
2025-11-03 14:00:00+05:30,172.0,345.0,32.1,27.9,40800.0
2025-11-03 15:00:00+05:30,154.0,299.0,30.9,28.6,36700.0
2025-11-03 16:00:00+05:30,126.0,233.0,29.2,29.0,30000.0
2025-11-03 17:00:00+05:30,95.3,170.0,27.4,29.2,22900.0
2025-11-03 18:00:00+05:30,75.7,131.0,26.9,29.0,18300.0
2025-11-03 19:00:00+05:30,71.4,124.0,28.7,28.1,17300.0
2025-11-03 20:00:00+05:30,74.6,128.0,31.0,27.7,18000.0
2025-11-03 21:00:00+05:30,77.7,133.0,31.0,27.3,18700.0
2025-11-03 22:00:00+05:30,69.6,117.0,31.8,27.3,16900.0
2025-11-03 23:00:00+05:30,76.9,127.0,32.2,27.1,18500.0
2025-11-04 00:00:00+05:30,97.1,160.0,34.6,26.7,23200.0
2025-11-04 01:00:00+05:30,89.1,145.0,33.8,26.3,21300.0
2025-11-04 02:00:00+05:30,77.3,126.0,31.6,26.2,18600.0
2025-11-04 03:00:00+05:30,78.9,127.0,30.8,26.0,18900.0
2025-11-04 04:00:00+05:30,77.0,123.0,31.4,26.0,18500.0
2025-11-04 05:00:00+05:30,91.9,149.0,34.9,25.9,21900.0
2025-11-04 06:00:00+05:30,80.5,131.0,32.6,26.1,19200.0
2025-11-04 07:00:00+05:30,82.3,137.0,30.1,26.0,19700.0
2025-11-04 08:00:00+05:30,84.7,142.0,30.7,26.0,20300.0
2025-11-04 09:00:00+05:30,65.8,109.0,29.9,26.0,16000.0
2025-11-04 10:00:00+05:30,87.9,146.0,32.1,25.6,21100.0
2025-11-04 11:00:00+05:30,73.0,121.0,33.7,25.9,17700.0
2025-11-04 12:00:00+05:30,74.8,125.0,37.5,26.6,18100.0
2025-11-04 13:00:00+05:30,79.6,132.0,38.4,27.5,19100.0
2025-11-04 14:00:00+05:30,58.6,97.1,36.9,28.8,14400.0
2025-11-04 15:00:00+05:30,43.4,72.3,32.5,30.8,10800.0
2025-11-04 16:00:00+05:30,32.4,52.1,31.0,31.2,7560.0
2025-11-04 17:00:00+05:30,27.5,44.5,29.6,31.3,5780.0
2025-11-04 18:00:00+05:30,26.9,43.7,28.1,30.5,5570.0
2025-11-04 19:00:00+05:30,38.1,63.4,31.0,29.0,9320.0
2025-11-04 20:00:00+05:30,57.3,95.6,33.2,28.2,14100.0
2025-11-04 21:00:00+05:30,58.1,95.8,37.8,27.7,14300.0
2025-11-04 22:00:00+05:30,57.5,94.1,42.7,27.1,14200.0
2025-11-04 23:00:00+05:30,55.8,90.6,44.4,26.8,13800.0
2025-11-05 00:00:00+05:30,59.6,95.3,45.0,26.6,14600.0
2025-11-05 01:00:00+05:30,61.7,98.2,45.1,26.7,15100.0
2025-11-05 02:00:00+05:30,70.7,113.0,45.4,26.7,17200.0
2025-11-05 03:00:00+05:30,101.0,167.0,46.2,26.0,24000.0
2025-11-05 04:00:00+05:30,94.2,155.0,46.8,25.7,22500.0
2025-11-05 05:00:00+05:30,104.0,177.0,47.3,25.6,24900.0
2025-11-05 06:00:00+05:30,101.0,172.0,47.9,25.3,24200.0
2025-11-05 07:00:00+05:30,89.0,150.0,48.2,25.2,21400.0
2025-11-05 08:00:00+05:30,87.1,149.0,48.7,25.0,21000.0
2025-11-05 09:00:00+05:30,90.3,151.0,48.2,25.1,21600.0
2025-11-05 10:00:00+05:30,87.9,145.0,48.3,25.6,21000.0
2025-11-05 11:00:00+05:30,69.7,116.0,47.7,26.3,16900.0
2025-11-05 12:00:00+05:30,60.6,101.0,46.2,26.9,14700.0
2025-11-05 14:00:00+05:30,54.6,89.4,41.3,28.6,13400.0
2025-11-05 15:00:00+05:30,51.2,81.9,38.0,30.2,12500.0
2025-11-05 16:00:00+05:30,42.3,68.0,35.5,30.9,10500.0
2025-11-05 17:00:00+05:30,36.4,58.1,35.1,30.4,9010.0
2025-11-05 18:00:00+05:30,38.1,61.0,37.1,28.7,9450.0
2025-11-05 19:00:00+05:30,48.5,77.3,39.5,28.0,11900.0
2025-11-05 20:00:00+05:30,62.7,100.0,37.9,27.9,15200.0
2025-11-05 21:00:00+05:30,131.0,223.0,37.8,27.5,31000.0
2025-11-05 22:00:00+05:30,85.1,142.0,36.6,27.1,20500.0
2025-11-05 23:00:00+05:30,101.0,167.0,34.6,26.6,23900.0
2025-11-06 00:00:00+05:30,119.0,194.0,32.5,26.1,27900.0
2025-11-06 01:00:00+05:30,147.0,247.0,32.7,25.7,34000.0
2025-11-06 02:00:00+05:30,147.0,244.0,32.4,25.3,34000.0
2025-11-06 03:00:00+05:30,121.0,199.0,30.5,25.0,28200.0
2025-11-06 04:00:00+05:30,121.0,204.0,30.8,24.4,28500.0
2025-11-06 05:00:00+05:30,100.0,168.0,30.8,24.2,23700.0
2025-11-06 06:00:00+05:30,116.0,197.0,31.2,23.4,27300.0
2025-11-06 07:00:00+05:30,135.0,236.0,30.9,22.6,31600.0
2025-11-06 08:00:00+05:30,147.0,266.0,31.2,22.0,34500.0
2025-11-06 09:00:00+05:30,167.0,321.0,31.5,22.5,39300.0
2025-11-06 10:00:00+05:30,169.0,328.0,32.3,22.8,39700.0
2025-11-06 11:00:00+05:30,92.0,164.0,29.1,24.3,22000.0
2025-11-06 12:00:00+05:30,58.2,99.1,26.2,25.6,14100.0
2025-11-06 13:00:00+05:30,65.4,110.0,25.6,25.9,15800.0
2025-11-06 14:00:00+05:30,57.6,95.5,23.8,27.0,14000.0
2025-11-06 15:00:00+05:30,59.2,97.2,21.9,28.4,14300.0
2025-11-06 16:00:00+05:30,56.1,91.9,21.1,28.8,13600.0
2025-11-06 17:00:00+05:30,48.6,79.3,20.7,29.0,11800.0
2025-11-06 18:00:00+05:30,43.7,70.9,21.0,28.2,10700.0
2025-11-06 19:00:00+05:30,48.4,77.6,22.4,26.0,11900.0
2025-11-06 20:00:00+05:30,60.3,95.9,24.7,25.3,14600.0
2025-11-06 21:00:00+05:30,80.6,129.0,27.1,25.0,19300.0
2025-11-06 22:00:00+05:30,77.3,123.0,28.9,24.8,18600.0
2025-11-06 23:00:00+05:30,78.1,124.0,29.6,24.7,18800.0
2025-11-07 00:00:00+05:30,95.9,154.0,29.2,24.6,22800.0
2025-11-07 01:00:00+05:30,186.0,336.0,29.2,24.0,42600.0
2025-11-07 02:00:00+05:30,206.0,381.0,30.4,23.8,47200.0
2025-11-07 03:00:00+05:30,214.0,401.0,30.8,23.4,48800.0
2025-11-07 04:00:00+05:30,222.0,430.0,32.1,22.6,50900.0
2025-11-07 05:00:00+05:30,236.0,490.0,31.7,22.6,54500.0
2025-11-07 06:00:00+05:30,237.0,506.0,32.7,21.5,55200.0
2025-11-07 07:00:00+05:30,231.0,502.0,32.1,21.1,54300.0
2025-11-07 08:00:00+05:30,221.0,470.0,32.9,20.6,51900.0
2025-11-07 09:00:00+05:30,210.0,429.0,33.8,21.0,49000.0
2025-11-07 10:00:00+05:30,190.0,366.0,33.2,21.7,44400.0
2025-11-07 11:00:00+05:30,157.0,284.0,31.2,22.7,36600.0
2025-11-07 12:00:00+05:30,100.0,164.0,26.3,24.4,23700.0
2025-11-07 13:00:00+05:30,96.9,159.0,25.3,25.4,23000.0
2025-11-07 14:00:00+05:30,108.0,180.0,25.2,26.6,25500.0
2025-11-07 15:00:00+05:30,96.3,158.0,23.4,27.8,22800.0
2025-11-07 16:00:00+05:30,79.9,128.0,21.7,28.7,19100.0
2025-11-07 17:00:00+05:30,71.4,113.0,21.3,28.8,17100.0
2025-11-07 18:00:00+05:30,70.6,112.0,21.7,27.6,17000.0
2025-11-07 19:00:00+05:30,70.4,111.0,23.9,26.4,16900.0
2025-11-07 20:00:00+05:30,87.1,138.0,25.1,25.7,20800.0
2025-11-07 21:00:00+05:30,82.4,130.0,26.1,25.4,19700.0
2025-11-07 22:00:00+05:30,85.6,135.0,27.5,25.2,20400.0
2025-11-07 23:00:00+05:30,120.0,192.0,28.5,24.7,28200.0
2025-11-08 00:00:00+05:30,135.0,218.0,29.3,24.1,31500.0
2025-11-08 01:00:00+05:30,138.0,224.0,30.1,23.6,32000.0
2025-11-08 02:00:00+05:30,144.0,239.0,30.2,23.4,33400.0
2025-11-08 03:00:00+05:30,187.0,336.0,30.2,23.0,42900.0
2025-11-08 04:00:00+05:30,191.0,350.0,29.2,23.0,44000.0
2025-11-08 05:00:00+05:30,213.0,419.0,28.1,22.7,49200.0
2025-11-08 06:00:00+05:30,237.0,503.0,28.9,22.0,55000.0
2025-11-08 07:00:00+05:30,230.0,490.0,30.9,21.5,53700.0
2025-11-08 08:00:00+05:30,234.0,512.0,31.0,21.4,54900.0
2025-11-08 09:00:00+05:30,243.0,561.0,31.4,21.3,57700.0
2025-11-08 10:00:00+05:30,242.0,587.0,32.0,22.0,58200.0
2025-11-08 11:00:00+05:30,242.0,611.0,30.1,23.4,58900.0
2025-11-08 12:00:00+05:30,166.0,332.0,24.1,24.6,39300.0
2025-11-08 13:00:00+05:30,129.0,240.0,21.8,25.1,30500.0
2025-11-08 14:00:00+05:30,114.0,204.0,20.5,26.3,27100.0
2025-11-08 15:00:00+05:30,114.0,203.0,20.5,27.5,27100.0
2025-11-08 16:00:00+05:30,120.0,214.0,20.8,28.0,28400.0
2025-11-08 17:00:00+05:30,125.0,225.0,20.9,27.4,29400.0
2025-11-08 18:00:00+05:30,125.0,227.0,22.4,26.6,29400.0
2025-11-08 19:00:00+05:30,129.0,231.0,24.3,25.3,30500.0
2025-11-08 20:00:00+05:30,124.0,214.0,25.9,24.9,29300.0
2025-11-08 21:00:00+05:30,116.0,200.0,26.7,24.7,27600.0
2025-11-08 22:00:00+05:30,114.0,193.0,27.5,24.6,26900.0
2025-11-08 23:00:00+05:30,118.0,200.0,28.2,24.4,27900.0
2025-11-09 00:00:00+05:30,120.0,202.0,28.5,24.0,28400.0
2025-11-09 01:00:00+05:30,120.0,199.0,28.3,23.8,28200.0
2025-11-09 02:00:00+05:30,133.0,225.0,28.0,23.7,31200.0
2025-11-09 03:00:00+05:30,156.0,268.0,28.4,23.2,36100.0
2025-11-09 04:00:00+05:30,169.0,299.0,28.7,23.1,39100.0
2025-11-09 05:00:00+05:30,184.0,341.0,29.2,22.8,42600.0
2025-11-09 06:00:00+05:30,200.0,385.0,30.6,22.1,46200.0
2025-11-09 07:00:00+05:30,219.0,444.0,32.1,21.5,50800.0
2025-11-09 08:00:00+05:30,226.0,472.0,33.3,21.0,52600.0
2025-11-09 09:00:00+05:30,225.0,485.0,33.9,20.6,52800.0
2025-11-09 10:00:00+05:30,215.0,457.0,33.9,21.4,50600.0
2025-11-09 11:00:00+05:30,189.0,382.0,32.9,22.5,44500.0
2025-11-09 12:00:00+05:30,154.0,287.0,29.4,24.0,36200.0
2025-11-09 13:00:00+05:30,113.0,197.0,27.1,25.1,26800.0
2025-11-09 14:00:00+05:30,87.2,148.0,26.3,26.8,20800.0
2025-11-09 15:00:00+05:30,107.0,184.0,25.8,27.6,25400.0
2025-11-09 16:00:00+05:30,77.1,128.0,24.4,27.9,18400.0
2025-11-09 17:00:00+05:30,60.6,97.9,22.5,28.6,14600.0
2025-11-09 18:00:00+05:30,68.3,109.0,23.4,27.3,16500.0
2025-11-09 19:00:00+05:30,82.7,132.0,25.5,25.9,19700.0
2025-11-09 20:00:00+05:30,104.0,168.0,28.0,25.1,24600.0
2025-11-09 21:00:00+05:30,116.0,190.0,28.5,25.1,27400.0
2025-11-09 22:00:00+05:30,120.0,197.0,29.7,24.9,28100.0
2025-11-09 23:00:00+05:30,143.0,242.0,30.6,24.4,33400.0
2025-11-10 00:00:00+05:30,140.0,238.0,31.1,24.1,32700.0
2025-11-10 01:00:00+05:30,149.0,257.0,31.4,23.9,34800.0
2025-11-10 02:00:00+05:30,146.0,253.0,31.5,23.6,34000.0
2025-11-10 03:00:00+05:30,143.0,250.0,31.4,23.5,33500.0
2025-11-10 04:00:00+05:30,190.0,357.0,31.6,22.7,44000.0
2025-11-10 05:00:00+05:30,198.0,389.0,33.2,22.1,46200.0
2025-11-10 06:00:00+05:30,203.0,398.0,33.6,22.2,47100.0
2025-11-10 07:00:00+05:30,215.0,428.0,34.1,22.0,49800.0
2025-11-10 08:00:00+05:30,232.0,490.0,34.3,21.5,54100.0
2025-11-10 09:00:00+05:30,228.0,493.0,35.2,21.1,53500.0
2025-11-10 10:00:00+05:30,214.0,459.0,36.7,21.4,50500.0
2025-11-10 11:00:00+05:30,201.0,428.0,35.6,22.6,47700.0
2025-11-10 12:00:00+05:30,177.0,361.0,32.1,24.2,41900.0
2025-11-10 13:00:00+05:30,109.0,190.0,26.1,25.3,25800.0
2025-11-10 14:00:00+05:30,115.0,201.0,23.5,26.5,27200.0
2025-11-10 15:00:00+05:30,120.0,212.0,21.6,27.5,28500.0
2025-11-10 16:00:00+05:30,117.0,207.0,21.9,28.1,27800.0
2025-11-10 17:00:00+05:30,117.0,204.0,22.8,28.1,27600.0
2025-11-10 18:00:00+05:30,134.0,237.0,23.3,26.6,31400.0
2025-11-10 19:00:00+05:30,157.0,289.0,27.2,25.4,36800.0
2025-11-10 20:00:00+05:30,175.0,337.0,30.8,24.7,41100.0
2025-11-10 21:00:00+05:30,180.0,355.0,31.9,24.4,42400.0
2025-11-10 22:00:00+05:30,191.0,379.0,33.4,24.2,44900.0
2025-11-10 23:00:00+05:30,180.0,358.0,34.0,24.2,42400.0
2025-11-11 00:00:00+05:30,174.0,346.0,34.4,24.1,41200.0
2025-11-11 01:00:00+05:30,182.0,372.0,33.9,23.8,43200.0
2025-11-11 02:00:00+05:30,190.0,401.0,33.6,23.4,45400.0
2025-11-11 03:00:00+05:30,195.0,427.0,33.4,23.0,46800.0
2025-11-11 04:00:00+05:30,210.0,468.0,33.7,22.6,50100.0
2025-11-11 05:00:00+05:30,205.0,470.0,34.9,22.2,49400.0
2025-11-11 06:00:00+05:30,211.0,507.0,36.9,21.4,51500.0
2025-11-11 07:00:00+05:30,212.0,520.0,38.1,20.9,52100.0
2025-11-11 08:00:00+05:30,212.0,517.0,38.8,20.8,52000.0
2025-11-11 09:00:00+05:30,212.0,514.0,40.0,20.5,51900.0
2025-11-11 10:00:00+05:30,206.0,491.0,39.5,21.1,50400.0
2025-11-11 11:00:00+05:30,190.0,437.0,37.6,22.2,46400.0
2025-11-11 12:00:00+05:30,174.0,376.0,34.4,23.4,41900.0
2025-11-11 13:00:00+05:30,147.0,298.0,31.4,24.6,35300.0
2025-11-11 14:00:00+05:30,127.0,234.0,26.8,26.2,30200.0
2025-11-11 15:00:00+05:30,129.0,237.0,25.9,27.0,30600.0
2025-11-11 16:00:00+05:30,109.0,189.0,23.9,27.9,25800.0
2025-11-11 17:00:00+05:30,96.9,164.0,22.3,27.8,23000.0
2025-11-11 18:00:00+05:30,106.0,179.0,23.6,26.6,25100.0
2025-11-11 19:00:00+05:30,117.0,198.0,25.0,25.4,27600.0
2025-11-11 20:00:00+05:30,131.0,225.0,26.7,25.0,30700.0
2025-11-11 21:00:00+05:30,124.0,211.0,28.6,24.8,29400.0
2025-11-11 22:00:00+05:30,141.0,245.0,28.7,24.3,33100.0
2025-11-11 23:00:00+05:30,159.0,286.0,30.5,23.9,37200.0
2025-11-12 00:00:00+05:30,176.0,328.0,32.0,23.5,41200.0
2025-11-12 01:00:00+05:30,199.0,395.0,32.1,23.5,46600.0
2025-11-12 02:00:00+05:30,214.0,442.0,30.9,23.3,50100.0
2025-11-12 03:00:00+05:30,206.0,424.0,30.2,23.2,48500.0
2025-11-12 04:00:00+05:30,205.0,416.0,30.7,22.7,48100.0
2025-11-12 05:00:00+05:30,209.0,433.0,31.7,22.2,49200.0
2025-11-12 06:00:00+05:30,213.0,457.0,33.5,21.6,50500.0
2025-11-12 07:00:00+05:30,212.0,477.0,35.2,21.2,50800.0
2025-11-12 08:00:00+05:30,217.0,503.0,36.1,20.7,52200.0
2025-11-12 09:00:00+05:30,219.0,519.0,37.0,20.4,53100.0
2025-11-12 10:00:00+05:30,209.0,488.0,36.9,21.1,50700.0
2025-11-12 11:00:00+05:30,194.0,427.0,34.5,22.3,46500.0
2025-11-12 12:00:00+05:30,185.0,395.0,32.7,23.3,44300.0
2025-11-12 19:00:00+05:30,124.0,223.0,27.4,25.0,29400.0
2025-11-12 20:00:00+05:30,133.0,240.0,28.7,24.6,31500.0
2025-11-12 21:00:00+05:30,138.0,246.0,30.6,24.4,32600.0
2025-11-12 22:00:00+05:30,145.0,259.0,30.9,24.3,34300.0
2025-11-12 23:00:00+05:30,151.0,272.0,31.5,24.0,35500.0
2025-11-13 00:00:00+05:30,163.0,295.0,32.7,23.6,38200.0
2025-11-13 01:00:00+05:30,164.0,297.0,34.1,23.4,38400.0
2025-11-13 02:00:00+05:30,177.0,329.0,35.2,22.9,41500.0
2025-11-13 03:00:00+05:30,188.0,360.0,35.5,22.4,44000.0
2025-11-13 04:00:00+05:30,205.0,409.0,35.5,22.0,47800.0
2025-11-13 05:00:00+05:30,211.0,431.0,36.3,21.6,49400.0
2025-11-13 06:00:00+05:30,212.0,445.0,37.8,21.1,49900.0
2025-11-13 07:00:00+05:30,215.0,461.0,39.4,20.6,50800.0
2025-11-13 08:00:00+05:30,214.0,463.0,40.2,20.4,50800.0
2025-11-13 09:00:00+05:30,215.0,463.0,40.5,20.6,51000.0
2025-11-13 10:00:00+05:30,215.0,468.0,40.7,20.9,51100.0
2025-11-13 11:00:00+05:30,205.0,441.0,39.5,21.9,48600.0
2025-11-13 13:00:00+05:30,135.0,252.0,30.6,24.6,32000.0
2025-11-13 14:00:00+05:30,132.0,241.0,27.8,25.5,31300.0
2025-11-13 15:00:00+05:30,136.0,252.0,26.0,26.5,32200.0
2025-11-13 16:00:00+05:30,123.0,223.0,25.5,26.7,29100.0
2025-11-13 17:00:00+05:30,126.0,229.0,25.6,26.3,30000.0
2025-11-13 18:00:00+05:30,134.0,246.0,26.4,25.3,31900.0
2025-11-13 19:00:00+05:30,147.0,278.0,28.0,24.3,34900.0
2025-11-13 20:00:00+05:30,154.0,297.0,28.7,23.8,36500.0
2025-11-13 21:00:00+05:30,150.0,288.0,30.5,23.5,35800.0
2025-11-13 22:00:00+05:30,132.0,246.0,31.9,23.7,31300.0
2025-11-13 23:00:00+05:30,138.0,258.0,32.5,23.5,32800.0
2025-11-14 00:00:00+05:30,145.0,267.0,32.8,23.4,34300.0
2025-11-14 01:00:00+05:30,147.0,268.0,33.4,23.2,34900.0
2025-11-14 02:00:00+05:30,148.0,271.0,33.7,22.9,35000.0
2025-11-14 03:00:00+05:30,147.0,268.0,33.8,22.7,34700.0
2025-11-14 04:00:00+05:30,181.0,343.0,33.6,22.1,42200.0
2025-11-14 05:00:00+05:30,190.0,367.0,34.6,21.5,44200.0
2025-11-14 06:00:00+05:30,181.0,344.0,35.2,21.4,42200.0
2025-11-14 07:00:00+05:30,180.0,341.0,35.9,21.0,42200.0
2025-11-14 09:00:00+05:30,175.0,337.0,37.3,20.3,41200.0
2025-11-14 10:00:00+05:30,170.0,329.0,37.6,20.5,40000.0
2025-11-14 11:00:00+05:30,165.0,321.0,36.7,21.6,39000.0
2025-11-14 20:00:00+05:30,144.0,264.0,30.0,23.9,34100.0
2025-11-14 21:00:00+05:30,143.0,263.0,31.5,23.5,34000.0
2025-11-14 22:00:00+05:30,149.0,284.0,32.8,23.5,35500.0
2025-11-14 23:00:00+05:30,156.0,304.0,33.4,23.3,37200.0
2025-11-15 00:00:00+05:30,160.0,313.0,33.5,23.2,38100.0
2025-11-15 01:00:00+05:30,162.0,315.0,34.0,23.0,38400.0
2025-11-15 02:00:00+05:30,171.0,330.0,33.6,22.7,40300.0
2025-11-15 03:00:00+05:30,202.0,398.0,34.1,22.1,47200.0
2025-11-15 04:00:00+05:30,207.0,416.0,35.2,21.6,48400.0
2025-11-15 05:00:00+05:30,199.0,398.0,36.5,21.3,46700.0
2025-11-15 06:00:00+05:30,197.0,397.0,37.1,21.0,46300.0
2025-11-15 07:00:00+05:30,189.0,374.0,36.1,21.3,44400.0
2025-11-15 08:00:00+05:30,194.0,396.0,37.1,20.5,45800.0
2025-11-15 09:00:00+05:30,191.0,393.0,37.9,20.2,45200.0
2025-11-15 10:00:00+05:30,196.0,407.0,37.8,20.6,46400.0
2025-11-15 11:00:00+05:30,177.0,359.0,36.6,21.6,42000.0
2025-11-15 12:00:00+05:30,154.0,304.0,34.5,22.9,36700.0
2025-11-15 13:00:00+05:30,129.0,245.0,31.8,24.2,30900.0
2025-11-15 14:00:00+05:30,96.0,171.0,26.6,25.7,23100.0
2025-11-15 15:00:00+05:30,96.5,172.0,24.7,27.1,23200.0
2025-11-15 16:00:00+05:30,107.0,191.0,25.3,27.4,25400.0
2025-11-15 17:00:00+05:30,92.3,163.0,25.0,27.4,22100.0
2025-11-15 18:00:00+05:30,84.9,148.0,26.1,26.6,20300.0
2025-11-15 19:00:00+05:30,98.1,168.0,26.6,25.5,23400.0
2025-11-15 20:00:00+05:30,124.0,215.0,28.2,24.6,29500.0
2025-11-15 21:00:00+05:30,144.0,246.0,30.5,24.2,33700.0
2025-11-15 22:00:00+05:30,183.0,324.0,31.9,23.8,42100.0
2025-11-15 23:00:00+05:30,201.0,360.0,33.6,23.4,46000.0
2025-11-16 00:00:00+05:30,198.0,358.0,34.4,23.0,45600.0
2025-11-16 01:00:00+05:30,208.0,386.0,34.8,22.7,47800.0
2025-11-16 02:00:00+05:30,216.0,411.0,35.5,22.2,49700.0
2025-11-16 03:00:00+05:30,227.0,447.0,36.2,21.7,52200.0
2025-11-16 04:00:00+05:30,232.0,473.0,36.1,21.1,53600.0
2025-11-16 05:00:00+05:30,228.0,469.0,36.4,21.0,52900.0
2025-11-16 06:00:00+05:30,224.0,462.0,36.3,20.6,52000.0
2025-11-16 07:00:00+05:30,213.0,437.0,38.1,19.9,49800.0
2025-11-16 08:00:00+05:30,209.0,425.0,39.3,19.6,49000.0
2025-11-16 09:00:00+05:30,218.0,442.0,40.0,19.8,50700.0
2025-11-16 11:00:00+05:30,181.0,359.0,38.4,21.9,42500.0
2025-11-16 12:00:00+05:30,150.0,277.0,33.0,23.5,35300.0
2025-11-16 13:00:00+05:30,113.0,199.0,28.6,24.7,26700.0
2025-11-16 14:00:00+05:30,89.1,153.0,24.2,26.6,21300.0
2025-11-16 15:00:00+05:30,74.0,125.0,20.5,28.4,17800.0
2025-11-16 16:00:00+05:30,62.8,105.0,19.7,28.9,15200.0
2025-11-16 17:00:00+05:30,77.3,130.0,20.3,28.6,18500.0
2025-11-16 18:00:00+05:30,61.2,102.0,22.4,27.2,14900.0
2025-11-16 19:00:00+05:30,72.0,118.0,24.9,25.7,17400.0
2025-11-16 20:00:00+05:30,115.0,186.0,26.5,25.0,27200.0
2025-11-16 21:00:00+05:30,190.0,319.0,28.1,24.7,43200.0
2025-11-16 22:00:00+05:30,199.0,339.0,29.1,24.6,45300.0
2025-11-16 23:00:00+05:30,175.0,294.0,29.4,23.9,40300.0
2025-11-17 00:00:00+05:30,182.0,311.0,30.8,23.3,41700.0
2025-11-17 01:00:00+05:30,199.0,352.0,31.6,22.9,45600.0
2025-11-17 02:00:00+05:30,214.0,391.0,32.0,22.4,48800.0
2025-11-17 03:00:00+05:30,220.0,414.0,32.3,22.1,50300.0
2025-11-17 04:00:00+05:30,218.0,417.0,33.5,21.7,50000.0
2025-11-17 05:00:00+05:30,216.0,413.0,33.5,21.2,49500.0
2025-11-17 06:00:00+05:30,213.0,412.0,33.6,21.2,49100.0
2025-11-17 07:00:00+05:30,209.0,404.0,33.4,21.1,48300.0
2025-11-17 08:00:00+05:30,198.0,383.0,34.2,20.6,46000.0
2025-11-17 09:00:00+05:30,193.0,369.0,36.2,20.5,44900.0
2025-11-17 10:00:00+05:30,188.0,359.0,36.7,21.2,43800.0
2025-11-17 11:00:00+05:30,147.0,272.0,33.6,22.2,34600.0
2025-11-17 12:00:00+05:30,129.0,234.0,32.6,23.1,30500.0
2025-11-17 13:00:00+05:30,128.0,231.0,31.1,24.2,30300.0
2025-11-17 16:00:00+05:30,88.4,148.0,23.2,28.1,21100.0
2025-11-17 17:00:00+05:30,87.3,147.0,23.6,27.8,20900.0
2025-11-17 18:00:00+05:30,76.8,131.0,24.7,26.7,18400.0
2025-11-17 19:00:00+05:30,84.4,141.0,27.2,25.6,20200.0
2025-11-17 20:00:00+05:30,145.0,240.0,29.8,24.8,33800.0
2025-11-17 21:00:00+05:30,168.0,281.0,30.5,24.3,38700.0
2025-11-17 22:00:00+05:30,199.0,343.0,33.8,23.9,45400.0
2025-11-17 23:00:00+05:30,213.0,380.0,34.5,23.6,48400.0
2025-11-18 00:00:00+05:30,213.0,386.0,34.4,23.5,48500.0
2025-11-18 01:00:00+05:30,191.0,341.0,34.2,23.2,43900.0
2025-11-18 02:00:00+05:30,189.0,338.0,36.3,22.8,43500.0
2025-11-18 03:00:00+05:30,183.0,331.0,37.7,22.6,42300.0
2025-11-18 04:00:00+05:30,176.0,314.0,39.1,22.3,40900.0
2025-11-18 05:00:00+05:30,170.0,299.0,40.4,22.2,39500.0
2025-11-18 06:00:00+05:30,207.0,397.0,41.7,21.8,47800.0
2025-11-18 07:00:00+05:30,226.0,461.0,42.3,21.3,52500.0
2025-11-18 08:00:00+05:30,229.0,458.0,43.6,20.8,52800.0
2025-11-18 09:00:00+05:30,196.0,378.0,43.0,20.4,45600.0
2025-11-18 10:00:00+05:30,195.0,391.0,41.9,20.7,45800.0
2025-11-18 12:00:00+05:30,210.0,459.0,40.1,23.0,50000.0
2025-11-18 13:00:00+05:30,179.0,374.0,35.2,24.0,42800.0
2025-11-18 14:00:00+05:30,130.0,247.0,33.2,25.4,31000.0
2025-11-18 15:00:00+05:30,119.0,222.0,31.3,26.6,28500.0
2025-11-18 16:00:00+05:30,105.0,188.0,29.7,27.1,25000.0
2025-11-18 17:00:00+05:30,100.0,180.0,30.0,27.0,23900.0
2025-11-18 18:00:00+05:30,105.0,187.0,31.1,26.7,25100.0
2025-11-18 19:00:00+05:30,113.0,201.0,32.6,25.6,26900.0
2025-11-18 20:00:00+05:30,142.0,260.0,35.1,24.7,33600.0
2025-11-18 21:00:00+05:30,133.0,243.0,36.7,24.0,31600.0
2025-11-18 22:00:00+05:30,134.0,240.0,37.5,23.8,31800.0
2025-11-18 23:00:00+05:30,167.0,298.0,37.8,23.6,38800.0
2025-11-19 00:00:00+05:30,154.0,276.0,38.7,23.2,36300.0
2025-11-19 01:00:00+05:30,157.0,283.0,40.0,23.1,37000.0
2025-11-19 02:00:00+05:30,162.0,296.0,40.5,22.7,38000.0
2025-11-19 03:00:00+05:30,164.0,303.0,41.4,22.3,38600.0
2025-11-19 04:00:00+05:30,167.0,312.0,42.8,22.0,39400.0
2025-11-19 05:00:00+05:30,179.0,341.0,43.6,21.8,41900.0
2025-11-19 06:00:00+05:30,175.0,333.0,44.0,21.6,41200.0
2025-11-19 07:00:00+05:30,192.0,370.0,44.3,21.3,45000.0
2025-11-19 08:00:00+05:30,219.0,438.0,44.5,21.0,51000.0
2025-11-19 09:00:00+05:30,233.0,480.0,44.8,21.1,54100.0
2025-11-19 10:00:00+05:30,225.0,480.0,45.3,21.6,53000.0
2025-11-19 11:00:00+05:30,223.0,488.0,43.5,22.7,52800.0
2025-11-19 12:00:00+05:30,148.0,280.0,39.0,23.9,35000.0
2025-11-19 13:00:00+05:30,119.0,216.0,37.6,24.7,28300.0
2025-11-19 14:00:00+05:30,98.7,176.0,35.2,25.9,23600.0
2025-11-19 15:00:00+05:30,89.2,156.0,32.4,27.0,21400.0
2025-11-19 16:00:00+05:30,82.3,144.0,30.7,27.4,19800.0
2025-11-19 17:00:00+05:30,79.0,139.0,30.7,27.1,19000.0
2025-11-19 18:00:00+05:30,76.4,135.0,31.9,26.4,18500.0
2025-11-19 19:00:00+05:30,85.9,152.0,33.3,25.7,20600.0
2025-11-19 20:00:00+05:30,103.0,179.0,34.1,25.0,24600.0
2025-11-19 21:00:00+05:30,121.0,205.0,35.4,24.6,28600.0
2025-11-19 22:00:00+05:30,132.0,228.0,36.2,24.4,31200.0
2025-11-19 23:00:00+05:30,128.0,224.0,36.5,24.1,30400.0
2025-11-20 00:00:00+05:30,133.0,241.0,36.1,23.7,31600.0
2025-11-20 01:00:00+05:30,145.0,269.0,36.3,23.6,34400.0
2025-11-20 02:00:00+05:30,161.0,296.0,39.4,23.2,37900.0
2025-11-20 03:00:00+05:30,171.0,319.0,40.2,23.0,40000.0
2025-11-20 04:00:00+05:30,160.0,303.0,40.4,22.9,37900.0
2025-11-20 05:00:00+05:30,174.0,330.0,44.3,22.4,40900.0
2025-11-20 06:00:00+05:30,175.0,336.0,45.6,22.1,41200.0
2025-11-20 07:00:00+05:30,165.0,320.0,43.1,22.0,39000.0
2025-11-20 08:00:00+05:30,149.0,292.0,40.8,21.7,35700.0
2025-11-20 09:00:00+05:30,146.0,286.0,40.6,21.6,35100.0
2025-11-20 10:00:00+05:30,156.0,307.0,41.3,22.2,37300.0
2025-11-20 11:00:00+05:30,169.0,343.0,40.8,23.0,40400.0
2025-11-20 12:00:00+05:30,160.0,328.0,39.9,23.9,38400.0
2025-11-20 13:00:00+05:30,128.0,252.0,35.9,25.0,30900.0
2025-11-20 14:00:00+05:30,100.0,185.0,33.0,26.3,24200.0
2025-11-20 15:00:00+05:30,92.8,170.0,31.3,27.2,22400.0
2025-11-20 16:00:00+05:30,80.8,146.0,30.4,27.6,19500.0
2025-11-20 17:00:00+05:30,76.3,136.0,30.5,27.5,18400.0
2025-11-20 18:00:00+05:30,91.2,163.0,32.2,26.4,21900.0
2025-11-20 19:00:00+05:30,95.0,171.0,34.0,25.4,22800.0
2025-11-20 20:00:00+05:30,108.0,192.0,34.7,25.1,26000.0
2025-11-20 21:00:00+05:30,90.5,160.0,34.6,24.8,21800.0
2025-11-20 22:00:00+05:30,164.0,288.0,37.5,24.5,38100.0
2025-11-20 23:00:00+05:30,170.0,297.0,38.4,24.1,39400.0
2025-11-21 00:00:00+05:30,223.0,430.0,41.5,23.8,51100.0
2025-11-21 01:00:00+05:30,215.0,407.0,42.9,23.3,49500.0
2025-11-21 02:00:00+05:30,199.0,373.0,43.1,23.0,46100.0
2025-11-21 03:00:00+05:30,197.0,375.0,43.9,22.7,45900.0
2025-11-21 04:00:00+05:30,208.0,400.0,45.2,22.4,48000.0
2025-11-21 05:00:00+05:30,193.0,368.0,45.2,22.2,44900.0
2025-11-21 06:00:00+05:30,169.0,321.0,44.5,22.1,39800.0
2025-11-21 07:00:00+05:30,154.0,296.0,43.3,22.0,36600.0
2025-11-21 08:00:00+05:30,159.0,301.0,44.7,21.9,37700.0
2025-11-21 09:00:00+05:30,165.0,311.0,44.8,22.0,39000.0
2025-11-21 10:00:00+05:30,170.0,322.0,43.5,22.5,39900.0
2025-11-21 11:00:00+05:30,121.0,227.0,41.5,23.4,29000.0
2025-11-21 12:00:00+05:30,88.0,163.0,40.2,24.3,21400.0
2025-11-21 13:00:00+05:30,89.7,165.0,38.9,24.8,21700.0
2025-11-21 14:00:00+05:30,87.8,160.0,36.7,26.0,21200.0
2025-11-21 15:00:00+05:30,90.1,163.0,33.9,27.3,21700.0
2025-11-21 16:00:00+05:30,81.2,147.0,32.2,27.7,19600.0
2025-11-21 17:00:00+05:30,79.7,145.0,32.5,27.4,19300.0
2025-11-21 18:00:00+05:30,76.6,139.0,34.3,26.5,18600.0
2025-11-21 19:00:00+05:30,81.0,146.0,36.8,25.6,19600.0
2025-11-21 20:00:00+05:30,104.0,186.0,38.5,25.1,24900.0
2025-11-21 21:00:00+05:30,114.0,207.0,39.5,24.8,27400.0
2025-11-21 22:00:00+05:30,103.0,187.0,39.3,24.5,24900.0
2025-11-21 23:00:00+05:30,140.0,250.0,40.8,24.3,33100.0
2025-11-22 00:00:00+05:30,185.0,334.0,43.3,23.8,42900.0
2025-11-22 01:00:00+05:30,179.0,330.0,44.1,23.4,41800.0
2025-11-22 02:00:00+05:30,190.0,351.0,46.1,23.1,44100.0
2025-11-22 03:00:00+05:30,195.0,368.0,47.1,22.7,45200.0
2025-11-22 04:00:00+05:30,189.0,357.0,47.3,22.6,44000.0
2025-11-22 05:00:00+05:30,173.0,329.0,47.3,22.4,40800.0
2025-11-22 06:00:00+05:30,188.0,364.0,48.7,22.1,44100.0
2025-11-22 07:00:00+05:30,168.0,323.0,49.2,21.9,39700.0
2025-11-22 08:00:00+05:30,164.0,320.0,49.2,21.7,39000.0
2025-11-22 09:00:00+05:30,165.0,322.0,49.1,21.7,39200.0
2025-11-22 10:00:00+05:30,206.0,416.0,50.1,21.8,48300.0
2025-11-22 11:00:00+05:30,201.0,421.0,49.0,22.5,47800.0
2025-11-22 12:00:00+05:30,207.0,449.0,46.3,23.5,49200.0
2025-11-22 13:00:00+05:30,160.0,335.0,41.0,24.3,38500.0
2025-11-22 14:00:00+05:30,115.0,225.0,34.5,25.3,27900.0
2025-11-22 15:00:00+05:30,78.1,144.0,28.2,26.8,19000.0
2025-11-22 16:00:00+05:30,66.0,119.0,25.0,28.0,16200.0
2025-11-22 17:00:00+05:30,78.9,145.0,26.5,27.5,19200.0
2025-11-22 18:00:00+05:30,87.3,163.0,30.3,26.2,21200.0
2025-11-22 19:00:00+05:30,93.9,174.0,33.1,25.2,22700.0
2025-11-22 20:00:00+05:30,102.0,187.0,32.1,24.8,24600.0
2025-11-22 21:00:00+05:30,92.8,161.0,31.1,24.6,22400.0
2025-11-22 22:00:00+05:30,181.0,329.0,34.4,24.3,41700.0
2025-11-22 23:00:00+05:30,218.0,407.0,36.6,24.0,49900.0
2025-11-23 00:00:00+05:30,223.0,422.0,39.6,23.4,51100.0
2025-11-23 01:00:00+05:30,214.0,408.0,40.5,23.1,49400.0
2025-11-23 02:00:00+05:30,211.0,404.0,41.4,22.6,48800.0
2025-11-23 03:00:00+05:30,209.0,406.0,42.5,22.2,48500.0
2025-11-23 04:00:00+05:30,186.0,361.0,40.6,22.0,43700.0
2025-11-23 05:00:00+05:30,194.0,376.0,41.5,21.8,45300.0
2025-11-23 06:00:00+05:30,206.0,405.0,44.5,21.4,47900.0
2025-11-23 07:00:00+05:30,206.0,405.0,45.4,21.4,47900.0
2025-11-23 08:00:00+05:30,207.0,400.0,45.7,21.3,48100.0
2025-11-23 09:00:00+05:30,218.0,426.0,44.2,21.4,50500.0
2025-11-23 10:00:00+05:30,239.0,488.0,43.5,21.6,55200.0
2025-11-23 11:00:00+05:30,227.0,488.0,44.6,22.2,53500.0
2025-11-23 12:00:00+05:30,206.0,443.0,40.6,23.2,48900.0
2025-11-23 13:00:00+05:30,175.0,364.0,36.5,24.2,41800.0
2025-11-23 14:00:00+05:30,122.0,237.0,32.0,25.3,29600.0
2025-11-23 15:00:00+05:30,98.1,185.0,29.7,26.2,23900.0
2025-11-23 16:00:00+05:30,67.7,122.0,26.9,26.8,16600.0
2025-11-23 20:00:00+05:30,119.0,210.0,32.7,24.3,28500.0
2025-11-23 21:00:00+05:30,188.0,326.0,35.1,24.0,43200.0
2025-11-23 22:00:00+05:30,212.0,397.0,36.2,23.8,48600.0
2025-11-23 23:00:00+05:30,224.0,429.0,38.5,23.4,51400.0
2025-11-24 00:00:00+05:30,219.0,424.0,40.9,22.8,50600.0
2025-11-24 01:00:00+05:30,218.0,429.0,41.6,22.5,50400.0
2025-11-24 02:00:00+05:30,217.0,433.0,41.7,22.3,50400.0
2025-11-24 03:00:00+05:30,216.0,442.0,42.5,22.0,50500.0
2025-11-24 04:00:00+05:30,209.0,420.0,43.8,21.7,48800.0
2025-11-24 05:00:00+05:30,188.0,363.0,44.3,21.6,44100.0
2025-11-24 06:00:00+05:30,178.0,337.0,43.8,21.4,41800.0
2025-11-24 07:00:00+05:30,170.0,312.0,43.3,21.0,39900.0
2025-11-24 08:00:00+05:30,170.0,314.0,43.3,20.8,39900.0
2025-11-24 09:00:00+05:30,231.0,457.0,44.0,20.5,53000.0
2025-11-24 11:00:00+05:30,200.0,404.0,44.2,21.5,46900.0
2025-11-24 12:00:00+05:30,154.0,301.0,41.3,22.9,36600.0
2025-11-24 13:00:00+05:30,153.0,301.0,39.2,23.8,36500.0
2025-11-24 14:00:00+05:30,135.0,258.0,36.0,24.8,32300.0
2025-11-24 15:00:00+05:30,94.2,172.0,31.1,26.4,22700.0
2025-11-24 16:00:00+05:30,74.8,133.0,26.7,27.1,18200.0
2025-11-24 17:00:00+05:30,74.6,131.0,26.0,26.9,18100.0
2025-11-24 18:00:00+05:30,80.5,142.0,29.5,25.7,19500.0
2025-11-24 19:00:00+05:30,87.8,153.0,32.0,24.8,21200.0
2025-11-24 20:00:00+05:30,150.0,254.0,33.9,24.0,35000.0
2025-11-24 21:00:00+05:30,114.0,197.0,32.3,23.7,27300.0
2025-11-24 22:00:00+05:30,173.0,305.0,33.6,23.7,39900.0
2025-11-24 23:00:00+05:30,232.0,428.0,37.7,23.0,52500.0
2025-11-25 00:00:00+05:30,213.0,387.0,39.2,22.6,48600.0
2025-11-25 01:00:00+05:30,216.0,403.0,40.5,22.3,49600.0
2025-11-25 02:00:00+05:30,215.0,404.0,40.7,22.0,49300.0
2025-11-25 03:00:00+05:30,199.0,366.0,40.1,21.7,45700.0
2025-11-25 04:00:00+05:30,181.0,325.0,41.2,21.5,42000.0
2025-11-25 05:00:00+05:30,186.0,337.0,41.9,21.2,42900.0
2025-11-25 06:00:00+05:30,187.0,355.0,41.3,20.8,43700.0
2025-11-25 07:00:00+05:30,186.0,335.0,41.6,20.5,43000.0
2025-11-25 08:00:00+05:30,180.0,326.0,42.4,20.0,41700.0
2025-11-25 09:00:00+05:30,171.0,322.0,42.6,20.1,40200.0
2025-11-25 10:00:00+05:30,180.0,351.0,42.4,20.3,42400.0
2025-11-25 11:00:00+05:30,163.0,316.0,41.9,21.2,38500.0
2025-11-25 12:00:00+05:30,146.0,284.0,40.0,22.4,34800.0
2025-11-25 13:00:00+05:30,103.0,190.0,35.3,23.1,24900.0
2025-11-25 14:00:00+05:30,80.0,143.0,30.6,24.6,19400.0
2025-11-25 15:00:00+05:30,76.8,134.0,27.5,26.3,18600.0
2025-11-25 16:00:00+05:30,65.8,114.0,26.1,26.5,16100.0
2025-11-25 17:00:00+05:30,59.3,103.0,25.2,26.6,14500.0
2025-11-25 18:00:00+05:30,64.3,112.0,27.5,25.0,15700.0
2025-11-25 19:00:00+05:30,92.9,157.0,29.2,23.9,22300.0
2025-11-25 20:00:00+05:30,138.0,229.0,31.6,23.4,32300.0
2025-11-25 21:00:00+05:30,124.0,210.0,32.3,23.1,29500.0
2025-11-25 22:00:00+05:30,138.0,232.0,33.7,22.6,32400.0
2025-11-25 23:00:00+05:30,159.0,271.0,35.2,22.7,37100.0
2025-11-26 00:00:00+05:30,164.0,282.0,35.6,22.6,38100.0
2025-11-26 01:00:00+05:30,154.0,266.0,36.3,22.0,36000.0
2025-11-26 02:00:00+05:30,148.0,256.0,36.4,21.8,34700.0
2025-11-26 03:00:00+05:30,159.0,285.0,36.7,21.4,37400.0
2025-11-26 04:00:00+05:30,143.0,250.0,36.8,21.2,33700.0
2025-11-26 05:00:00+05:30,144.0,256.0,36.8,20.9,33900.0
2025-11-26 06:00:00+05:30,166.0,310.0,37.7,20.3,38900.0
2025-11-26 07:00:00+05:30,154.0,280.0,38.5,20.1,36300.0
2025-11-26 08:00:00+05:30,148.0,272.0,39.7,20.0,35200.0
2025-11-26 09:00:00+05:30,156.0,282.0,39.1,20.0,36700.0
2025-11-26 10:00:00+05:30,149.0,274.0,39.3,19.8,35200.0
2025-11-26 11:00:00+05:30,146.0,269.0,39.0,20.9,34500.0
2025-11-26 12:00:00+05:30,120.0,219.0,36.6,22.5,28600.0
2025-11-26 13:00:00+05:30,96.1,172.0,32.5,23.3,23100.0
2025-11-26 14:00:00+05:30,89.6,158.0,29.2,24.7,21500.0
2025-11-26 15:00:00+05:30,78.5,135.0,26.0,26.1,18900.0
2025-11-26 16:00:00+05:30,77.1,134.0,25.5,26.5,18600.0
2025-11-26 17:00:00+05:30,66.1,115.0,25.4,26.5,16100.0
2025-11-26 18:00:00+05:30,60.7,105.0,26.7,25.6,14900.0
2025-11-26 19:00:00+05:30,81.9,135.0,29.3,24.3,19700.0
2025-11-26 20:00:00+05:30,206.0,347.0,30.3,23.4,46500.0
2025-11-26 21:00:00+05:30,219.0,384.0,30.9,23.1,49400.0
2025-11-26 22:00:00+05:30,244.0,449.0,32.1,23.2,54800.0
2025-11-26 23:00:00+05:30,227.0,406.0,34.1,23.1,51200.0
2025-11-27 00:00:00+05:30,223.0,405.0,35.0,22.4,50500.0
2025-11-27 01:00:00+05:30,220.0,405.0,35.5,22.0,50100.0
2025-11-27 02:00:00+05:30,210.0,386.0,35.6,21.7,48100.0
2025-11-27 03:00:00+05:30,219.0,412.0,36.3,21.5,50100.0
2025-11-27 04:00:00+05:30,224.0,434.0,38.1,21.1,51400.0
2025-11-27 05:00:00+05:30,232.0,463.0,40.8,20.7,53400.0
2025-11-27 06:00:00+05:30,230.0,465.0,42.2,20.3,53300.0
2025-11-27 07:00:00+05:30,235.0,480.0,42.7,20.0,54300.0
2025-11-27 08:00:00+05:30,245.0,495.0,42.8,19.7,56100.0
2025-11-27 09:00:00+05:30,277.0,595.0,43.0,19.7,62600.0
2025-11-27 10:00:00+05:30,265.0,582.0,43.3,20.2,61100.0
2025-11-27 11:00:00+05:30,206.0,411.0,41.1,21.4,48000.0
2025-11-27 12:00:00+05:30,141.0,262.0,37.6,22.9,33400.0
2025-11-27 13:00:00+05:30,99.4,179.0,33.1,23.9,23800.0
2025-11-27 14:00:00+05:30,82.1,144.0,28.6,25.0,19800.0
2025-11-27 15:00:00+05:30,77.7,136.0,26.4,26.0,18800.0
2025-11-27 16:00:00+05:30,79.4,137.0,24.7,27.3,19200.0
2025-11-27 17:00:00+05:30,74.1,128.0,24.6,27.3,18100.0
2025-11-27 18:00:00+05:30,58.6,100.0,24.6,26.5,14400.0
2025-11-27 19:00:00+05:30,73.1,121.0,26.2,25.3,17700.0
2025-11-27 20:00:00+05:30,183.0,316.0,29.5,23.7,41500.0
2025-11-27 21:00:00+05:30,198.0,331.0,32.3,23.1,45000.0
2025-11-27 22:00:00+05:30,246.0,467.0,33.8,22.7,55300.0
2025-11-27 23:00:00+05:30,265.0,530.0,35.9,22.2,59800.0
2025-11-28 00:00:00+05:30,261.0,526.0,37.4,22.0,59100.0
2025-11-28 01:00:00+05:30,236.0,457.0,37.3,21.5,53800.0
2025-11-28 02:00:00+05:30,207.0,376.0,36.9,21.2,47300.0
2025-11-28 03:00:00+05:30,189.0,334.0,37.4,21.0,43300.0
2025-11-28 04:00:00+05:30,169.0,297.0,36.6,20.7,39200.0
2025-11-28 05:00:00+05:30,157.0,276.0,37.0,20.5,36700.0
2025-11-28 06:00:00+05:30,179.0,323.0,38.6,20.2,41300.0
2025-11-28 07:00:00+05:30,190.0,347.0,39.9,20.0,43900.0
2025-11-28 08:00:00+05:30,186.0,337.0,40.3,19.9,43000.0
2025-11-28 09:00:00+05:30,206.0,373.0,40.6,20.0,47000.0
2025-11-28 10:00:00+05:30,192.0,349.0,41.1,20.4,44300.0
2025-11-28 11:00:00+05:30,157.0,283.0,38.7,21.7,36800.0
2025-11-28 12:00:00+05:30,119.0,203.0,35.0,23.1,28000.0
2025-11-28 13:00:00+05:30,97.9,164.0,32.4,23.9,23200.0
2025-11-28 14:00:00+05:30,84.1,142.0,29.8,25.3,20200.0
2025-11-28 15:00:00+05:30,70.1,117.0,28.0,26.0,17000.0
2025-11-28 16:00:00+05:30,61.8,103.0,25.4,27.3,15100.0
2025-11-28 17:00:00+05:30,68.2,113.0,25.6,27.1,16600.0
2025-11-28 18:00:00+05:30,66.5,110.0,27.6,25.6,16100.0
2025-11-28 19:00:00+05:30,107.0,177.0,30.6,24.5,25200.0
2025-11-28 20:00:00+05:30,184.0,311.0,32.5,24.2,42100.0
2025-11-28 21:00:00+05:30,205.0,352.0,34.2,24.2,46400.0
2025-11-28 22:00:00+05:30,218.0,388.0,36.0,23.8,49400.0
2025-11-28 23:00:00+05:30,194.0,342.0,37.7,22.9,44500.0
2025-11-29 00:00:00+05:30,168.0,283.0,38.3,22.4,38800.0
2025-11-29 01:00:00+05:30,164.0,280.0,39.7,22.1,38000.0
2025-11-29 02:00:00+05:30,163.0,279.0,40.7,21.9,37800.0
2025-11-29 03:00:00+05:30,145.0,246.0,38.8,21.7,33800.0
2025-11-29 04:00:00+05:30,127.0,216.0,37.7,21.5,29900.0
2025-11-29 05:00:00+05:30,110.0,188.0,36.7,21.5,26100.0
2025-11-29 06:00:00+05:30,87.5,150.0,36.1,21.4,21000.0
2025-11-29 07:00:00+05:30,76.7,130.0,36.1,21.3,18500.0
2025-11-29 08:00:00+05:30,105.0,176.0,36.4,21.0,25100.0
2025-11-29 09:00:00+05:30,122.0,204.0,36.4,21.1,28800.0
2025-11-29 10:00:00+05:30,98.0,163.0,35.7,21.6,23400.0
2025-11-29 11:00:00+05:30,83.6,142.0,34.8,22.4,20100.0
2025-11-29 12:00:00+05:30,77.0,129.0,32.5,23.4,18600.0
2025-11-29 13:00:00+05:30,76.1,127.0,29.4,24.3,18300.0
2025-11-29 14:00:00+05:30,58.7,98.5,26.7,26.1,14400.0
2025-11-29 15:00:00+05:30,50.1,84.5,24.3,27.7,12400.0
2025-11-29 16:00:00+05:30,50.2,85.7,23.1,28.1,12500.0
2025-11-29 17:00:00+05:30,52.4,89.6,23.8,27.7,13000.0
2025-11-29 18:00:00+05:30,50.2,85.0,25.4,26.3,12400.0
2025-11-29 19:00:00+05:30,51.9,88.4,28.1,25.0,12900.0
2025-11-29 20:00:00+05:30,130.0,208.0,29.9,24.3,30300.0
2025-11-29 21:00:00+05:30,124.0,198.0,30.6,23.6,29100.0
2025-11-29 22:00:00+05:30,98.2,158.0,30.8,23.1,23400.0
2025-11-29 23:00:00+05:30,93.6,152.0,30.9,23.0,22400.0
2025-11-30 00:00:00+05:30,93.5,151.0,31.5,22.5,22400.0
2025-11-30 01:00:00+05:30,86.8,140.0,31.5,22.4,20800.0
2025-11-30 02:00:00+05:30,86.2,139.0,31.4,22.2,20700.0
2025-11-30 03:00:00+05:30,83.3,136.0,30.7,21.8,20100.0
2025-11-30 04:00:00+05:30,74.4,122.0,30.6,21.5,18000.0
2025-11-30 05:00:00+05:30,84.1,141.0,31.4,20.8,20200.0
2025-11-30 06:00:00+05:30,101.0,173.0,34.2,19.9,24200.0
2025-11-30 07:00:00+05:30,105.0,180.0,34.7,19.6,25100.0
2025-11-30 08:00:00+05:30,135.0,232.0,36.2,19.3,31700.0
2025-11-30 09:00:00+05:30,122.0,214.0,35.9,19.6,29100.0
2025-11-30 10:00:00+05:30,122.0,213.0,36.0,19.9,28900.0
2025-11-30 11:00:00+05:30,108.0,190.0,33.5,21.0,25800.0
2025-11-30 12:00:00+05:30,82.9,145.0,29.2,21.9,20000.0
2025-11-30 13:00:00+05:30,112.0,199.0,30.4,22.3,26800.0
2025-11-30 14:00:00+05:30,95.1,165.0,27.0,23.4,22900.0
2025-11-30 15:00:00+05:30,61.4,107.0,23.9,25.0,15100.0
2025-11-30 16:00:00+05:30,49.1,85.4,22.5,24.9,12200.0
2025-11-30 17:00:00+05:30,46.9,81.5,22.8,24.0,11700.0
2025-11-30 18:00:00+05:30,55.8,95.5,23.4,23.5,13700.0
2025-11-30 19:00:00+05:30,70.7,119.0,25.4,23.0,17300.0
2025-11-30 20:00:00+05:30,84.3,141.0,27.2,22.4,20400.0
2025-11-30 21:00:00+05:30,114.0,189.0,29.1,21.8,27000.0
2025-11-30 22:00:00+05:30,110.0,182.0,29.9,21.5,26200.0
2025-11-30 23:00:00+05:30,124.0,204.0,30.5,21.5,29300.0
2025-12-01 00:00:00+05:30,133.0,221.0,30.6,21.6,31300.0
2025-12-01 01:00:00+05:30,135.0,224.0,30.9,21.7,31700.0
2025-12-01 02:00:00+05:30,134.0,225.0,31.6,21.1,31600.0
2025-12-01 03:00:00+05:30,128.0,213.0,30.9,20.9,30100.0
2025-12-01 04:00:00+05:30,127.0,212.0,29.0,20.9,29800.0
2025-12-01 05:00:00+05:30,134.0,224.0,30.8,20.5,31400.0
2025-12-01 06:00:00+05:30,141.0,237.0,32.2,20.3,32900.0
2025-12-01 07:00:00+05:30,158.0,270.0,33.5,19.9,36700.0
2025-12-01 08:00:00+05:30,134.0,230.0,33.1,19.6,31600.0
2025-12-01 09:00:00+05:30,136.0,236.0,31.7,19.5,32100.0
2025-12-01 10:00:00+05:30,180.0,323.0,33.4,19.9,41700.0
2025-12-01 11:00:00+05:30,152.0,269.0,33.0,20.6,35600.0
2025-12-01 12:00:00+05:30,90.6,158.0,28.2,22.1,21800.0
2025-12-01 13:00:00+05:30,83.9,146.0,25.8,22.9,20300.0
2025-12-01 14:00:00+05:30,70.6,123.0,22.5,24.4,17200.0
2025-12-01 16:00:00+05:30,82.7,144.0,21.4,26.6,20000.0
2025-12-01 17:00:00+05:30,78.7,136.0,22.0,26.1,19100.0
2025-12-01 18:00:00+05:30,75.5,132.0,23.5,25.0,18400.0
2025-12-01 19:00:00+05:30,77.6,132.0,24.4,24.5,18800.0
2025-12-01 20:00:00+05:30,141.0,237.0,25.9,23.7,32900.0
2025-12-01 21:00:00+05:30,158.0,267.0,27.6,22.8,36900.0
2025-12-01 22:00:00+05:30,194.0,334.0,30.6,22.3,44400.0
2025-12-01 23:00:00+05:30,193.0,345.0,29.5,22.3,44300.0
2025-12-02 00:00:00+05:30,233.0,432.0,32.7,22.2,52700.0
2025-12-02 01:00:00+05:30,234.0,441.0,34.1,21.5,53000.0
2025-12-02 02:00:00+05:30,213.0,396.0,34.3,21.0,48700.0
2025-12-02 03:00:00+05:30,194.0,355.0,33.1,20.7,44600.0
2025-12-02 04:00:00+05:30,186.0,339.0,32.8,20.5,43000.0
2025-12-02 05:00:00+05:30,173.0,315.0,32.0,20.3,40200.0
2025-12-02 06:00:00+05:30,168.0,309.0,31.7,20.0,39100.0
2025-12-02 07:00:00+05:30,158.0,289.0,32.2,19.9,37000.0
2025-12-02 08:00:00+05:30,187.0,349.0,32.9,20.1,43400.0
2025-12-02 09:00:00+05:30,206.0,393.0,33.9,20.4,47600.0
2025-12-02 10:00:00+05:30,200.0,386.0,35.8,20.2,46300.0
2025-12-02 11:00:00+05:30,146.0,273.0,32.8,21.0,34600.0
2025-12-02 12:00:00+05:30,123.0,226.0,30.5,22.1,29300.0
2025-12-02 13:00:00+05:30,113.0,207.0,29.0,23.0,27000.0
2025-12-02 14:00:00+05:30,104.0,189.0,29.2,24.3,25000.0
2025-12-02 15:00:00+05:30,95.7,173.0,29.1,25.7,23000.0
2025-12-02 16:00:00+05:30,94.4,168.0,29.7,26.0,22500.0
2025-12-02 17:00:00+05:30,98.1,177.0,30.7,25.4,23500.0
2025-12-02 18:00:00+05:30,113.0,203.0,32.8,24.4,27000.0
2025-12-02 19:00:00+05:30,125.0,220.0,34.3,23.5,29600.0
2025-12-02 20:00:00+05:30,165.0,296.0,35.4,22.8,38600.0
2025-12-02 21:00:00+05:30,182.0,334.0,35.3,22.7,42400.0
2025-12-02 22:00:00+05:30,181.0,326.0,34.1,22.7,42100.0
2025-12-02 23:00:00+05:30,159.0,281.0,33.8,22.4,37100.0
2025-12-03 00:00:00+05:30,131.0,232.0,33.7,22.1,31000.0
