Local Time,PM1,PM25,RELATIVEHUMIDITY
2025-11-04 21:00:00+05:30,96.2,167.0,44.0
2025-11-04 22:00:00+05:30,96.2,166.0,45.4
2025-11-04 23:00:00+05:30,93.9,162.0,47.9
2025-11-05 00:00:00+05:30,75.8,131.0,49.2
2025-11-05 01:00:00+05:30,86.6,150.0,49.9
2025-11-05 02:00:00+05:30,94.0,166.0,50.2
2025-11-05 03:00:00+05:30,110.0,196.0,49.9
2025-11-05 04:00:00+05:30,123.0,221.0,51.6
2025-11-05 05:00:00+05:30,117.0,210.0,52.3
2025-11-05 06:00:00+05:30,120.0,216.0,52.5
2025-11-05 07:00:00+05:30,125.0,227.0,53.0
2025-11-05 08:00:00+05:30,150.0,273.0,53.7
2025-11-05 09:00:00+05:30,119.0,219.0,52.7
2025-11-05 10:00:00+05:30,95.4,174.0,50.1
2025-11-05 11:00:00+05:30,80.9,142.0,47.5
2025-11-05 12:00:00+05:30,64.1,113.0,45.1
2025-11-05 14:00:00+05:30,64.0,110.0,43.1
2025-11-05 15:00:00+05:30,54.4,94.3,41.9
2025-11-05 16:00:00+05:30,37.0,64.4,40.2
2025-11-05 17:00:00+05:30,35.1,60.2,39.7
2025-11-05 18:00:00+05:30,47.4,82.9,41.1
2025-11-05 19:00:00+05:30,60.4,103.0,38.8
2025-11-05 20:00:00+05:30,94.2,156.0,38.4
2025-11-05 21:00:00+05:30,106.0,182.0,38.5
2025-11-05 22:00:00+05:30,107.0,188.0,37.6
2025-11-05 23:00:00+05:30,138.0,244.0,36.8
2025-11-06 00:00:00+05:30,150.0,265.0,35.7
2025-11-06 01:00:00+05:30,196.0,360.0,34.8
2025-11-06 02:00:00+05:30,166.0,300.0,33.9
2025-11-06 03:00:00+05:30,169.0,303.0,33.0
2025-11-06 04:00:00+05:30,162.0,297.0,34.2
2025-11-06 05:00:00+05:30,143.0,262.0,36.0
2025-11-06 06:00:00+05:30,134.0,248.0,36.8
2025-11-06 07:00:00+05:30,138.0,256.0,35.4
2025-11-06 08:00:00+05:30,168.0,335.0,36.5
2025-11-06 09:00:00+05:30,189.0,401.0,35.5
2025-11-06 10:00:00+05:30,165.0,340.0,34.0
2025-11-06 11:00:00+05:30,100.0,190.0,31.7
2025-11-06 12:00:00+05:30,76.3,139.0,30.2
2025-11-06 13:00:00+05:30,58.0,103.0,28.6
2025-11-06 14:00:00+05:30,61.0,108.0,28.3
2025-11-06 15:00:00+05:30,57.1,101.0,27.4
2025-11-06 16:00:00+05:30,50.8,89.3,26.6
2025-11-06 17:00:00+05:30,42.7,73.9,26.0
2025-11-07 12:00:00+05:30,116.0,205.0,29.0
2025-11-07 13:00:00+05:30,111.0,198.0,29.3
2025-11-07 14:00:00+05:30,90.0,158.0,28.6
2025-11-07 15:00:00+05:30,73.3,127.0,26.7
2025-11-07 16:00:00+05:30,64.0,109.0,26.0
2025-11-07 17:00:00+05:30,59.3,100.0,27.8
2025-11-07 18:00:00+05:30,65.0,110.0,29.7
2025-11-07 19:00:00+05:30,76.8,131.0,31.5
2025-11-07 20:00:00+05:30,104.0,178.0,34.1
2025-11-07 21:00:00+05:30,113.0,192.0,35.1
2025-11-07 22:00:00+05:30,119.0,204.0,36.4
2025-11-07 23:00:00+05:30,140.0,238.0,37.5
2025-11-08 00:00:00+05:30,154.0,265.0,37.5
2025-11-08 01:00:00+05:30,159.0,278.0,37.5
2025-11-08 02:00:00+05:30,168.0,303.0,36.8
2025-11-08 03:00:00+05:30,204.0,398.0,36.5
2025-11-08 04:00:00+05:30,227.0,472.0,35.9
2025-11-08 05:00:00+05:30,235.0,508.0,35.6
2025-11-08 06:00:00+05:30,235.0,518.0,36.3
2025-11-08 07:00:00+05:30,234.0,529.0,36.8
2025-11-08 08:00:00+05:30,234.0,536.0,37.6
2025-11-08 09:00:00+05:30,238.0,562.0,38.9
2025-11-08 10:00:00+05:30,238.0,610.0,36.9
2025-11-08 11:00:00+05:30,232.0,590.0,31.1
2025-11-08 12:00:00+05:30,155.0,318.0,26.8
2025-11-08 13:00:00+05:30,111.0,213.0,25.3
2025-11-08 14:00:00+05:30,106.0,199.0,26.1
2025-11-08 15:00:00+05:30,123.0,235.0,25.8
2025-11-08 16:00:00+05:30,127.0,244.0,25.3
2025-11-08 17:00:00+05:30,127.0,244.0,26.1
2025-11-08 18:00:00+05:30,127.0,242.0,31.1
2025-11-08 19:00:00+05:30,132.0,248.0,34.2
2025-11-08 20:00:00+05:30,138.0,258.0,36.1
2025-11-08 21:00:00+05:30,145.0,269.0,37.2
2025-11-08 22:00:00+05:30,146.0,267.0,38.4
2025-11-08 23:00:00+05:30,160.0,295.0,39.8
2025-11-09 00:00:00+05:30,165.0,307.0,40.7
2025-11-09 01:00:00+05:30,169.0,312.0,40.7
2025-11-09 02:00:00+05:30,171.0,317.0,40.1
2025-11-09 03:00:00+05:30,189.0,362.0,38.7
2025-11-09 04:00:00+05:30,217.0,434.0,39.2
2025-11-09 05:00:00+05:30,237.0,497.0,39.1
2025-11-09 06:00:00+05:30,231.0,495.0,40.7
2025-11-09 07:00:00+05:30,230.0,505.0,41.6
2025-11-09 08:00:00+05:30,216.0,473.0,41.8
2025-11-09 09:00:00+05:30,208.0,452.0,41.7
2025-11-09 10:00:00+05:30,189.0,400.0,38.2
2025-11-09 11:00:00+05:30,165.0,333.0,34.7
2025-11-09 12:00:00+05:30,135.0,259.0,32.5
2025-11-09 13:00:00+05:30,119.0,222.0,31.5
2025-11-09 14:00:00+05:30,114.0,211.0,32.5
2025-11-09 15:00:00+05:30,84.2,151.0,31.6
2025-11-09 16:00:00+05:30,57.7,100.0,29.2
2025-11-09 17:00:00+05:30,85.2,149.0,33.0
2025-11-09 18:00:00+05:30,63.7,108.0,34.0
2025-11-09 19:00:00+05:30,80.7,138.0,35.8
2025-11-09 20:00:00+05:30,107.0,185.0,38.0
2025-11-09 21:00:00+05:30,129.0,227.0,39.1
2025-11-09 22:00:00+05:30,147.0,261.0,40.3
2025-11-09 23:00:00+05:30,166.0,303.0,42.0
2025-11-10 00:00:00+05:30,176.0,328.0,42.4
2025-11-10 01:00:00+05:30,179.0,336.0,42.8
2025-11-10 02:00:00+05:30,176.0,335.0,42.3
2025-11-10 03:00:00+05:30,180.0,345.0,42.0
2025-11-10 04:00:00+05:30,208.0,422.0,43.1
2025-11-10 05:00:00+05:30,221.0,479.0,43.6
2025-11-10 06:00:00+05:30,227.0,508.0,44.6
2025-11-10 07:00:00+05:30,234.0,527.0,45.2
2025-11-10 08:00:00+05:30,243.0,556.0,45.8
2025-11-10 09:00:00+05:30,231.0,529.0,46.3
2025-11-10 10:00:00+05:30,200.0,442.0,43.6
2025-11-10 11:00:00+05:30,193.0,416.0,40.1
2025-11-10 12:00:00+05:30,158.0,314.0,34.4
2025-11-10 13:00:00+05:30,101.0,183.0,29.6
2025-11-10 14:00:00+05:30,114.0,210.0,28.7
2025-11-10 15:00:00+05:30,117.0,218.0,28.5
2025-11-10 16:00:00+05:30,110.0,201.0,29.5
2025-11-10 17:00:00+05:30,113.0,208.0,32.5
2025-11-10 18:00:00+05:30,120.0,223.0,34.0
2025-11-10 19:00:00+05:30,148.0,277.0,36.0
2025-11-10 20:00:00+05:30,163.0,313.0,39.3
2025-11-10 21:00:00+05:30,179.0,358.0,42.2
2025-11-10 22:00:00+05:30,200.0,422.0,43.7
2025-11-10 23:00:00+05:30,211.0,457.0,45.1
2025-11-11 00:00:00+05:30,213.0,469.0,47.0
2025-11-11 01:00:00+05:30,220.0,494.0,48.8
2025-11-11 02:00:00+05:30,216.0,505.0,45.7
2025-11-11 03:00:00+05:30,217.0,524.0,44.9
2025-11-11 04:00:00+05:30,226.0,557.0,45.4
2025-11-11 05:00:00+05:30,227.0,561.0,46.5
2025-11-11 06:00:00+05:30,220.0,562.0,47.4
2025-11-11 07:00:00+05:30,222.0,581.0,47.8
2025-11-11 08:00:00+05:30,221.0,576.0,48.5
2025-11-11 09:00:00+05:30,218.0,566.0,48.6
2025-11-11 10:00:00+05:30,203.0,499.0,43.9
2025-11-11 11:00:00+05:30,186.0,422.0,39.8
2025-11-11 12:00:00+05:30,150.0,307.0,35.4
2025-11-11 13:00:00+05:30,128.0,250.0,32.8
2025-11-11 14:00:00+05:30,129.0,253.0,32.0
2025-11-11 15:00:00+05:30,109.0,202.0,30.0
2025-11-11 16:00:00+05:30,99.5,180.0,28.8
2025-11-11 17:00:00+05:30,95.2,169.0,32.6
2025-11-11 18:00:00+05:30,100.0,180.0,34.3
2025-11-11 19:00:00+05:30,125.0,224.0,36.4
2025-11-11 20:00:00+05:30,156.0,286.0,38.6
2025-11-11 21:00:00+05:30,171.0,319.0,40.4
2025-11-11 22:00:00+05:30,176.0,332.0,41.1
2025-11-11 23:00:00+05:30,195.0,386.0,41.8
2025-11-12 00:00:00+05:30,212.0,442.0,42.0
2025-11-12 01:00:00+05:30,244.0,556.0,41.5
2025-11-12 02:00:00+05:30,236.0,541.0,38.4
2025-11-12 03:00:00+05:30,230.0,525.0,40.0
2025-11-12 04:00:00+05:30,222.0,499.0,41.4
2025-11-12 05:00:00+05:30,233.0,530.0,43.7
2025-11-12 06:00:00+05:30,224.0,504.0,44.0
2025-11-12 07:00:00+05:30,213.0,491.0,44.6
2025-11-12 08:00:00+05:30,216.0,515.0,46.3
2025-11-12 09:00:00+05:30,211.0,505.0,45.2
2025-11-12 10:00:00+05:30,208.0,501.0,41.7
2025-11-12 11:00:00+05:30,186.0,420.0,38.5
2025-11-12 12:00:00+05:30,170.0,363.0,35.3
2025-11-12 19:00:00+05:30,122.0,232.0,36.6
2025-11-12 20:00:00+05:30,152.0,288.0,37.8
2025-11-12 21:00:00+05:30,163.0,312.0,38.5
2025-11-12 22:00:00+05:30,171.0,330.0,39.0
2025-11-12 23:00:00+05:30,180.0,347.0,39.9
2025-11-13 00:00:00+05:30,193.0,376.0,41.8
2025-11-13 01:00:00+05:30,187.0,366.0,42.6
2025-11-13 02:00:00+05:30,193.0,384.0,43.2
2025-11-13 03:00:00+05:30,201.0,405.0,42.9
2025-11-13 04:00:00+05:30,210.0,439.0,42.7
2025-11-13 05:00:00+05:30,216.0,463.0,43.5
2025-11-13 06:00:00+05:30,218.0,475.0,43.8
2025-11-13 07:00:00+05:30,221.0,493.0,44.9
2025-11-13 08:00:00+05:30,225.0,517.0,45.8
2025-11-13 09:00:00+05:30,223.0,510.0,45.9
2025-11-13 10:00:00+05:30,211.0,476.0,42.6
2025-11-13 11:00:00+05:30,189.0,402.0,37.7
2025-11-13 13:00:00+05:30,134.0,259.0,32.5
2025-11-13 14:00:00+05:30,119.0,227.0,31.6
2025-11-13 15:00:00+05:30,116.0,220.0,29.9
2025-11-13 16:00:00+05:30,112.0,212.0,30.9
2025-11-13 17:00:00+05:30,140.0,261.0,33.7
2025-11-13 18:00:00+05:30,123.0,234.0,35.0
2025-11-13 19:00:00+05:30,132.0,254.0,36.6
2025-11-13 20:00:00+05:30,150.0,300.0,38.4
2025-11-13 21:00:00+05:30,161.0,325.0,39.1
2025-11-13 22:00:00+05:30,171.0,344.0,40.6
2025-11-13 23:00:00+05:30,183.0,368.0,41.8
2025-11-14 00:00:00+05:30,184.0,367.0,42.4
2025-11-14 01:00:00+05:30,183.0,362.0,42.5
2025-11-14 02:00:00+05:30,179.0,351.0,42.6
2025-11-14 03:00:00+05:30,171.0,334.0,42.3
2025-11-14 04:00:00+05:30,187.0,372.0,41.7
2025-11-14 05:00:00+05:30,199.0,409.0,42.5
2025-11-14 06:00:00+05:30,200.0,407.0,43.7
2025-11-14 07:00:00+05:30,191.0,384.0,44.7
2025-11-14 09:00:00+05:30,188.0,382.0,44.7
2025-11-14 10:00:00+05:30,164.0,340.0,41.7
2025-11-14 11:00:00+05:30,160.0,326.0,38.4
2025-11-14 20:00:00+05:30,131.0,247.0,38.6
2025-11-14 21:00:00+05:30,151.0,287.0,39.4
2025-11-14 22:00:00+05:30,172.0,339.0,40.7
2025-11-14 23:00:00+05:30,184.0,374.0,41.3
2025-11-15 00:00:00+05:30,184.0,380.0,42.2
2025-11-15 01:00:00+05:30,186.0,387.0,42.8
2025-11-15 02:00:00+05:30,202.0,418.0,42.3
2025-11-15 03:00:00+05:30,220.0,464.0,42.6
2025-11-15 04:00:00+05:30,233.0,498.0,44.3
2025-11-15 05:00:00+05:30,223.0,481.0,44.9
2025-11-15 06:00:00+05:30,215.0,464.0,45.2
2025-11-15 07:00:00+05:30,207.0,442.0,46.0
2025-11-15 08:00:00+05:30,204.0,437.0,46.1
2025-11-15 09:00:00+05:30,204.0,439.0,46.8
2025-11-15 10:00:00+05:30,180.0,385.0,42.0
2025-11-15 11:00:00+05:30,171.0,358.0,38.8
2025-11-15 12:00:00+05:30,151.0,305.0,36.2
2025-11-15 13:00:00+05:30,126.0,243.0,33.1
2025-11-15 14:00:00+05:30,108.0,205.0,30.6
2025-11-15 15:00:00+05:30,118.0,226.0,31.3
2025-11-15 16:00:00+05:30,91.9,172.0,29.1
2025-11-15 17:00:00+05:30,73.4,134.0,29.1
2025-11-15 18:00:00+05:30,82.8,149.0,32.2
2025-11-15 19:00:00+05:30,103.0,184.0,35.1
2025-11-15 20:00:00+05:30,134.0,240.0,37.8
2025-11-15 21:00:00+05:30,178.0,320.0,40.3
2025-11-15 22:00:00+05:30,196.0,358.0,42.8
2025-11-15 23:00:00+05:30,211.0,391.0,44.2
2025-11-16 00:00:00+05:30,211.0,397.0,44.6
2025-11-16 01:00:00+05:30,233.0,465.0,44.0
2025-11-16 02:00:00+05:30,247.0,524.0,44.7
2025-11-16 03:00:00+05:30,245.0,529.0,44.8
2025-11-16 04:00:00+05:30,250.0,558.0,44.6
2025-11-16 05:00:00+05:30,236.0,517.0,44.4
2025-11-16 06:00:00+05:30,230.0,509.0,44.4
2025-11-16 07:00:00+05:30,225.0,497.0,45.0
2025-11-16 08:00:00+05:30,222.0,488.0,45.7
2025-11-16 09:00:00+05:30,232.0,518.0,46.3
2025-11-16 11:00:00+05:30,166.0,329.0,38.0
2025-11-16 12:00:00+05:30,146.0,282.0,35.5
2025-11-16 13:00:00+05:30,131.0,247.0,32.8
2025-11-16 14:00:00+05:30,93.3,170.0,28.2
2025-11-16 15:00:00+05:30,65.7,116.0,25.9
2025-11-16 16:00:00+05:30,58.5,103.0,25.5
2025-11-16 17:00:00+05:30,56.7,99.2,26.2
2025-11-16 18:00:00+05:30,63.1,109.0,30.0
2025-11-16 19:00:00+05:30,81.9,142.0,33.5
2025-11-16 20:00:00+05:30,123.0,212.0,36.5
2025-11-16 21:00:00+05:30,154.0,270.0,39.0
2025-11-16 22:00:00+05:30,160.0,282.0,39.5
2025-11-16 23:00:00+05:30,168.0,299.0,39.3
2025-11-17 00:00:00+05:30,183.0,331.0,40.5
2025-11-17 01:00:00+05:30,204.0,377.0,41.8
2025-11-17 02:00:00+05:30,223.0,434.0,41.2
2025-11-17 03:00:00+05:30,231.0,460.0,42.0
2025-11-17 04:00:00+05:30,231.0,469.0,42.9
2025-11-17 05:00:00+05:30,228.0,467.0,43.7
2025-11-17 06:00:00+05:30,224.0,461.0,43.9
2025-11-17 07:00:00+05:30,224.0,462.0,44.8
2025-11-17 08:00:00+05:30,218.0,447.0,45.2
2025-11-17 09:00:00+05:30,201.0,402.0,44.7
2025-11-17 10:00:00+05:30,162.0,314.0,40.2
2025-11-17 11:00:00+05:30,150.0,286.0,37.6
2025-11-17 12:00:00+05:30,135.0,252.0,35.6
2025-11-17 13:00:00+05:30,120.0,218.0,32.9
2025-11-17 16:00:00+05:30,84.8,151.0,30.4
2025-11-17 17:00:00+05:30,87.6,157.0,31.8
2025-11-17 18:00:00+05:30,93.3,166.0,33.8
2025-11-17 19:00:00+05:30,128.0,228.0,37.5
2025-11-17 20:00:00+05:30,154.0,276.0,40.0
2025-11-17 21:00:00+05:30,167.0,305.0,43.1
2025-11-17 22:00:00+05:30,186.0,340.0,43.7
2025-11-17 23:00:00+05:30,218.0,415.0,45.2
2025-11-18 00:00:00+05:30,232.0,460.0,45.0
2025-11-18 01:00:00+05:30,233.0,465.0,47.5
2025-11-18 02:00:00+05:30,236.0,474.0,48.6
2025-11-18 03:00:00+05:30,232.0,469.0,49.9
2025-11-18 04:00:00+05:30,231.0,477.0,49.0
2025-11-18 05:00:00+05:30,223.0,460.0,50.8
2025-11-18 06:00:00+05:30,217.0,450.0,50.5
2025-11-18 07:00:00+05:30,228.0,486.0,50.6
2025-11-18 08:00:00+05:30,220.0,463.0,49.6
2025-11-18 09:00:00+05:30,223.0,468.0,49.1
2025-11-18 10:00:00+05:30,228.0,503.0,48.4
2025-11-18 12:00:00+05:30,214.0,479.0,40.4
2025-11-18 13:00:00+05:30,150.0,305.0,36.0
2025-11-18 14:00:00+05:30,137.0,270.0,36.1
2025-11-18 15:00:00+05:30,125.0,240.0,35.5
2025-11-18 16:00:00+05:30,108.0,203.0,35.8
2025-11-18 17:00:00+05:30,109.0,202.0,39.1
2025-11-18 18:00:00+05:30,115.0,217.0,40.6
2025-11-18 19:00:00+05:30,136.0,257.0,42.6
2025-11-18 20:00:00+05:30,165.0,316.0,44.6
2025-11-18 21:00:00+05:30,192.0,371.0,46.9
2025-11-18 22:00:00+05:30,214.0,417.0,48.4
2025-11-18 23:00:00+05:30,214.0,421.0,49.5
2025-11-19 00:00:00+05:30,203.0,394.0,50.0
2025-11-19 01:00:00+05:30,200.0,387.0,50.8
2025-11-19 02:00:00+05:30,200.0,390.0,51.4
2025-11-19 03:00:00+05:30,209.0,417.0,51.2
2025-11-19 04:00:00+05:30,218.0,447.0,51.5
2025-11-19 05:00:00+05:30,221.0,465.0,51.8
2025-11-19 06:00:00+05:30,224.0,473.0,51.7
2025-11-19 07:00:00+05:30,242.0,554.0,52.1
2025-11-19 08:00:00+05:30,256.0,628.0,52.1
2025-11-19 09:00:00+05:30,241.0,546.0,52.0
2025-11-19 10:00:00+05:30,251.0,607.0,50.7
2025-11-19 11:00:00+05:30,235.0,551.0,46.0
2025-11-19 12:00:00+05:30,195.0,415.0,42.0
2025-11-19 13:00:00+05:30,123.0,235.0,39.5
2025-11-19 14:00:00+05:30,128.0,247.0,41.0
2025-11-19 15:00:00+05:30,96.5,180.0,38.0
2025-11-19 16:00:00+05:30,93.8,174.0,37.8
2025-11-19 17:00:00+05:30,101.0,188.0,39.9
2025-11-19 18:00:00+05:30,129.0,229.0,41.6
2025-11-19 19:00:00+05:30,120.0,224.0,44.3
2025-11-19 20:00:00+05:30,155.0,290.0,45.8
2025-11-19 21:00:00+05:30,208.0,393.0,46.9
2025-11-19 22:00:00+05:30,191.0,355.0,46.5
2025-11-19 23:00:00+05:30,201.0,381.0,48.9
2025-11-20 00:00:00+05:30,209.0,401.0,50.5
2025-11-20 01:00:00+05:30,214.0,416.0,52.1
2025-11-20 02:00:00+05:30,219.0,437.0,53.1
2025-11-20 03:00:00+05:30,219.0,445.0,53.4
2025-11-20 04:00:00+05:30,233.0,484.0,53.7
2025-11-20 05:00:00+05:30,239.0,517.0,53.8
2025-11-20 06:00:00+05:30,228.0,497.0,53.5
2025-11-20 07:00:00+05:30,221.0,484.0,53.6
2025-11-20 08:00:00+05:30,219.0,480.0,54.1
2025-11-20 09:00:00+05:30,206.0,448.0,53.4
2025-11-20 10:00:00+05:30,181.0,393.0,49.7
2025-11-20 11:00:00+05:30,165.0,355.0,44.9
2025-11-20 12:00:00+05:30,165.0,360.0,44.0
2025-11-20 13:00:00+05:30,149.0,317.0,42.8
2025-11-20 14:00:00+05:30,105.0,210.0,40.1
2025-11-20 15:00:00+05:30,102.0,198.0,40.6
2025-11-20 16:00:00+05:30,107.0,208.0,42.1
2025-11-20 17:00:00+05:30,93.4,182.0,42.1
2025-11-20 18:00:00+05:30,92.2,179.0,42.1
2025-11-20 19:00:00+05:30,114.0,223.0,43.5
2025-11-20 20:00:00+05:30,130.0,250.0,46.1
2025-11-20 21:00:00+05:30,150.0,288.0,47.4
2025-11-20 22:00:00+05:30,188.0,363.0,48.7
2025-11-20 23:00:00+05:30,204.0,400.0,49.4
2025-11-21 00:00:00+05:30,209.0,412.0,50.4
2025-11-21 01:00:00+05:30,243.0,501.0,53.2
2025-11-21 02:00:00+05:30,240.0,499.0,53.6
2025-11-21 03:00:00+05:30,237.0,525.0,53.9
2025-11-21 04:00:00+05:30,232.0,519.0,53.5
2025-11-21 05:00:00+05:30,222.0,480.0,53.8
2025-11-21 06:00:00+05:30,220.0,486.0,54.0
2025-11-21 07:00:00+05:30,227.0,513.0,54.7
2025-11-21 08:00:00+05:30,237.0,539.0,55.4
2025-11-21 09:00:00+05:30,239.0,537.0,55.3
2025-11-21 10:00:00+05:30,233.0,522.0,53.6
2025-11-21 11:00:00+05:30,186.0,401.0,50.2
2025-11-21 12:00:00+05:30,115.0,228.0,45.9
2025-11-21 13:00:00+05:30,90.9,178.0,42.0
2025-11-21 14:00:00+05:30,98.7,188.0,40.7
2025-11-21 15:00:00+05:30,98.9,191.0,41.3
2025-11-21 16:00:00+05:30,101.0,195.0,41.9
2025-11-21 17:00:00+05:30,104.0,202.0,42.6
2025-11-21 18:00:00+05:30,122.0,238.0,43.3
2025-11-21 19:00:00+05:30,136.0,263.0,44.1
2025-11-21 20:00:00+05:30,146.0,282.0,45.5
2025-11-21 21:00:00+05:30,156.0,300.0,47.6
2025-11-21 22:00:00+05:30,204.0,400.0,48.6
2025-11-21 23:00:00+05:30,214.0,426.0,50.7
2025-11-22 00:00:00+05:30,224.0,455.0,52.4
2025-11-22 01:00:00+05:30,215.0,438.0,53.1
2025-11-22 02:00:00+05:30,210.0,427.0,53.4
2025-11-22 03:00:00+05:30,205.0,417.0,53.9
2025-11-22 04:00:00+05:30,208.0,432.0,54.0
2025-11-22 05:00:00+05:30,205.0,428.0,54.2
2025-11-22 06:00:00+05:30,202.0,418.0,54.5
2025-11-22 07:00:00+05:30,203.0,426.0,54.9
2025-11-22 08:00:00+05:30,240.0,504.0,56.2
2025-11-22 09:00:00+05:30,208.0,438.0,55.9
2025-11-22 10:00:00+05:30,231.0,507.0,52.7
2025-11-22 11:00:00+05:30,231.0,518.0,49.4
2025-11-22 12:00:00+05:30,212.0,465.0,46.2
2025-11-22 13:00:00+05:30,177.0,379.0,42.4
2025-11-22 14:00:00+05:30,130.0,266.0,37.5
2025-11-22 15:00:00+05:30,88.8,168.0,32.3
2025-11-22 16:00:00+05:30,88.3,173.0,35.0
2025-11-22 17:00:00+05:30,104.0,207.0,37.7
2025-11-22 18:00:00+05:30,113.0,221.0,39.5
2025-11-22 19:00:00+05:30,141.0,265.0,42.1
2025-11-22 20:00:00+05:30,151.0,287.0,45.1
2025-11-22 21:00:00+05:30,167.0,318.0,47.0
2025-11-22 22:00:00+05:30,184.0,357.0,48.5
2025-11-22 23:00:00+05:30,207.0,409.0,49.4
2025-11-23 00:00:00+05:30,227.0,462.0,49.5
2025-11-23 01:00:00+05:30,213.0,431.0,48.5
2025-11-23 02:00:00+05:30,204.0,411.0,49.5
2025-11-23 03:00:00+05:30,209.0,425.0,51.5
2025-11-23 04:00:00+05:30,206.0,425.0,51.6
2025-11-23 05:00:00+05:30,205.0,428.0,52.0
2025-11-23 06:00:00+05:30,217.0,468.0,52.8
2025-11-23 07:00:00+05:30,218.0,478.0,53.4
2025-11-23 08:00:00+05:30,221.0,483.0,54.4
2025-11-23 09:00:00+05:30,220.0,484.0,52.2
2025-11-23 10:00:00+05:30,213.0,463.0,49.8
2025-11-23 11:00:00+05:30,220.0,495.0,48.4
2025-11-23 12:00:00+05:30,218.0,503.0,45.3
2025-11-23 13:00:00+05:30,209.0,483.0,44.3
2025-11-23 14:00:00+05:30,208.0,484.0,43.8
2025-11-23 15:00:00+05:30,188.0,414.0,41.3
2025-11-23 16:00:00+05:30,140.0,289.0,39.7
2025-11-23 20:00:00+05:30,183.0,372.0,44.7
2025-11-23 21:00:00+05:30,197.0,401.0,47.3
2025-11-23 22:00:00+05:30,211.0,431.0,48.7
2025-11-23 23:00:00+05:30,242.0,518.0,50.0
2025-11-24 00:00:00+05:30,258.0,574.0,50.7
2025-11-24 01:00:00+05:30,253.0,558.0,50.7
2025-11-24 02:00:00+05:30,245.0,540.0,51.4
2025-11-24 03:00:00+05:30,245.0,553.0,52.0
2025-11-24 04:00:00+05:30,230.0,509.0,52.3
2025-11-24 05:00:00+05:30,232.0,519.0,53.4
2025-11-24 06:00:00+05:30,212.0,453.0,52.4
2025-11-24 07:00:00+05:30,210.0,442.0,52.3
2025-11-24 08:00:00+05:30,205.0,419.0,52.5
2025-11-24 09:00:00+05:30,234.0,512.0,53.4
2025-11-24 11:00:00+05:30,186.0,382.0,45.6
2025-11-24 12:00:00+05:30,183.0,376.0,43.5
2025-11-24 13:00:00+05:30,182.0,367.0,41.5
2025-11-24 14:00:00+05:30,118.0,227.0,38.5
2025-11-24 15:00:00+05:30,86.7,163.0,35.4
2025-11-24 16:00:00+05:30,86.6,162.0,33.1
2025-11-24 17:00:00+05:30,86.0,161.0,35.9
2025-11-24 18:00:00+05:30,89.0,165.0,38.4
2025-11-24 19:00:00+05:30,102.0,192.0,41.7
2025-11-24 20:00:00+05:30,128.0,236.0,44.8
2025-11-24 21:00:00+05:30,156.0,289.0,47.3
2025-11-24 22:00:00+05:30,231.0,446.0,49.3
2025-11-24 23:00:00+05:30,239.0,465.0,50.7
2025-11-25 00:00:00+05:30,249.0,511.0,49.7
2025-11-25 01:00:00+05:30,249.0,521.0,49.0
2025-11-25 02:00:00+05:30,241.0,494.0,49.1
2025-11-25 03:00:00+05:30,249.0,538.0,50.4
2025-11-25 04:00:00+05:30,227.0,467.0,49.9
2025-11-25 05:00:00+05:30,213.0,433.0,49.8
2025-11-25 06:00:00+05:30,216.0,444.0,50.8
2025-11-25 07:00:00+05:30,222.0,459.0,50.6
2025-11-25 08:00:00+05:30,194.0,384.0,49.4
2025-11-25 09:00:00+05:30,186.0,368.0,48.9
2025-11-25 10:00:00+05:30,186.0,379.0,46.2
2025-11-25 11:00:00+05:30,163.0,331.0,43.4
2025-11-25 12:00:00+05:30,140.0,273.0,41.6
2025-11-25 13:00:00+05:30,98.4,190.0,38.2
2025-11-25 14:00:00+05:30,88.7,169.0,35.3
2025-11-25 15:00:00+05:30,68.7,127.0,32.8
2025-11-25 16:00:00+05:30,63.1,116.0,31.6
2025-11-25 17:00:00+05:30,65.1,117.0,32.6
2025-11-25 18:00:00+05:30,70.7,128.0,35.8
2025-11-25 19:00:00+05:30,89.0,162.0,38.3
2025-11-25 20:00:00+05:30,118.0,214.0,41.2
2025-11-25 21:00:00+05:30,151.0,277.0,42.3
2025-11-25 22:00:00+05:30,171.0,316.0,43.2
2025-11-25 23:00:00+05:30,177.0,326.0,43.7
2025-11-26 00:00:00+05:30,180.0,329.0,44.5
2025-11-26 01:00:00+05:30,186.0,342.0,45.3
2025-11-26 02:00:00+05:30,190.0,360.0,45.8
2025-11-26 03:00:00+05:30,190.0,364.0,46.6
2025-11-26 04:00:00+05:30,177.0,339.0,46.8
2025-11-26 05:00:00+05:30,172.0,331.0,46.9
2025-11-26 06:00:00+05:30,170.0,330.0,47.3
2025-11-26 07:00:00+05:30,172.0,335.0,48.3
2025-11-26 08:00:00+05:30,185.0,372.0,49.0
2025-11-26 09:00:00+05:30,185.0,367.0,49.2
2025-11-26 10:00:00+05:30,177.0,350.0,45.6
2025-11-26 11:00:00+05:30,170.0,331.0,41.7
2025-11-26 12:00:00+05:30,122.0,228.0,38.1
2025-11-26 13:00:00+05:30,86.3,162.0,34.9
2025-11-26 14:00:00+05:30,92.0,169.0,33.0
2025-11-26 15:00:00+05:30,80.7,147.0,31.8
2025-11-26 16:00:00+05:30,62.2,113.0,30.6
2025-11-26 17:00:00+05:30,66.1,119.0,31.4
2025-11-26 18:00:00+05:30,73.2,132.0,34.5
2025-11-26 19:00:00+05:30,106.0,187.0,36.5
2025-11-26 20:00:00+05:30,181.0,319.0,39.0
2025-11-26 21:00:00+05:30,191.0,342.0,42.0
2025-11-26 22:00:00+05:30,209.0,384.0,43.7
2025-11-26 23:00:00+05:30,212.0,396.0,45.2
2025-11-27 00:00:00+05:30,213.0,395.0,47.1
2025-11-27 01:00:00+05:30,231.0,438.0,47.7
2025-11-27 02:00:00+05:30,232.0,445.0,49.4
2025-11-27 03:00:00+05:30,235.0,460.0,50.6
2025-11-27 04:00:00+05:30,223.0,436.0,50.1
2025-11-27 05:00:00+05:30,205.0,402.0,47.3
2025-11-27 06:00:00+05:30,210.0,420.0,47.3
2025-11-27 07:00:00+05:30,204.0,410.0,46.8
2025-11-27 08:00:00+05:30,212.0,430.0,48.5
2025-11-27 09:00:00+05:30,216.0,443.0,49.6
2025-11-27 10:00:00+05:30,214.0,444.0,48.3
2025-11-27 11:00:00+05:30,191.0,384.0,45.4
2025-11-27 12:00:00+05:30,145.0,284.0,41.4
2025-11-27 13:00:00+05:30,101.0,190.0,36.6
2025-11-27 14:00:00+05:30,83.3,155.0,34.4
2025-11-27 15:00:00+05:30,75.9,140.0,33.9
2025-11-27 16:00:00+05:30,68.8,126.0,32.5
2025-11-27 17:00:00+05:30,63.7,114.0,33.7
2025-11-27 18:00:00+05:30,70.6,126.0,35.9
2025-11-27 19:00:00+05:30,79.3,141.0,39.3
2025-11-27 20:00:00+05:30,117.0,206.0,43.3
2025-11-27 21:00:00+05:30,142.0,249.0,43.2
2025-11-27 22:00:00+05:30,167.0,292.0,44.7
2025-11-27 23:00:00+05:30,195.0,344.0,47.2
2025-11-28 00:00:00+05:30,215.0,389.0,48.7
2025-11-28 01:00:00+05:30,220.0,405.0,48.6
2025-11-28 02:00:00+05:30,194.0,350.0,47.0
2025-11-28 03:00:00+05:30,205.0,372.0,47.8
2025-11-28 04:00:00+05:30,196.0,358.0,47.9
2025-11-28 05:00:00+05:30,203.0,381.0,48.4
2025-11-28 06:00:00+05:30,226.0,450.0,49.2
2025-11-28 07:00:00+05:30,206.0,400.0,49.6
2025-11-28 08:00:00+05:30,202.0,386.0,49.8
2025-11-28 09:00:00+05:30,218.0,422.0,51.5
2025-11-28 10:00:00+05:30,179.0,331.0,45.9
2025-11-28 11:00:00+05:30,162.0,293.0,40.6
2025-11-28 12:00:00+05:30,132.0,238.0,37.9
2025-11-28 13:00:00+05:30,96.8,172.0,35.3
2025-11-28 14:00:00+05:30,73.7,130.0,34.2
2025-11-28 15:00:00+05:30,63.5,110.0,32.4
2025-11-28 16:00:00+05:30,75.0,129.0,32.2
2025-11-28 17:00:00+05:30,73.1,127.0,33.5
2025-11-28 18:00:00+05:30,92.6,160.0,37.4
2025-11-28 19:00:00+05:30,144.0,260.0,40.8
2025-11-28 20:00:00+05:30,152.0,271.0,42.8
2025-11-28 21:00:00+05:30,188.0,334.0,44.4
2025-11-28 22:00:00+05:30,192.0,345.0,45.6
2025-11-28 23:00:00+05:30,217.0,404.0,47.3
2025-11-29 00:00:00+05:30,209.0,385.0,47.7
2025-11-29 01:00:00+05:30,197.0,354.0,47.7
2025-11-29 02:00:00+05:30,194.0,351.0,47.5
2025-11-29 03:00:00+05:30,159.0,284.0,45.4
2025-11-29 04:00:00+05:30,142.0,254.0,45.0
2025-11-29 05:00:00+05:30,130.0,241.0,42.7
2025-11-29 06:00:00+05:30,105.0,188.0,41.0
2025-11-29 07:00:00+05:30,103.0,188.0,41.2
2025-11-29 08:00:00+05:30,113.0,203.0,42.4
2025-11-29 09:00:00+05:30,108.0,191.0,41.4
2025-11-29 10:00:00+05:30,98.0,173.0,39.6
2025-11-29 11:00:00+05:30,92.8,165.0,39.0
2025-11-29 12:00:00+05:30,91.8,161.0,36.4
2025-11-29 13:00:00+05:30,77.5,136.0,33.6
2025-11-29 14:00:00+05:30,59.9,106.0,30.8
2025-11-29 15:00:00+05:30,54.0,96.2,29.0
2025-11-29 16:00:00+05:30,56.5,100.0,29.4
2025-11-29 17:00:00+05:30,47.3,84.5,29.0
2025-11-29 18:00:00+05:30,51.8,89.6,32.7
2025-11-29 19:00:00+05:30,62.7,105.0,35.6
2025-11-29 20:00:00+05:30,114.0,188.0,37.6
2025-11-29 21:00:00+05:30,135.0,228.0,39.2
2025-11-29 22:00:00+05:30,127.0,216.0,39.6
2025-11-29 23:00:00+05:30,119.0,204.0,39.6
2025-11-30 00:00:00+05:30,116.0,197.0,39.8
2025-11-30 01:00:00+05:30,114.0,194.0,39.9
2025-11-30 02:00:00+05:30,120.0,207.0,39.7
2025-11-30 03:00:00+05:30,133.0,230.0,39.1
2025-11-30 04:00:00+05:30,151.0,263.0,38.8
2025-11-30 05:00:00+05:30,126.0,218.0,38.2
2025-11-30 06:00:00+05:30,104.0,192.0,39.2
2025-11-30 07:00:00+05:30,98.6,180.0,40.1
2025-11-30 08:00:00+05:30,114.0,206.0,41.1
2025-11-30 09:00:00+05:30,123.0,221.0,41.8
2025-11-30 10:00:00+05:30,100.0,187.0,37.5
2025-11-30 11:00:00+05:30,83.4,151.0,33.3
2025-11-30 12:00:00+05:30,92.3,169.0,32.8
2025-11-30 13:00:00+05:30,89.5,164.0,31.0
2025-11-30 14:00:00+05:30,72.6,132.0,29.8
2025-11-30 15:00:00+05:30,56.3,102.0,28.9
2025-11-30 16:00:00+05:30,42.8,78.0,27.2
2025-11-30 17:00:00+05:30,52.6,92.9,28.9
2025-11-30 18:00:00+05:30,73.7,127.0,32.2
2025-11-30 19:00:00+05:30,87.5,152.0,34.6
2025-11-30 20:00:00+05:30,119.0,205.0,37.8
2025-11-30 21:00:00+05:30,132.0,229.0,38.6
2025-11-30 22:00:00+05:30,139.0,241.0,39.4
2025-11-30 23:00:00+05:30,147.0,258.0,40.0
2025-12-01 00:00:00+05:30,155.0,271.0,40.3
2025-12-01 01:00:00+05:30,161.0,283.0,41.1
2025-12-01 02:00:00+05:30,166.0,294.0,40.8
2025-12-01 03:00:00+05:30,166.0,297.0,41.4
2025-12-01 04:00:00+05:30,168.0,302.0,41.9
2025-12-01 05:00:00+05:30,175.0,310.0,43.1
2025-12-01 06:00:00+05:30,160.0,285.0,42.8
2025-12-01 07:00:00+05:30,155.0,279.0,44.1
2025-12-01 08:00:00+05:30,170.0,308.0,46.0
2025-12-01 09:00:00+05:30,176.0,317.0,46.1
2025-12-01 10:00:00+05:30,166.0,308.0,41.5
2025-12-01 11:00:00+05:30,154.0,286.0,36.7
2025-12-01 12:00:00+05:30,152.0,285.0,34.5
2025-12-01 13:00:00+05:30,137.0,253.0,32.4
2025-12-01 14:00:00+05:30,89.3,161.0,28.5
2025-12-01 16:00:00+05:30,86.1,155.0,28.8
2025-12-01 17:00:00+05:30,86.3,156.0,30.2
2025-12-01 18:00:00+05:30,88.0,155.0,32.9
2025-12-01 19:00:00+05:30,95.5,167.0,34.8
2025-12-01 20:00:00+05:30,124.0,214.0,35.3
2025-12-01 21:00:00+05:30,136.0,235.0,36.9
2025-12-01 22:00:00+05:30,173.0,305.0,38.6
2025-12-01 23:00:00+05:30,206.0,376.0,39.4
2025-12-02 00:00:00+05:30,209.0,379.0,42.1
2025-12-02 01:00:00+05:30,223.0,410.0,43.9
2025-12-02 02:00:00+05:30,229.0,428.0,45.0
2025-12-02 03:00:00+05:30,214.0,398.0,44.2
2025-12-02 04:00:00+05:30,198.0,370.0,40.8
2025-12-02 05:00:00+05:30,193.0,361.0,41.6
2025-12-02 06:00:00+05:30,163.0,307.0,38.2
2025-12-02 07:00:00+05:30,155.0,295.0,38.2
2025-12-02 08:00:00+05:30,166.0,317.0,41.6
2025-12-02 09:00:00+05:30,182.0,348.0,44.0
2025-12-02 10:00:00+05:30,188.0,364.0,43.2
2025-12-02 11:00:00+05:30,193.0,373.0,39.7
2025-12-02 12:00:00+05:30,170.0,329.0,36.1
2025-12-02 13:00:00+05:30,146.0,280.0,34.5
2025-12-02 14:00:00+05:30,137.0,264.0,33.9
2025-12-02 15:00:00+05:30,109.0,207.0,35.3
2025-12-02 16:00:00+05:30,122.0,231.0,35.7
2025-12-02 17:00:00+05:30,115.0,213.0,35.9
2025-12-02 18:00:00+05:30,121.0,222.0,39.9
2025-12-02 19:00:00+05:30,136.0,249.0,41.2
2025-12-02 20:00:00+05:30,166.0,303.0,41.8
2025-12-02 21:00:00+05:30,210.0,394.0,42.4
2025-12-02 22:00:00+05:30,190.0,356.0,41.9
2025-12-02 23:00:00+05:30,160.0,297.0,41.7
2025-12-03 00:00:00+05:30,150.0,278.0,42.8
