Local Time,NO,NOX,O3,PM25,NO2,SO2,CO,NH3
2025-09-28 16:00:00+05:30,5.48,0.0167,15.8,,,,,
2025-09-28 17:00:00+05:30,6.78,0.0143,20.3,,,,,
2025-09-28 18:00:00+05:30,5.98,0.0145,17.5,,,,,
2025-09-29 10:00:00+05:30,6.4,0.0158,19.2,,,,,
2025-09-29 11:00:00+05:30,5.54,0.0171,16.0,,,,,
2025-09-29 12:00:00+05:30,6.26,0.0169,18.5,,,,,
2025-09-29 13:00:00+05:30,4.22,0.011,13.6,,,,,
2025-09-29 14:00:00+05:30,5.22,0.0169,16.5,,,,,
2025-09-29 15:00:00+05:30,6.48,0.0151,19.2,,,,,
2025-09-29 16:00:00+05:30,5.99,0.0169,17.6,,,,,
2025-09-29 17:00:00+05:30,6.04,0.0171,17.7,,,,,
2025-09-29 18:00:00+05:30,5.45,0.0176,15.7,,,,,
2025-09-29 19:00:00+05:30,5.6,0.0149,16.2,,,,,
2025-09-29 20:00:00+05:30,5.98,0.0182,17.5,,,,,
2025-09-29 21:00:00+05:30,5.49,0.0169,15.8,,,,,
2025-09-29 22:00:00+05:30,6.02,0.017,17.7,,,,,
2025-09-29 23:00:00+05:30,6.59,0.0135,19.6,,,,,
2025-09-30 00:00:00+05:30,5.45,0.0139,15.7,,,,,
2025-09-30 01:00:00+05:30,5.29,0.0161,15.2,,,,,
2025-09-30 02:00:00+05:30,6.29,0.0164,18.6,,,,,
2025-09-30 03:00:00+05:30,6.7,0.0162,20.0,,,,,
2025-09-30 04:00:00+05:30,6.02,0.0157,17.7,,,,,
2025-09-30 05:00:00+05:30,6.12,0.0151,18.0,,,,,
2025-09-30 06:00:00+05:30,5.9,0.0145,17.2,,,,,
2025-09-30 07:00:00+05:30,6.2,0.0148,18.3,,,,,
2025-09-30 08:00:00+05:30,5.36,0.0157,15.4,,,,,
2025-09-30 09:00:00+05:30,6.32,0.0147,18.7,,,,,
2025-09-30 10:00:00+05:30,5.75,0.0137,16.7,,,,,
2025-09-30 11:00:00+05:30,6.51,0.0154,19.3,,,,,
2025-09-30 12:00:00+05:30,6.01,0.017,17.6,,,,,
2025-09-30 13:00:00+05:30,6.69,0.0155,19.9,,,,,
2025-09-30 14:00:00+05:30,6.22,0.0153,18.3,,,,,
2025-09-30 15:00:00+05:30,6.51,0.0144,19.3,,,,,
2025-09-30 16:00:00+05:30,6.62,0.0153,19.7,,,,,
2025-09-30 17:00:00+05:30,6.79,0.0172,20.3,,,,,
2025-09-30 18:00:00+05:30,6.31,0.0166,18.7,,,,,
2025-09-30 19:00:00+05:30,5.38,0.0164,15.5,,,,,
2025-09-30 20:00:00+05:30,5.16,0.0149,14.7,,,,,
2025-09-30 21:00:00+05:30,6.27,0.0158,18.5,,,,,
2025-09-30 22:00:00+05:30,5.71,0.0191,16.6,,,,,
2025-09-30 23:00:00+05:30,5.55,0.0151,16.0,,,,,
2025-10-01 00:00:00+05:30,5.92,0.0156,17.3,,,,,
2025-10-01 01:00:00+05:30,6.27,0.0167,18.5,,,,,
2025-10-01 02:00:00+05:30,5.51,0.0166,15.9,,,,,
2025-10-01 03:00:00+05:30,6.78,0.016,20.2,,,,,
2025-10-01 04:00:00+05:30,6.33,0.0174,18.7,,,,,
2025-10-01 05:00:00+05:30,5.88,0.0179,17.2,,,,,
2025-10-01 06:00:00+05:30,5.78,0.0159,16.8,,,,,
2025-10-01 07:00:00+05:30,5.41,0.0149,15.6,,,,,
2025-10-01 08:00:00+05:30,5.66,0.0173,16.4,,,,,
2025-10-01 09:00:00+05:30,6.07,0.0155,17.8,,,,,
2025-10-01 10:00:00+05:30,6.25,0.0143,18.5,,,,,
2025-10-01 11:00:00+05:30,5.43,0.0166,15.7,,,,,
2025-10-01 12:00:00+05:30,6.16,0.0177,18.1,,,,,
2025-10-01 13:00:00+05:30,5.3,0.0161,15.2,,,,,
2025-10-01 14:00:00+05:30,6.22,0.016,18.3,,,,,
2025-10-01 15:00:00+05:30,5.61,0.0166,16.2,,,,,
2025-10-01 16:00:00+05:30,6.33,0.0142,18.7,,,,,
2025-10-01 17:00:00+05:30,6.07,0.0171,17.8,,,,,
2025-10-01 18:00:00+05:30,6.01,0.0174,17.6,,,,,
2025-10-01 19:00:00+05:30,5.99,0.0151,17.5,,,,,
2025-10-01 20:00:00+05:30,6.22,0.0155,18.3,,,,,
2025-10-01 21:00:00+05:30,5.34,0.0149,15.4,,,,,
2025-10-01 22:00:00+05:30,6.28,0.0147,18.5,,,,,
2025-10-01 23:00:00+05:30,6.55,0.015,19.5,,,,,
2025-10-02 00:00:00+05:30,5.43,0.0181,15.6,,,,,
2025-10-02 01:00:00+05:30,5.64,0.0142,16.4,,,,,
2025-10-02 02:00:00+05:30,6.46,0.0167,19.1,,,,,
2025-10-02 03:00:00+05:30,6.22,0.0153,18.3,,,,,
2025-10-02 04:00:00+05:30,6.27,0.0163,18.5,,,,,
2025-10-02 05:00:00+05:30,5.75,0.017,16.7,,,,,
2025-10-02 06:00:00+05:30,6.36,0.0169,18.8,,,,,
2025-10-02 07:00:00+05:30,6.15,0.0151,18.1,,,,,
2025-10-02 08:00:00+05:30,5.87,0.0154,17.2,,,,,
2025-10-02 09:00:00+05:30,6.31,0.0157,18.6,,,,,
2025-10-02 10:00:00+05:30,5.42,0.0152,15.6,,,,,
2025-10-02 11:00:00+05:30,6.93,0.0161,20.8,,,,,
2025-10-02 12:00:00+05:30,5.87,0.0149,17.1,,,,,
2025-10-02 13:00:00+05:30,6.82,0.0164,20.4,,,,,
2025-10-02 14:00:00+05:30,6.25,0.0159,18.4,,,,,
2025-10-02 15:00:00+05:30,6.41,0.0176,19.0,,,,,
2025-10-02 16:00:00+05:30,5.83,0.0164,17.0,,,,,
2025-10-02 17:00:00+05:30,6.39,0.0167,18.9,,,,,
2025-10-02 18:00:00+05:30,7.1,0.0172,21.3,,,,,
2025-10-02 19:00:00+05:30,5.86,0.0148,17.1,,,,,
2025-10-02 20:00:00+05:30,5.6,0.0157,16.2,,,,,
2025-10-02 21:00:00+05:30,5.24,0.0162,15.0,,,,,
2025-10-02 22:00:00+05:30,6.84,0.0167,20.4,,,,,
2025-10-02 23:00:00+05:30,5.83,0.0142,17.0,,,,,
2025-10-03 00:00:00+05:30,5.64,0.0175,16.4,,,,,
2025-10-03 01:00:00+05:30,6.55,0.0146,19.4,,,,,
2025-10-03 02:00:00+05:30,6.61,0.0168,19.7,,,,,
2025-10-03 03:00:00+05:30,6.28,0.0167,18.5,,,,,
2025-10-03 04:00:00+05:30,4.5,0.0173,12.5,,,,,
2025-10-03 05:00:00+05:30,5.98,0.0172,17.5,,,,,
2025-10-03 06:00:00+05:30,5.86,0.0176,17.1,,,,,
2025-10-03 07:00:00+05:30,6.28,0.015,18.5,,,,,
2025-10-03 08:00:00+05:30,6.3,0.015,18.6,,,,,
2025-10-03 09:00:00+05:30,6.18,0.0175,18.2,,,,,
2025-10-03 10:00:00+05:30,5.7,0.0167,16.6,,,,,
2025-10-03 11:00:00+05:30,6.04,0.017,17.7,,,,,
2025-10-03 12:00:00+05:30,6.04,0.0159,17.7,,,,,
2025-10-03 13:00:00+05:30,5.61,0.0164,16.3,,,,,
2025-10-03 14:00:00+05:30,6.01,0.0145,17.6,,,,,
2025-10-03 15:00:00+05:30,6.02,0.014,17.7,,,,,
2025-10-03 16:00:00+05:30,6.9,0.0159,20.7,,,,,
2025-10-03 17:00:00+05:30,6.04,0.0142,17.7,,,,,
2025-10-03 18:00:00+05:30,6.35,0.0168,18.8,,,,,
2025-10-03 19:00:00+05:30,6.11,0.0159,18.0,,,,,
2025-10-03 20:00:00+05:30,5.72,0.015,16.6,,,,,
2025-10-03 21:00:00+05:30,6.31,0.0164,18.7,,,,,
2025-10-03 22:00:00+05:30,6.04,0.0165,17.7,,,,,
2025-10-03 23:00:00+05:30,5.98,0.0163,17.5,,,,,
2025-10-04 00:00:00+05:30,6.47,0.0166,19.2,,,,,
2025-10-04 01:00:00+05:30,6.53,0.0199,19.4,,,,,
2025-10-04 02:00:00+05:30,5.55,0.017,16.0,,,,,
2025-10-04 03:00:00+05:30,6.15,0.0157,18.1,,,,,
2025-10-04 04:00:00+05:30,5.79,0.0156,16.9,,,,,
2025-10-04 05:00:00+05:30,6.46,0.0166,19.2,,,,,
2025-10-04 06:00:00+05:30,5.43,0.0172,15.7,,,,,
2025-10-04 07:00:00+05:30,5.82,0.015,17.0,,,,,
2025-10-04 08:00:00+05:30,5.96,0.0176,17.5,,,,,
2025-10-04 09:00:00+05:30,5.85,0.0169,17.1,,,,,
2025-10-04 10:00:00+05:30,6.66,0.0173,19.8,,,,,
2025-10-04 11:00:00+05:30,6.11,0.0154,18.0,,,,,
2025-10-04 12:00:00+05:30,6.3,0.0161,18.6,,,,,
2025-10-04 13:00:00+05:30,6.66,0.0175,19.8,,,,,
2025-10-04 14:00:00+05:30,5.58,0.0162,16.2,,,,,
2025-10-04 15:00:00+05:30,5.59,0.0144,16.2,,,,,
2025-10-04 16:00:00+05:30,6.32,0.017,18.7,,,,,
2025-10-04 17:00:00+05:30,5.9,0.0169,17.2,,,,,
2025-10-04 18:00:00+05:30,5.94,0.0147,17.4,,,,,
2025-10-04 19:00:00+05:30,6.11,0.0148,18.0,,,,,
2025-10-04 20:00:00+05:30,6.26,0.0147,18.5,,,,,
2025-10-04 21:00:00+05:30,6.29,0.017,18.6,,,,,
2025-10-04 22:00:00+05:30,6.54,0.017,19.4,,,,,
2025-10-04 23:00:00+05:30,6.13,0.0161,18.0,,,,,
2025-10-05 00:00:00+05:30,5.56,0.015,16.1,,,,,
2025-10-05 01:00:00+05:30,5.15,0.0133,14.7,,,,,
2025-10-05 02:00:00+05:30,5.23,0.0149,15.0,,,,,
2025-10-05 03:00:00+05:30,6.2,0.0154,18.3,,,,,
2025-10-05 04:00:00+05:30,6.02,0.0167,17.7,,,,,
2025-10-05 05:00:00+05:30,6.27,0.017,18.5,,,,,
2025-10-05 06:00:00+05:30,6.41,0.0145,19.0,,,,,
2025-10-05 07:00:00+05:30,6.0,0.0158,17.6,,,,,
2025-10-05 08:00:00+05:30,5.98,0.0163,17.5,,,,,
2025-10-05 09:00:00+05:30,6.09,0.0154,17.9,,,,,
2025-10-05 10:00:00+05:30,6.13,0.0146,18.0,,,,,
2025-10-05 11:00:00+05:30,5.61,0.0152,16.3,,,,,
2025-10-05 12:00:00+05:30,5.97,0.0154,17.5,,,,,
2025-10-05 13:00:00+05:30,5.77,0.0157,17.8,,,,,
2025-10-05 14:00:00+05:30,6.54,0.016,19.4,,,,,
2025-10-05 15:00:00+05:30,5.01,0.0172,14.2,,,,,
2025-10-05 16:00:00+05:30,5.9,0.0164,17.2,,,,,
2025-10-05 17:00:00+05:30,5.63,0.0146,16.3,,,,,
2025-10-05 18:00:00+05:30,5.54,0.0161,16.0,,,,,
2025-10-05 19:00:00+05:30,5.43,0.0157,15.6,,,,,
2025-10-05 20:00:00+05:30,6.47,0.0142,19.2,,,,,
2025-10-05 21:00:00+05:30,5.97,0.0176,17.5,,,,,
2025-10-05 22:00:00+05:30,6.66,0.0161,19.8,,,,,
2025-10-05 23:00:00+05:30,6.47,0.0187,19.2,,,,,
2025-10-06 00:00:00+05:30,6.08,0.0168,17.8,,,,,
2025-10-06 01:00:00+05:30,5.76,0.0149,16.7,,,,,
2025-10-06 02:00:00+05:30,6.48,0.0179,19.2,,,,,
2025-10-06 03:00:00+05:30,5.83,0.015,17.0,,,,,
2025-10-06 04:00:00+05:30,7.07,0.0159,21.2,,,,,
2025-10-06 05:00:00+05:30,6.59,0.0169,19.6,,,,,
2025-10-06 06:00:00+05:30,5.56,0.0161,16.1,,,,,
2025-10-06 07:00:00+05:30,5.64,0.0152,16.3,,,,,
2025-10-06 08:00:00+05:30,5.98,0.0149,17.5,,,,,
2025-10-06 09:00:00+05:30,6.0,0.0186,17.6,,,,,
2025-10-06 10:00:00+05:30,5.97,0.015,17.5,,,,,
2025-10-06 11:00:00+05:30,5.91,0.016,17.3,,,,,
2025-10-06 12:00:00+05:30,6.61,0.0158,19.7,,,,,
2025-10-06 13:00:00+05:30,6.0,0.0182,17.6,,,,,
2025-10-06 14:00:00+05:30,6.12,0.0161,18.0,,,,,
2025-10-06 15:00:00+05:30,6.18,0.0155,18.2,,,,,
2025-10-06 16:00:00+05:30,6.31,0.0163,18.6,,,,,
2025-10-06 17:00:00+05:30,5.75,0.0144,16.7,,,,,
2025-10-06 18:00:00+05:30,5.96,0.0156,17.4,,,,,
2025-10-06 19:00:00+05:30,5.14,0.0168,14.7,,,,,
2025-10-06 20:00:00+05:30,6.29,0.0171,18.6,,,,,
2025-10-06 21:00:00+05:30,6.52,0.0162,19.3,,,,,
2025-10-06 22:00:00+05:30,5.97,0.017,17.5,,,,,
2025-10-06 23:00:00+05:30,6.51,0.0166,19.3,,,,,
2025-10-07 00:00:00+05:30,7.62,0.0163,23.1,,,,,
2025-10-07 01:00:00+05:30,6.54,0.0152,19.4,,,,,
2025-10-07 02:00:00+05:30,6.18,0.0154,18.2,,,,,
2025-10-07 03:00:00+05:30,6.03,0.0147,17.7,,,,,
2025-10-07 04:00:00+05:30,5.06,0.0168,14.4,,,,,
2025-10-07 05:00:00+05:30,5.68,0.0172,16.5,,,,,
2025-10-07 06:00:00+05:30,5.76,0.0155,16.8,,,,,
2025-10-07 07:00:00+05:30,6.21,0.0173,18.3,,,,,
2025-10-07 08:00:00+05:30,6.32,0.0163,18.7,,,,,
2025-10-07 09:00:00+05:30,5.83,0.014,17.0,,,,,
2025-10-07 10:00:00+05:30,6.43,0.0164,19.1,,,,,
2025-10-07 11:00:00+05:30,6.16,0.0167,17.0,,,,,
2025-10-07 12:00:00+05:30,5.76,0.0155,16.8,,,,,
2025-10-07 13:00:00+05:30,5.63,0.0141,16.3,,,,,
2025-10-07 14:00:00+05:30,6.1,0.0155,17.9,,,,,
2025-10-07 15:00:00+05:30,5.81,0.018,16.9,,,,,
2025-10-07 16:00:00+05:30,6.22,0.0137,18.3,,,,,
2025-10-07 17:00:00+05:30,6.42,0.0161,19.0,,,,,
2025-10-07 18:00:00+05:30,5.9,0.0149,17.3,,,,,
2025-10-07 19:00:00+05:30,6.13,0.0125,18.0,,,,,
2025-10-07 20:00:00+05:30,5.74,0.0102,16.7,,,,,
2025-10-07 21:00:00+05:30,6.99,0.0144,20.9,,,,,
2025-10-07 22:00:00+05:30,6.04,0.0143,17.7,,,,,
2025-10-07 23:00:00+05:30,5.89,0.0155,17.2,,,,,
2025-10-08 00:00:00+05:30,4.32,0.0165,11.9,,,,,
2025-10-08 01:00:00+05:30,5.57,0.0157,16.1,,,,,
2025-10-08 02:00:00+05:30,5.13,0.0144,14.6,,,,,
2025-10-08 03:00:00+05:30,5.68,0.0161,16.5,,,,,
2025-10-08 04:00:00+05:30,6.38,0.0173,18.9,,,,,
2025-10-08 05:00:00+05:30,6.18,0.0163,18.2,,,,,
2025-10-08 06:00:00+05:30,5.8,0.0161,16.9,,,,,
2025-10-08 07:00:00+05:30,6.09,0.0151,17.9,,,,,
2025-10-08 08:00:00+05:30,5.63,0.0173,16.3,,,,,
2025-10-08 09:00:00+05:30,5.75,0.0171,16.7,,,,,
2025-10-08 10:00:00+05:30,5.59,0.0175,16.2,,,,,
2025-10-08 11:00:00+05:30,6.21,0.0151,18.3,,,,,
2025-10-08 12:00:00+05:30,6.33,0.0144,18.7,,,,,
2025-10-08 13:00:00+05:30,4.68,0.0139,13.1,,,,,
2025-10-08 14:00:00+05:30,6.24,0.016,18.4,,,,,
2025-10-08 15:00:00+05:30,5.58,0.0154,16.2,,,,,
2025-10-08 16:00:00+05:30,6.04,0.0143,17.7,,,,,
2025-10-08 17:00:00+05:30,5.69,0.0172,16.5,,,,,
2025-10-08 18:00:00+05:30,6.54,0.0179,19.4,,,,,
2025-10-08 19:00:00+05:30,6.29,0.0142,18.6,,,,,
2025-10-08 20:00:00+05:30,5.9,0.0159,17.2,,,,,
2025-10-08 21:00:00+05:30,5.94,0.0151,17.4,,,,,
2025-10-08 22:00:00+05:30,6.62,0.016,19.7,,,,,
2025-10-08 23:00:00+05:30,6.21,0.0165,18.3,,,,,
2025-10-09 00:00:00+05:30,5.59,0.0165,16.2,,,,,
2025-10-09 01:00:00+05:30,5.92,0.0167,17.3,,,,,
2025-10-09 02:00:00+05:30,6.6,0.0157,19.6,,,,,
2025-10-09 03:00:00+05:30,5.88,0.0162,17.2,,,,,
2025-10-09 04:00:00+05:30,5.13,0.0134,14.6,,,,,
2025-10-09 05:00:00+05:30,5.43,0.0156,15.7,,,,,
2025-10-09 06:00:00+05:30,6.58,0.0136,19.5,,,,,
2025-10-09 07:00:00+05:30,6.59,0.0155,19.6,,,,,
2025-10-09 08:00:00+05:30,6.29,0.0164,18.6,,,,,
2025-10-09 09:00:00+05:30,5.57,0.0155,16.1,,,,,
2025-10-09 10:00:00+05:30,5.51,0.0148,15.9,,,,,
2025-10-09 11:00:00+05:30,5.64,0.0163,16.3,,,,,
2025-10-09 12:00:00+05:30,6.49,0.016,19.3,,,,,
2025-10-09 13:00:00+05:30,5.74,0.0164,16.7,,,,,
2025-10-09 14:00:00+05:30,6.23,0.0159,18.4,,,,,
2025-10-09 15:00:00+05:30,5.83,0.0159,17.0,,,,,
2025-10-09 16:00:00+05:30,6.35,0.0148,18.8,,,,,
2025-10-09 17:00:00+05:30,5.43,0.0154,15.6,,,,,
2025-10-09 18:00:00+05:30,5.98,0.0154,17.5,,,,,
2025-10-09 19:00:00+05:30,6.01,0.0158,17.6,,,,,
2025-10-09 20:00:00+05:30,5.98,0.0161,17.5,,,,,
2025-10-09 21:00:00+05:30,5.92,0.0163,17.3,,,,,
2025-10-09 22:00:00+05:30,5.5,0.0165,15.9,,,,,
2025-10-09 23:00:00+05:30,6.43,0.014,19.0,,,,,
2025-10-10 00:00:00+05:30,5.77,0.0185,16.8,,,,,
2025-10-10 01:00:00+05:30,6.48,0.0154,19.2,,,,,
2025-10-10 02:00:00+05:30,6.22,0.0154,18.3,,,,,
2025-10-10 03:00:00+05:30,6.55,0.0169,19.5,,,,,
2025-10-10 04:00:00+05:30,5.71,0.0141,16.6,,,,,
2025-10-10 05:00:00+05:30,6.32,0.0165,18.7,,,,,
2025-10-10 06:00:00+05:30,5.64,0.0165,16.3,,,,,
2025-10-10 07:00:00+05:30,6.93,0.0173,20.8,,,,,
2025-10-10 08:00:00+05:30,5.66,0.0153,16.4,,,,,
2025-10-10 09:00:00+05:30,6.08,0.0165,17.8,,,,,
2025-10-10 10:00:00+05:30,7.02,0.0162,21.0,,,,,
2025-10-10 11:00:00+05:30,6.23,0.0155,18.4,,,,,
2025-10-10 12:00:00+05:30,4.77,0.0172,13.4,,,,,
2025-10-10 13:00:00+05:30,5.76,0.0156,16.8,,,,,
2025-10-10 14:00:00+05:30,5.43,0.0146,15.6,,,,,
2025-10-10 15:00:00+05:30,5.79,0.0146,16.9,,,,,
2025-10-10 16:00:00+05:30,6.65,0.0151,19.8,,,,,
2025-10-10 17:00:00+05:30,5.99,0.0136,17.5,,,,,
2025-10-10 19:00:00+05:30,6.58,0.0181,19.6,,,,,
2025-10-10 20:00:00+05:30,5.33,0.0155,15.3,,,,,
2025-10-10 21:00:00+05:30,6.23,0.0184,18.4,,,,,
2025-10-10 22:00:00+05:30,6.61,0.0169,19.7,,,,,
2025-10-10 23:00:00+05:30,6.4,0.0149,19.0,,,,,
2025-10-11 00:00:00+05:30,6.78,0.0165,20.3,,,,,
2025-10-11 02:00:00+05:30,5.47,0.0153,15.8,,,,,
2025-10-11 03:00:00+05:30,5.62,0.0157,16.3,,,,,
2025-10-11 04:00:00+05:30,6.3,0.0146,18.6,,,,,
2025-10-11 05:00:00+05:30,6.9,0.0171,20.6,,,,,
2025-10-11 06:00:00+05:30,4.87,0.0169,13.7,,,,,
2025-10-11 07:00:00+05:30,5.83,0.0154,17.0,,,,,
2025-10-11 08:00:00+05:30,6.52,0.0171,19.4,,,,,
2025-10-11 09:00:00+05:30,6.49,0.0156,19.3,,,,,
2025-10-11 10:00:00+05:30,6.79,0.014,20.3,,,,,
2025-10-11 11:00:00+05:30,5.5,0.0173,15.9,,,,,
2025-10-11 12:00:00+05:30,5.65,0.0152,16.4,,,,,
2025-10-11 13:00:00+05:30,6.25,0.0166,18.4,,,,,
2025-10-11 14:00:00+05:30,6.38,0.0144,18.9,,,,,
2025-10-11 15:00:00+05:30,5.72,0.0164,16.6,,,,,
2025-10-11 16:00:00+05:30,5.33,0.0162,15.3,,,,,
2025-10-11 17:00:00+05:30,6.5,0.016,19.3,,,,,
2025-10-11 18:00:00+05:30,6.2,0.0153,18.3,,,,,
2025-10-11 19:00:00+05:30,5.58,0.0167,16.2,,,,,
2025-10-11 20:00:00+05:30,5.07,0.0155,14.4,,,,,
2025-10-11 21:00:00+05:30,5.97,0.0168,17.5,,,,,
2025-10-11 22:00:00+05:30,5.83,0.0179,17.0,,,,,
2025-10-11 23:00:00+05:30,5.96,0.0149,17.5,,,,,
2025-10-12 00:00:00+05:30,5.75,0.0158,16.7,,,,,
2025-10-12 01:00:00+05:30,6.04,0.0159,17.7,,,,,
2025-10-12 02:00:00+05:30,5.71,0.0135,16.6,,,,,
2025-10-12 03:00:00+05:30,5.81,0.016,16.9,,,,,
2025-10-12 04:00:00+05:30,6.23,0.0146,18.3,,,,,
2025-10-12 05:00:00+05:30,5.65,0.0169,16.4,,,,,
2025-10-12 06:00:00+05:30,5.4,0.0176,15.5,,,,,
2025-10-12 07:00:00+05:30,6.67,0.0176,19.8,,,,,
2025-10-12 08:00:00+05:30,6.54,0.016,19.4,,,,,
2025-10-12 09:00:00+05:30,5.87,0.0149,17.1,,,,,
2025-10-12 10:00:00+05:30,5.86,0.0167,17.1,,,,,
2025-10-12 11:00:00+05:30,5.81,0.0152,17.0,,,,,
2025-10-12 12:00:00+05:30,6.5,0.0141,19.3,,,,,
2025-10-12 13:00:00+05:30,6.39,0.0143,18.9,,,,,
2025-10-12 14:00:00+05:30,5.76,0.0151,16.8,,,,,
2025-10-12 15:00:00+05:30,5.72,0.0166,16.6,,,,,
2025-10-12 16:00:00+05:30,6.37,0.0162,18.8,,,,,
2025-10-12 17:00:00+05:30,6.45,0.0163,19.1,,,,,
2025-10-12 18:00:00+05:30,6.16,0.015,18.1,,,,,
2025-10-12 19:00:00+05:30,5.72,0.0156,16.6,,,,,
2025-10-12 20:00:00+05:30,6.45,0.016,19.1,,,,,
2025-10-12 21:00:00+05:30,5.85,0.0156,17.1,,,,,
2025-10-12 22:00:00+05:30,6.34,0.0177,18.8,,,,,
2025-10-12 23:00:00+05:30,5.97,0.0133,17.5,,,,,
2025-10-13 00:00:00+05:30,5.75,0.0152,16.7,,,,,
2025-10-13 01:00:00+05:30,4.87,0.0172,13.7,,,,,
2025-10-13 02:00:00+05:30,5.57,0.0172,16.1,,,,,
2025-10-13 03:00:00+05:30,5.4,0.0162,15.5,,,,,
2025-10-13 04:00:00+05:30,6.35,0.0154,18.8,,,,,
2025-10-13 05:00:00+05:30,6.54,0.0164,19.4,,,,,
2025-10-13 06:00:00+05:30,5.91,0.0164,17.3,,,,,
2025-10-13 07:00:00+05:30,5.75,0.0172,16.7,,,,,
2025-10-13 08:00:00+05:30,5.41,0.0158,15.6,,,,,
2025-10-13 09:00:00+05:30,5.73,0.0139,16.7,,,,,
2025-10-13 10:00:00+05:30,5.46,0.0164,15.8,,,,,
2025-10-13 11:00:00+05:30,6.55,0.0169,19.4,,,,,
2025-10-13 12:00:00+05:30,5.87,0.0184,17.2,,,,,
2025-10-13 13:00:00+05:30,5.88,0.0151,17.2,,,,,
2025-10-13 14:00:00+05:30,5.77,0.0152,16.8,,,,,
2025-10-13 15:00:00+05:30,5.26,0.0153,15.1,,,,,
2025-10-13 16:00:00+05:30,5.66,0.016,16.4,,,,,
2025-10-13 17:00:00+05:30,6.13,0.0158,18.0,,,,,
2025-10-13 18:00:00+05:30,6.22,0.0168,18.4,,,,,
2025-10-13 19:00:00+05:30,5.94,0.0162,17.4,,,,,
2025-10-13 20:00:00+05:30,5.67,0.017,16.5,,,,,
2025-10-13 21:00:00+05:30,6.14,0.0179,18.1,,,,,
2025-10-13 22:00:00+05:30,5.57,0.0149,16.1,,,,,
2025-10-13 23:00:00+05:30,6.43,0.0149,19.1,,,,,
2025-10-14 00:00:00+05:30,6.72,0.0144,20.0,,,,,
2025-10-14 01:00:00+05:30,5.67,0.0139,16.5,,,,,
2025-10-14 02:00:00+05:30,5.94,0.0164,17.4,,,,,
2025-10-14 03:00:00+05:30,5.62,0.0158,16.3,,,,,
2025-10-14 04:00:00+05:30,6.33,0.0167,18.7,,,,,
2025-10-14 05:00:00+05:30,5.76,0.0169,16.8,,,,,
2025-10-14 06:00:00+05:30,6.17,0.0148,18.2,,,,,
2025-10-14 07:00:00+05:30,6.4,0.0165,19.0,,,,,
2025-10-14 08:00:00+05:30,5.59,0.0172,16.2,,,,,
2025-10-14 09:00:00+05:30,6.54,0.016,19.4,,,,,
2025-10-14 10:00:00+05:30,5.81,0.0132,16.9,,,,,
2025-10-14 11:00:00+05:30,6.11,0.0159,18.0,,,,,
2025-10-14 12:00:00+05:30,5.73,0.0146,16.7,,,,,
2025-10-14 13:00:00+05:30,6.47,0.0169,19.2,,,,,
2025-10-14 14:00:00+05:30,6.11,0.0151,17.9,,,,,
2025-10-14 15:00:00+05:30,6.47,0.016,19.2,,,,,
2025-10-14 16:00:00+05:30,6.6,0.0159,19.6,,,,,
2025-10-14 17:00:00+05:30,6.19,0.0163,18.3,,,,,
2025-10-14 18:00:00+05:30,5.9,0.013,17.3,,,,,
2025-10-14 19:00:00+05:30,5.47,0.018,15.8,,,,,
2025-10-14 20:00:00+05:30,5.41,0.0137,15.6,,,,,
2025-10-15 16:00:00+05:30,6.32,0.0158,18.7,,,,,
2025-10-15 17:00:00+05:30,5.91,0.015,17.3,,,,,
2025-10-15 18:00:00+05:30,5.98,0.0162,17.5,,,,,
2025-10-15 21:00:00+05:30,5.96,0.0171,17.5,,,,,
2025-10-15 22:00:00+05:30,5.94,0.0156,17.4,,,,,
2025-10-15 23:00:00+05:30,5.64,0.0164,16.4,,,,,
2025-10-16 00:00:00+05:30,6.37,0.016,18.9,,,,,
2025-10-16 01:00:00+05:30,5.97,0.0163,17.5,,,,,
2025-10-16 02:00:00+05:30,5.98,0.0144,17.5,,,,,
2025-10-16 03:00:00+05:30,6.05,0.0159,17.7,,,,,
2025-10-16 04:00:00+05:30,5.92,0.0148,17.3,,,,,
2025-10-16 05:00:00+05:30,6.8,0.0167,20.3,,,,,
2025-10-16 06:00:00+05:30,5.795,0.0153499999999999,16.9,,,,,
2025-10-16 07:00:00+05:30,5.98,0.0149,17.5,,,,,
2025-10-16 08:00:00+05:30,6.25,0.0151,18.4,,,,,
2025-10-16 09:00:00+05:30,6.12,0.0155,18.0,,,,,
2025-10-16 10:00:00+05:30,5.89,0.0149,17.2,,,,,
2025-10-16 11:00:00+05:30,5.97,0.0148,17.5,,,,,
2025-10-16 12:00:00+05:30,5.94,0.0166,17.4,,,,,
2025-10-16 13:00:00+05:30,5.74,0.0136,16.7,,,,,
2025-10-16 14:00:00+05:30,6.54,0.018,19.4,,,,,
2025-10-16 15:00:00+05:30,5.82,0.0149,17.0,,,,,
2025-10-16 16:00:00+05:30,6.37,0.0165,18.8,,,,,
2025-10-16 17:00:00+05:30,6.01,0.0169,17.6,,,,,
2025-10-16 18:00:00+05:30,5.28,0.0181,15.1,,,,,
2025-10-16 19:00:00+05:30,5.29,0.0167,15.2,,,,,
2025-10-16 20:00:00+05:30,5.96,0.0148,17.4,,,,,
2025-10-16 21:00:00+05:30,6.49,0.0157,19.3,,,,,
2025-10-16 22:00:00+05:30,6.08,0.0186,17.8,,,,,
2025-10-16 23:00:00+05:30,6.03,0.0178,17.7,,,,,
2025-10-17 00:00:00+05:30,5.54,0.0171,16.0,,,,,
2025-10-17 01:00:00+05:30,6.64,0.0161,19.8,,,,,
2025-10-17 02:00:00+05:30,6.04,0.0173,17.7,,,,,
2025-10-17 03:00:00+05:30,5.18,0.0185,14.8,,,,,
2025-10-17 04:00:00+05:30,6.01,0.0143,17.6,,,,,
2025-10-17 05:00:00+05:30,6.11,0.0164,18.0,,,,,
2025-10-17 06:00:00+05:30,5.92,0.0149,17.3,,,,,
2025-10-17 07:00:00+05:30,6.86,0.0157,20.5,,,,,
2025-10-17 08:00:00+05:30,6.92,0.0147,20.7,,,,,
2025-10-17 09:00:00+05:30,5.98,0.0165,17.5,,,,,
2025-10-17 10:00:00+05:30,4.89,0.0159,13.8,,,,,
2025-10-17 11:00:00+05:30,6.21,0.0152,18.3,,,,,
2025-10-17 12:00:00+05:30,6.83,0.0153,20.4,,,,,
2025-10-17 13:00:00+05:30,6.03,0.0155,17.7,,,,,
2025-10-17 14:00:00+05:30,6.29,0.0157,18.6,,,,,
2025-10-17 15:00:00+05:30,5.6,0.0181,16.2,,,,,
2025-10-17 16:00:00+05:30,6.1,0.0173,17.9,,,,,
2025-10-17 17:00:00+05:30,5.71,0.0179,16.6,,,,,
2025-10-17 18:00:00+05:30,6.08,0.015,17.8,,,,,
2025-10-17 19:00:00+05:30,5.93,0.0153,17.4,,,,,
2025-10-17 20:00:00+05:30,6.66,0.0152,19.8,,,,,
2025-10-17 21:00:00+05:30,6.21,0.0179,18.3,,,,,
2025-10-17 22:00:00+05:30,5.73,0.0157,16.6,,,,,
2025-10-17 23:00:00+05:30,5.73,0.0163,16.7,,,,,
2025-10-18 00:00:00+05:30,5.96,0.0182,17.4,,,,,
2025-10-18 01:00:00+05:30,6.13,0.0157,18.0,,,,,
2025-10-18 02:00:00+05:30,5.81,0.0176,16.9,,,,,
2025-10-18 03:00:00+05:30,6.08,0.0181,17.8,,,,,
2025-10-18 04:00:00+05:30,6.28,0.0161,18.5,,,,,
2025-10-18 05:00:00+05:30,6.04,0.0165,17.7,,,,,
2025-10-18 06:00:00+05:30,6.64,0.016,19.8,,,,,
2025-10-18 07:00:00+05:30,6.03,0.0151,17.7,,,,,
2025-10-18 08:00:00+05:30,5.3,0.0138,15.2,,,,,
2025-10-18 09:00:00+05:30,6.4,0.018,19.0,,,,,
2025-10-18 10:00:00+05:30,5.43,0.0156,15.6,,,,,
2025-10-18 11:00:00+05:30,6.65,0.016,19.8,,,,,
2025-10-18 12:00:00+05:30,5.67,0.0157,16.5,,,,,
2025-10-18 13:00:00+05:30,5.78,0.0152,16.8,,,,,
2025-10-18 14:00:00+05:30,5.32,0.0185,15.3,,,,,
2025-10-18 15:00:00+05:30,6.0,0.0156,17.6,,,,,
2025-10-18 16:00:00+05:30,5.95,0.0154,17.4,,,,,
2025-10-18 17:00:00+05:30,6.28,0.0149,18.5,,,,,
2025-10-18 18:00:00+05:30,6.24,0.0156,18.4,,,,,
2025-10-18 19:00:00+05:30,6.2,0.0161,18.3,,,,,
2025-10-18 20:00:00+05:30,6.45,0.0178,19.1,,,,,
2025-10-18 21:00:00+05:30,6.14,0.015,18.1,,,,,
2025-10-18 22:00:00+05:30,5.76,0.016,16.8,,,,,
2025-10-18 23:00:00+05:30,6.32,0.0161,18.7,,,,,
2025-10-19 00:00:00+05:30,5.98,0.0179,17.5,,,,,
2025-10-19 01:00:00+05:30,6.23,0.0156,18.4,,,,,
2025-10-19 02:00:00+05:30,5.92,0.0161,17.3,,,,,
2025-10-19 03:00:00+05:30,6.24,0.0156,18.4,,,,,
2025-10-19 04:00:00+05:30,5.7,0.0161,16.6,,,,,
2025-10-19 05:00:00+05:30,5.76,0.0161,16.8,,,,,
2025-10-19 06:00:00+05:30,5.34,0.0146,15.3,,,,,
2025-10-19 07:00:00+05:30,5.53,0.0165,16.0,,,,,
2025-10-19 08:00:00+05:30,5.85,0.0151,17.1,,,,,
2025-10-19 09:00:00+05:30,6.03,0.0168,17.7,,,,,
2025-10-19 10:00:00+05:30,5.81,0.0159,16.9,,,,,
2025-10-19 11:00:00+05:30,6.6,0.0158,19.6,,,,,
2025-10-19 12:00:00+05:30,5.53,0.0167,16.0,,,,,
2025-10-19 13:00:00+05:30,6.11,0.0156,17.9,,,,,
2025-10-19 14:00:00+05:30,6.01,0.0149,17.6,,,,,
2025-10-19 15:00:00+05:30,6.03,0.0159,17.7,,,,,
2025-10-19 16:00:00+05:30,5.8,0.0152,16.9,,,,,
2025-10-19 17:00:00+05:30,5.8,0.0149,16.9,,,,,
2025-10-19 18:00:00+05:30,6.11,0.0159,18.0,,,,,
2025-10-19 19:00:00+05:30,6.21,0.0157,18.3,,,,,
2025-10-19 20:00:00+05:30,6.05,0.0162,17.8,,,,,
2025-10-19 21:00:00+05:30,5.67,0.017,16.5,,,,,
2025-10-19 22:00:00+05:30,6.35,0.0154,18.8,,,,,
2025-10-19 23:00:00+05:30,6.2,0.0164,17.8,,,,,
2025-10-20 00:00:00+05:30,6.61,0.0159,19.7,,,,,
2025-10-20 01:00:00+05:30,6.32,0.0163,18.7,,,,,
2025-10-20 02:00:00+05:30,6.22,0.0158,18.3,,,,,
2025-10-20 03:00:00+05:30,5.94,0.0168,17.4,,,,,
2025-10-20 04:00:00+05:30,5.95,0.0173,17.4,,,,,
2025-10-20 05:00:00+05:30,6.21,0.0154,18.3,,,,,
2025-10-20 06:00:00+05:30,5.7,0.0173,16.6,,,,,
2025-10-20 07:00:00+05:30,5.71,0.0146,16.6,,,,,
2025-10-20 08:00:00+05:30,5.96,0.0167,17.5,,,,,
2025-10-20 09:00:00+05:30,6.05,0.0157,17.7,,,,,
2025-10-20 10:00:00+05:30,5.21,0.0192,14.9,,,,,
2025-10-20 15:00:00+05:30,6.55,0.0174,19.5,,,,,
2025-10-20 16:00:00+05:30,6.31,0.0159,18.6,,,,,
2025-10-20 17:00:00+05:30,5.54,0.0166,16.0,,,,,
2025-10-20 18:00:00+05:30,5.76,0.0147,16.8,,,,,
2025-10-20 19:00:00+05:30,5.75,0.0149,16.7,,,,,
2025-10-20 20:00:00+05:30,6.02,0.0154,17.7,,,,,
2025-10-20 23:00:00+05:30,6.02,0.0158,17.7,,,,,
2025-10-21 00:00:00+05:30,5.21,0.0165,14.9,,,,,
2025-10-21 01:00:00+05:30,6.79,0.0179,17.4,,,,,
2025-10-21 02:00:00+05:30,6.47,0.0159,19.1,,,,,
2025-10-21 03:00:00+05:30,6.1,0.0157,17.8,,,,,
2025-10-21 04:00:00+05:30,6.03,0.0157,17.8,,,,,
2025-10-21 05:00:00+05:30,5.89,0.0154,18.3,,,,,
2025-10-21 06:00:00+05:30,5.62,0.0157,16.4,,,,,
2025-10-21 07:00:00+05:30,5.88,0.015,17.2,,,,,
2025-10-21 08:00:00+05:30,5.67,0.0154,16.5,,,,,
2025-10-21 09:00:00+05:30,5.97,0.0163,17.5,,,,,
2025-10-21 10:00:00+05:30,5.42,0.015,15.6,,,,,
2025-10-21 11:00:00+05:30,5.61,0.0155,16.3,,,,,
2025-10-21 12:00:00+05:30,6.35,0.015,18.8,,,,,
2025-10-21 13:00:00+05:30,5.87,0.0155,17.2,,,,,
2025-10-21 14:00:00+05:30,6.03,0.0152,17.7,,,,,
2025-10-21 15:00:00+05:30,6.01,0.0177,17.6,,,,,
2025-10-21 16:00:00+05:30,6.35,0.0163,18.8,,,,,
2025-10-21 17:00:00+05:30,6.22,0.0158,18.3,,,,,
2025-10-21 18:00:00+05:30,5.98,0.0169,17.5,,,,,
2025-10-21 19:00:00+05:30,6.89,0.0155,20.6,,,,,
2025-10-21 20:00:00+05:30,5.96,0.0156,17.4,,,,,
2025-10-21 21:00:00+05:30,6.03,0.0159,17.7,,,,,
2025-10-21 22:00:00+05:30,6.38,0.0145,18.9,,,,,
2025-10-21 23:00:00+05:30,5.38,0.0153,15.5,,,,,
2025-10-22 00:00:00+05:30,6.35,0.0158,18.8,,,,,
2025-10-22 01:00:00+05:30,6.02,0.0163,17.6,,,,,
2025-10-22 02:00:00+05:30,6.24,0.0162,18.4,,,,,
2025-10-22 03:00:00+05:30,5.69,0.0168,16.5,,,,,
2025-10-22 04:00:00+05:30,6.13,0.0158,18.0,,,,,
2025-10-22 05:00:00+05:30,5.85,0.0169,17.1,,,,,
2025-10-22 06:00:00+05:30,5.76,0.0157,16.8,,,,,
2025-10-22 07:00:00+05:30,6.59,0.0152,19.6,,,,,
2025-10-22 08:00:00+05:30,5.45,0.0148,15.7,,,,,
2025-10-22 09:00:00+05:30,5.93,0.0152,17.3,,,,,
2025-10-22 10:00:00+05:30,6.06,0.016,17.8,,,,,
2025-10-22 11:00:00+05:30,5.58,0.0166,16.1,,,,,
2025-10-22 12:00:00+05:30,5.91,0.0166,17.3,,,,,
2025-10-22 13:00:00+05:30,5.72,0.0158,16.6,,,,,
2025-10-22 14:00:00+05:30,5.5,0.0158,15.9,,,,,
2025-10-22 15:00:00+05:30,4.69,0.0173,13.1,,,,,
2025-10-22 16:00:00+05:30,6.3,0.0153,18.6,,,,,
2025-10-22 17:00:00+05:30,6.1,0.0165,17.9,,,,,
2025-10-22 18:00:00+05:30,5.75,0.0154,16.7,,,,,
2025-10-22 19:00:00+05:30,6.34,0.0158,18.7,,,,,
2025-10-22 20:00:00+05:30,6.3,0.0159,18.6,,,,,
2025-10-22 21:00:00+05:30,5.99,0.0153,17.6,,,,,
2025-10-22 22:00:00+05:30,5.99,0.017,17.5,,,,,
2025-10-22 23:00:00+05:30,5.58,0.0162,16.1,,,,,
2025-10-23 00:00:00+05:30,5.94,0.0154,17.4,,,,,
2025-10-23 01:00:00+05:30,4.93,0.016,13.9,,,,,
2025-10-23 02:00:00+05:30,6.27,0.0167,18.5,,,,,
2025-10-23 03:00:00+05:30,5.88,0.0157,17.2,,,,,
2025-10-23 04:00:00+05:30,6.42,0.0164,19.0,,,,,
2025-10-23 05:00:00+05:30,5.8,0.016,16.9,,,,,
2025-10-23 06:00:00+05:30,6.33,0.016,18.7,,,,,
2025-10-23 07:00:00+05:30,6.0,0.0166,17.6,,,,,
2025-10-23 08:00:00+05:30,5.75,0.0164,16.7,,,,,
2025-10-23 09:00:00+05:30,5.53,0.0161,16.0,,,,,
2025-10-23 10:00:00+05:30,5.74,0.0165,16.7,,,,,
2025-10-23 11:00:00+05:30,6.42,0.0161,19.0,,,,,
2025-10-23 12:00:00+05:30,5.81,0.0164,16.9,,,,,
2025-10-23 13:00:00+05:30,6.9,0.0167,20.6,,,,,
2025-10-23 14:00:00+05:30,5.09,0.0154,14.5,,,,,
2025-10-23 15:00:00+05:30,6.23,0.016,18.4,,,,,
2025-10-23 16:00:00+05:30,6.64,0.0153,19.7,,,,,
2025-10-23 17:00:00+05:30,5.81,0.0157,16.9,,,,,
2025-10-23 18:00:00+05:30,5.84,0.0161,17.0,,,,,
2025-10-23 19:00:00+05:30,5.44,0.0159,15.7,,,,,
2025-10-23 20:00:00+05:30,5.87,0.0158,17.1,,,,,
2025-10-23 21:00:00+05:30,5.77,0.0155,16.8,,,,,
2025-10-23 22:00:00+05:30,6.87,0.0152,20.5,,,,,
2025-10-23 23:00:00+05:30,5.65,0.016,16.4,,,,,
2025-10-24 00:00:00+05:30,5.61,0.0156,16.3,,,,,
2025-10-24 01:00:00+05:30,6.73,0.0161,20.1,,,,,
2025-10-24 02:00:00+05:30,6.53,0.0165,19.4,,,,,
2025-10-24 03:00:00+05:30,5.76,0.0165,16.8,,,,,
2025-10-24 04:00:00+05:30,5.71,0.0142,16.6,,,,,
2025-10-24 05:00:00+05:30,5.67,0.0169,16.5,,,,,
2025-10-24 06:00:00+05:30,6.55,0.0155,19.5,,,,,
2025-10-24 07:00:00+05:30,5.74,0.0151,16.7,,,,,
2025-10-24 08:00:00+05:30,7.07,0.0162,21.2,,,,,
2025-10-24 09:00:00+05:30,5.55,0.0161,16.0,,,,,
2025-10-24 10:00:00+05:30,5.88,0.0166,17.2,,,,,
2025-10-24 11:00:00+05:30,5.99,0.0171,17.5,,,,,
2025-10-24 12:00:00+05:30,5.94,0.0156,17.4,,,,,
2025-10-24 13:00:00+05:30,9.91,0.0198,16.5,,,,,
2025-10-24 14:00:00+05:30,10.8,0.0208,17.6,,,,,
2025-10-24 15:00:00+05:30,10.5,0.0203,16.9,,,,,
2025-10-24 16:00:00+05:30,10.1,0.0212,16.5,,,,,
2025-10-24 17:00:00+05:30,10.7,0.0206,15.7,,,,,
2025-10-24 18:00:00+05:30,10.9,0.0209,16.7,,,,,
2025-10-24 19:00:00+05:30,9.8,0.0213,17.0,,,,,
2025-10-24 20:00:00+05:30,10.5,0.0211,17.4,,,,,
2025-10-24 21:00:00+05:30,10.7,0.0214,16.4,,,,,
2025-10-24 22:00:00+05:30,11.0,0.0205,16.1,,,,,
2025-10-24 23:00:00+05:30,10.3,0.0209,18.2,,,,,
2025-10-25 00:00:00+05:30,10.8,0.0212,17.8,,,,,
2025-10-25 01:00:00+05:30,10.5,0.0212,19.4,,,,,
2025-10-25 02:00:00+05:30,9.79,0.0205,19.1,,,,,
2025-10-25 03:00:00+05:30,10.2,0.0215,15.3,,,,,
2025-10-25 04:00:00+05:30,9.87,0.0209,15.7,,,,,
2025-10-25 05:00:00+05:30,10.1,0.0206,17.9,,,,,
2025-10-25 06:00:00+05:30,10.4,0.0206,17.1,,,,,
2025-10-25 07:00:00+05:30,9.84,0.021,16.5,,,,,
2025-10-25 08:00:00+05:30,10.1,0.021,17.5,,,,,
2025-10-25 09:00:00+05:30,10.8,0.0208,17.9,,,,,
2025-10-25 10:00:00+05:30,10.4,0.0206,18.5,,,,,
2025-10-25 11:00:00+05:30,10.4,0.021,15.8,,,,,
2025-10-25 12:00:00+05:30,10.4,0.021,18.7,,,,,
2025-10-25 13:00:00+05:30,10.5,0.0206,18.8,,,,,
2025-10-25 14:00:00+05:30,10.3,0.0204,16.4,,,,,
2025-10-25 15:00:00+05:30,10.7,0.0209,18.8,,,,,
2025-10-25 16:00:00+05:30,9.92,0.0212,16.9,,,,,
2025-10-25 17:00:00+05:30,10.2,0.0213,16.5,,,,,
2025-10-25 18:00:00+05:30,10.8,0.0204,17.9,,,,,
2025-10-25 19:00:00+05:30,10.0,0.0211,15.8,,,,,
2025-10-25 20:00:00+05:30,10.4,0.0208,18.2,,,,,
2025-10-25 21:00:00+05:30,10.8,0.021,19.2,,,,,
2025-10-25 22:00:00+05:30,10.5,0.0213,17.1,,,,,
2025-10-25 23:00:00+05:30,10.3,0.0213,17.0,,,,,
2025-10-26 00:00:00+05:30,10.6,0.0206,16.3,,,,,
2025-10-26 01:00:00+05:30,10.7,0.0207,19.6,,,,,
2025-10-26 02:00:00+05:30,10.3,0.0208,15.2,,,,,
2025-10-26 03:00:00+05:30,10.1,0.0214,16.7,,,,,
2025-10-26 04:00:00+05:30,10.1,0.021,19.9,,,,,
2025-10-26 05:00:00+05:30,10.5,0.0214,16.1,,,,,
2025-10-26 06:00:00+05:30,11.1,0.0207,17.8,,,,,
2025-10-26 07:00:00+05:30,10.4,0.0208,17.8,,,,,
2025-10-26 08:00:00+05:30,9.8,0.0209,16.5,,,,,
2025-10-26 09:00:00+05:30,10.2,0.0208,18.0,,,,,
2025-10-26 10:00:00+05:30,10.3,0.0205,15.1,,,,,
2025-10-27 04:00:00+05:30,10.6,0.0214,19.4,,,,,
2025-10-27 05:00:00+05:30,10.3,0.0207,19.3,,,,,
2025-10-27 06:00:00+05:30,10.6,0.0208,17.1,,,,,
2025-10-27 07:00:00+05:30,10.1,0.0207,19.3,,,,,
2025-10-27 08:00:00+05:30,10.4,0.0207,16.9,,,,,
2025-10-27 09:00:00+05:30,10.3,0.0205,16.6,,,,,
2025-10-27 10:00:00+05:30,10.6,0.0208,16.9,,,,,
2025-10-27 11:00:00+05:30,10.2,0.0214,15.6,,,,,
2025-10-27 12:00:00+05:30,10.5,0.0207,16.9,,,,,
2025-10-27 13:00:00+05:30,11.1,0.0211,19.2,,,,,
2025-10-27 14:00:00+05:30,9.76,0.021,18.1,,,,,
2025-10-27 15:00:00+05:30,10.5,0.0204,16.2,,,,,
2025-10-27 16:00:00+05:30,10.6,0.0207,18.0,,,,,
2025-10-27 17:00:00+05:30,10.4,0.021,17.2,,,,,
2025-10-27 18:00:00+05:30,9.97,0.0208,15.6,,,,,
2025-10-27 19:00:00+05:30,10.3,0.0206,16.8,,,,,
2025-10-27 20:00:00+05:30,10.8,0.021,18.7,,,,,
2025-10-27 21:00:00+05:30,10.4,0.0209,17.3,,,,,
2025-10-27 22:00:00+05:30,10.4,0.0211,17.0,,,,,
2025-10-27 23:00:00+05:30,9.85,0.021,15.1,,,,,
2025-10-28 00:00:00+05:30,10.6,0.0212,17.7,,,,,
2025-10-28 01:00:00+05:30,10.3,0.0211,17.0,,,,,
2025-10-28 02:00:00+05:30,10.2,0.0208,16.4,,,,,
2025-10-28 03:00:00+05:30,10.7,0.0212,18.2,,,,,
2025-10-28 04:00:00+05:30,10.4,0.0205,17.1,,,,,
2025-10-28 05:00:00+05:30,10.3,0.0204,16.7,,,,,
2025-10-28 06:00:00+05:30,10.7,0.0212,18.4,,,,,
2025-10-28 07:00:00+05:30,10.6,0.0206,18.1,,,,,
2025-10-28 08:00:00+05:30,10.5,0.0209,17.6,,,,,
2025-10-28 09:00:00+05:30,10.7,0.0211,18.3,,,,,
2025-10-28 10:00:00+05:30,10.5,0.0212,17.7,,,,,
2025-10-28 11:00:00+05:30,11.0,0.0215,19.3,,,,,
2025-10-28 13:00:00+05:30,10.8,0.0212,18.8,,,,,
2025-10-28 14:00:00+05:30,10.0,0.0214,15.7,,,,,
2025-10-28 15:00:00+05:30,10.5,0.0208,17.6,,,,,
2025-10-28 16:00:00+05:30,10.4,0.0212,17.3,,,,,
2025-10-29 10:00:00+05:30,10.2,0.0211,16.3,,,,,
2025-10-29 11:00:00+05:30,10.7,0.0209,18.4,,,,,
2025-10-29 12:00:00+05:30,10.5,0.0207,17.4,,,,,
2025-10-29 13:00:00+05:30,10.7,0.0212,18.4,,,,,
2025-10-29 14:00:00+05:30,10.5,0.0211,17.5,,,,,
2025-10-29 15:00:00+05:30,10.9,0.0204,19.0,,,,,
2025-10-29 16:00:00+05:30,10.7,0.0207,18.4,,,,,
2025-10-29 17:00:00+05:30,10.5,0.0212,17.5,,,,,
2025-10-29 18:00:00+05:30,10.8,0.0205,18.8,,,,,
2025-10-29 19:00:00+05:30,9.87,0.0207,15.2,,,,,
2025-10-29 20:00:00+05:30,10.8,0.0213,18.6,,,,,
2025-10-29 21:00:00+05:30,10.6,0.0201,18.0,,,,,
2025-10-29 22:00:00+05:30,11.1,0.0207,19.6,,,,,
2025-10-29 23:00:00+05:30,10.2,0.0206,16.3,,,,,
2025-10-30 00:00:00+05:30,10.7,0.0209,18.1,,,,,
2025-10-30 01:00:00+05:30,11.2,0.0208,19.9,,,,,
2025-10-30 02:00:00+05:30,10.7,0.0214,18.2,,,,,
2025-10-30 03:00:00+05:30,10.2,0.0209,16.3,,,,,
2025-10-30 04:00:00+05:30,10.6,0.0209,18.0,,,,,
2025-10-30 05:00:00+05:30,10.1,0.0211,16.1,,,,,
2025-10-30 06:00:00+05:30,10.7,0.0204,18.4,,,,,
2025-10-30 07:00:00+05:30,10.5,0.021,17.4,,,,,
2025-10-30 08:00:00+05:30,10.3,0.0208,16.7,,,,,
2025-10-30 09:00:00+05:30,10.1,0.021,16.0,,,,,
2025-10-30 10:00:00+05:30,10.5,0.0216,17.6,,,,,
2025-10-30 11:00:00+05:30,10.8,0.0205,18.6,,,,,
2025-10-30 12:00:00+05:30,10.7,0.021,18.3,,,,,
2025-10-30 13:00:00+05:30,10.6,0.0208,17.8,,,,,
2025-10-30 14:00:00+05:30,10.5,0.0208,17.6,,,,,
2025-10-30 15:00:00+05:30,9.9,0.0207,15.3,,,,,
2025-10-30 16:00:00+05:30,10.5,0.0203,17.6,,,,,
2025-10-30 17:00:00+05:30,10.5,0.0204,17.7,,,,,
2025-10-30 18:00:00+05:30,10.6,0.02,17.9,,,,,
2025-10-30 19:00:00+05:30,10.7,0.0206,18.3,,,,,
2025-10-30 20:00:00+05:30,10.6,0.0213,17.9,,,,,
2025-10-30 21:00:00+05:30,10.2,0.021,16.5,,,,,
2025-10-30 22:00:00+05:30,10.2,0.0204,16.3,,,,,
2025-10-30 23:00:00+05:30,10.3,0.0207,17.0,,,,,
2025-10-31 00:00:00+05:30,10.1,0.0207,15.9,,,,,
2025-10-31 01:00:00+05:30,10.8,0.0215,18.8,,,,,
2025-10-31 02:00:00+05:30,10.7,0.0211,18.2,,,,,
2025-10-31 03:00:00+05:30,10.0,0.0211,15.8,,,,,
2025-10-31 04:00:00+05:30,10.5,0.0208,17.7,,,,,
2025-10-31 05:00:00+05:30,10.7,0.0212,18.3,,,,,
2025-10-31 06:00:00+05:30,10.7,0.0204,18.4,,,,,
2025-10-31 07:00:00+05:30,10.9,0.0211,19.2,,,,,
2025-10-31 08:00:00+05:30,10.2,0.021,16.6,,,,,
2025-10-31 09:00:00+05:30,10.5,0.0208,17.6,,,,,
2025-10-31 10:00:00+05:30,10.9,0.0207,18.9,,,,,
2025-10-31 11:00:00+05:30,10.4,0.0206,17.3,,,,,
2025-10-31 12:00:00+05:30,10.2,0.021,16.6,,,,,
2025-10-31 13:00:00+05:30,10.2,0.0211,16.4,,,,,
2025-10-31 14:00:00+05:30,10.6,0.0208,17.7,,,,,
2025-10-31 15:00:00+05:30,10.6,0.0211,18.1,,,,,
2025-10-31 16:00:00+05:30,10.8,0.021,18.7,,,,,
2025-10-31 17:00:00+05:30,10.5,0.0214,17.6,,,,,
2025-10-31 18:00:00+05:30,10.6,0.0208,18.1,,,,,
2025-10-31 19:00:00+05:30,10.4,0.0204,17.3,,,,,
2025-10-31 20:00:00+05:30,10.6,0.0209,17.8,,,,,
2025-10-31 21:00:00+05:30,10.8,0.0207,18.8,,,,,
2025-10-31 22:00:00+05:30,10.7,0.0208,18.2,,,,,
2025-10-31 23:00:00+05:30,10.7,0.0209,18.3,,,,,
2025-11-01 00:00:00+05:30,10.7,0.0204,18.4,,,,,
2025-11-01 01:00:00+05:30,10.3,0.021,16.8,,,,,
2025-11-01 02:00:00+05:30,10.6,0.0209,17.9,,,,,
2025-11-01 03:00:00+05:30,9.91,0.0203,15.4,,,,,
2025-11-01 04:00:00+05:30,10.7,0.021,18.1,,,,,
2025-11-01 06:00:00+05:30,10.1,0.0217,16.2,,,,,
2025-11-01 07:00:00+05:30,10.4,0.0202,17.1,,,,,
2025-11-01 08:00:00+05:30,10.6,0.0208,18.0,,,,,
2025-11-01 09:00:00+05:30,10.5,0.0204,17.5,,,,,
2025-11-01 10:00:00+05:30,10.6,0.0213,17.9,,,,,
2025-11-01 11:00:00+05:30,10.3,0.0208,16.7,,,,,
2025-11-01 12:00:00+05:30,10.9,0.021,19.1,,,,,
2025-11-01 13:00:00+05:30,10.2,0.0214,16.6,,,,,
2025-11-01 14:00:00+05:30,10.9,0.0215,19.1,,,,,
2025-11-01 15:00:00+05:30,10.9,0.0208,19.2,,,,,
2025-11-01 16:00:00+05:30,10.2,0.0207,15.9,,,,,
2025-11-01 17:00:00+05:30,10.9,0.0215,18.9,,,,,
2025-11-01 18:00:00+05:30,10.4,0.021,17.1,,,,,
2025-11-01 19:00:00+05:30,10.7,0.0204,18.4,,,,,
2025-11-01 20:00:00+05:30,10.2,0.0209,16.4,,,,,
2025-11-01 21:00:00+05:30,10.3,0.0208,16.8,,,,,
2025-11-01 22:00:00+05:30,10.6,0.0208,18.0,,,,,
2025-11-01 23:00:00+05:30,10.2,0.0209,16.4,,,,,
2025-11-02 00:00:00+05:30,9.7,0.0213,14.6,,,,,
2025-11-02 01:00:00+05:30,9.93,0.0213,15.5,,,,,
2025-11-02 02:00:00+05:30,10.7,0.0208,18.3,,,,,
2025-11-02 03:00:00+05:30,10.6,0.0199,18.0,,,,,
2025-11-02 04:00:00+05:30,10.3,0.0208,16.7,,,,,
2025-11-02 05:00:00+05:30,10.6,0.0211,18.1,,,,,
2025-11-02 06:00:00+05:30,10.1,0.0208,16.0,,,,,
2025-11-02 07:00:00+05:30,10.3,0.0208,16.9,,,,,
2025-11-02 08:00:00+05:30,10.3,0.0204,16.9,,,,,
2025-11-02 09:00:00+05:30,10.2,0.021,16.4,,,,,
2025-11-02 10:00:00+05:30,10.5,0.021,17.5,,,,,
2025-11-02 11:00:00+05:30,10.4,0.0209,17.1,,,,,
2025-11-02 12:00:00+05:30,10.3,0.0206,16.6,,,,,
2025-11-02 13:00:00+05:30,10.5,0.0209,17.6,,,,,
2025-11-02 14:00:00+05:30,10.4,0.0208,17.1,,,,,
2025-11-02 15:00:00+05:30,11.0,0.0212,19.3,,,,,
2025-11-02 16:00:00+05:30,10.4,0.021,17.1,,,,,
2025-11-02 17:00:00+05:30,10.6,0.021,17.9,,,,,
2025-11-02 18:00:00+05:30,10.8,0.0208,18.6,,,,,
2025-11-02 19:00:00+05:30,9.91,0.021,15.4,,,,,
2025-11-02 20:00:00+05:30,10.4,0.0208,17.1,,,,,
2025-11-02 21:00:00+05:30,10.5,0.0212,17.4,,,,,
2025-11-02 22:00:00+05:30,10.6,0.0206,18.1,,,,,
2025-11-02 23:00:00+05:30,10.3,0.021,16.8,,,,,
2025-11-03 00:00:00+05:30,10.2,0.0206,16.3,,,,,
2025-11-03 02:00:00+05:30,11.0,0.022,19.5,,,,,
2025-11-03 03:00:00+05:30,10.2,0.0212,16.6,,,,,
2025-11-03 04:00:00+05:30,10.9,0.021,18.9,,,,,
2025-11-03 05:00:00+05:30,10.2,0.0213,16.3,,,,,
2025-11-03 06:00:00+05:30,10.2,0.0207,16.3,,,,,
2025-11-03 07:00:00+05:30,10.1,0.0209,16.0,,,,,
2025-11-03 08:00:00+05:30,10.2,0.0211,16.4,,,,,
2025-11-03 09:00:00+05:30,10.3,0.0208,16.8,,,,,
2025-11-03 10:00:00+05:30,10.7,0.0207,18.4,,,,,
2025-11-03 11:00:00+05:30,10.3,0.021,16.9,,,,,
2025-11-03 12:00:00+05:30,10.9,0.0206,18.9,,,,,
2025-11-03 14:00:00+05:30,11.1,0.0219,19.8,,,,,
2025-11-03 15:00:00+05:30,10.5,0.021,17.4,,,,,
2025-11-03 16:00:00+05:30,10.5,0.0203,17.6,,,,,
2025-11-03 17:00:00+05:30,10.6,0.0209,18.0,,,,,
2025-11-03 18:00:00+05:30,10.7,0.0207,18.2,,,,,
2025-11-03 19:00:00+05:30,10.4,0.0203,17.3,,,,,
2025-11-03 20:00:00+05:30,10.7,0.0203,18.3,,,,,
2025-11-03 21:00:00+05:30,11.0,0.0204,19.3,,,,,
2025-11-04 10:00:00+05:30,10.4,0.0205,17.2,,,,,
2025-11-04 11:00:00+05:30,10.3,0.0211,16.8,,,,,
2025-11-04 12:00:00+05:30,9.97,0.0208,15.6,,,,,
2025-11-04 14:00:00+05:30,10.4,0.0213,17.3,,,,,
2025-11-04 15:00:00+05:30,10.8,0.0207,18.6,,,,,
2025-11-04 16:00:00+05:30,10.6,0.0209,17.9,,,,,
2025-11-04 17:00:00+05:30,10.6,0.0213,17.8,,,,,
2025-11-04 18:00:00+05:30,11.0,0.0211,19.3,,,,,
2025-11-04 19:00:00+05:30,10.7,0.0207,18.4,,,,,
2025-11-04 20:00:00+05:30,10.3,0.0211,16.9,,,,,
2025-11-04 21:00:00+05:30,10.3,0.0213,16.8,,,,,
2025-11-04 22:00:00+05:30,10.0,0.0207,15.9,,,,,
2025-11-04 23:00:00+05:30,10.6,0.0207,18.0,,,,,
2025-11-05 00:00:00+05:30,9.65,0.0208,14.4,,,,,
2025-11-05 01:00:00+05:30,10.7,0.021,18.4,,,,,
2025-11-05 02:00:00+05:30,10.4,0.0214,17.3,,,,,
2025-11-05 03:00:00+05:30,10.9,0.0206,19.0,,,,,
2025-11-05 04:00:00+05:30,10.3,0.021,16.9,,,,,
2025-11-05 05:00:00+05:30,10.0,0.0208,15.7,,,,,
2025-11-05 06:00:00+05:30,10.7,0.021,18.2,,,,,
2025-11-05 07:00:00+05:30,10.7,0.0208,18.4,,,,,
2025-11-05 08:00:00+05:30,10.1,0.0209,16.2,,,,,
2025-11-05 09:00:00+05:30,10.7,0.021,18.4,,,,,
2025-11-05 10:00:00+05:30,10.2,0.0208,16.3,,,,,
2025-11-05 11:00:00+05:30,10.9,0.0209,19.0,,,,,
2025-11-05 12:00:00+05:30,10.6,0.0209,18.1,,,,,
2025-11-05 13:00:00+05:30,10.4,0.0207,17.1,,,,,
2025-11-05 14:00:00+05:30,10.1,0.0207,16.1,,,,,
2025-11-05 15:00:00+05:30,10.8,0.0209,18.7,,,,,
2025-11-05 16:00:00+05:30,10.7,0.0211,18.2,,,,,
2025-11-05 17:00:00+05:30,10.5,0.0206,17.6,,,,,
2025-11-05 18:00:00+05:30,11.1,0.0213,19.8,,,,,
2025-11-05 19:00:00+05:30,10.2,0.0208,16.4,,,,,
2025-11-05 20:00:00+05:30,10.4,0.0208,17.1,,,,,
2025-11-05 21:00:00+05:30,10.9,0.0209,19.2,,,,,
2025-11-05 22:00:00+05:30,10.8,0.0209,18.7,,,,,
2025-11-05 23:00:00+05:30,11.0,0.0206,19.3,,,,,
2025-11-06 00:00:00+05:30,10.9,0.0213,18.9,,,,,
2025-11-06 01:00:00+05:30,10.5,0.0213,17.6,,,,,
2025-11-06 02:00:00+05:30,10.9,0.0207,19.0,,,,,
2025-11-06 03:00:00+05:30,10.1,0.0217,15.9,,,,,
2025-11-06 04:00:00+05:30,10.4,0.0212,17.0,,,,,
2025-11-06 05:00:00+05:30,10.3,0.021,16.9,,,,,
2025-11-06 06:00:00+05:30,10.2,0.0208,16.4,,,,,
2025-11-06 07:00:00+05:30,10.4,0.0205,17.0,,,,,
2025-11-06 08:00:00+05:30,10.4,0.0205,17.2,,,,,
2025-11-06 09:00:00+05:30,10.0,0.0208,15.8,,,,,
2025-11-06 10:00:00+05:30,10.5,0.0211,17.6,,,,,
2025-11-06 11:00:00+05:30,10.7,0.0207,18.3,,,,,
2025-11-06 12:00:00+05:30,10.6,0.021,17.8,,,,,
2025-11-06 13:00:00+05:30,10.2,0.0211,16.6,,,,,
2025-11-06 14:00:00+05:30,11.0,0.0213,19.6,,,,,
2025-11-06 15:00:00+05:30,9.67,0.0209,14.5,,,,,
2025-11-06 16:00:00+05:30,10.7,0.0209,18.1,,,,,
2025-11-06 18:00:00+05:30,9.56,0.0205,14.1,,,,,
2025-11-06 19:00:00+05:30,10.7,0.0209,18.3,,,,,
2025-11-06 20:00:00+05:30,10.3,0.0209,16.9,,,,,
2025-11-06 21:00:00+05:30,10.4,0.0207,17.0,,,,,
2025-11-06 22:00:00+05:30,10.1,0.0203,16.3,,,,,
2025-11-06 23:00:00+05:30,10.7,0.0215,18.3,,,,,
2025-11-07 00:00:00+05:30,10.6,0.0201,18.1,,,,,
2025-11-07 01:00:00+05:30,10.4,0.0208,17.2,,,,,
2025-11-07 02:00:00+05:30,10.3,0.0214,16.7,,,,,
2025-11-07 03:00:00+05:30,10.7,0.0213,18.3,,,,,
2025-11-07 04:00:00+05:30,10.8,0.0208,18.8,,,,,
2025-11-07 05:00:00+05:30,9.99,0.0209,15.7,,,,,
2025-11-07 06:00:00+05:30,11.0,0.0214,19.5,,,,,
2025-11-07 07:00:00+05:30,10.4,0.0211,17.2,,,,,
2025-11-07 08:00:00+05:30,10.5,0.0203,17.5,,,,,
2025-11-07 09:00:00+05:30,10.4,0.0213,17.4,,,,,
2025-11-07 10:00:00+05:30,10.7,0.0211,18.3,,,,,
2025-11-07 11:00:00+05:30,10.3,0.021,16.8,,,,,
2025-11-07 12:00:00+05:30,10.4,0.0214,17.3,,,,,
2025-11-07 13:00:00+05:30,10.5,0.0211,17.6,,,,,
2025-11-07 14:00:00+05:30,10.8,0.0204,18.6,,,,,
2025-11-07 15:00:00+05:30,10.3,0.0206,16.9,,,,,
2025-11-07 21:00:00+05:30,10.4,,,,,,,
2025-11-07 22:00:00+05:30,10.8,0.0211,18.5,,,,,
2025-11-07 23:00:00+05:30,10.5,0.0208,17.4,,,,,
2025-11-08 00:00:00+05:30,10.1,0.0204,16.2,,,,,
2025-11-08 01:00:00+05:30,11.5,0.021,21.4,,,,,
2025-11-08 02:00:00+05:30,10.2,0.021,16.6,,,,,
2025-11-08 03:00:00+05:30,10.2,0.0211,16.5,,,,,
2025-11-08 04:00:00+05:30,11.1,0.0207,19.6,,,,,
2025-11-08 05:00:00+05:30,10.2,0.0208,16.5,,,,,
2025-11-08 06:00:00+05:30,10.8,0.0211,18.6,,,,,
2025-11-08 07:00:00+05:30,10.1,0.0211,15.9,,,,,
2025-11-08 08:00:00+05:30,10.3,0.0212,17.0,,,,,
2025-11-08 09:00:00+05:30,9.82,0.0204,15.0,,,,,
2025-11-08 10:00:00+05:30,10.8,0.0203,18.0,,,,,
2025-11-08 11:00:00+05:30,10.2,0.0206,16.5,,,,,
2025-11-08 12:00:00+05:30,10.1,0.021,16.0,,,,,
2025-11-08 13:00:00+05:30,10.1,0.0207,16.1,,,,,
2025-11-08 14:00:00+05:30,10.1,0.0212,16.0,,,,,
2025-11-08 15:00:00+05:30,10.5,0.0201,17.5,,,,,
2025-11-08 16:00:00+05:30,10.7,0.0207,18.1,,,,,
2025-11-08 17:00:00+05:30,10.5,0.0206,17.4,,,,,
2025-11-08 18:00:00+05:30,11.2,0.0207,20.3,,,,,
2025-11-08 19:00:00+05:30,10.2,0.0213,16.6,,,,,
2025-11-08 20:00:00+05:30,10.5,0.0206,17.7,,,,,
2025-11-08 21:00:00+05:30,10.5,0.0205,17.5,,,,,
2025-11-08 22:00:00+05:30,10.7,0.0207,18.3,,,,,
2025-11-08 23:00:00+05:30,10.4,0.0207,17.4,,,,,
2025-11-09 00:00:00+05:30,10.4,0.0204,17.1,,,,,
2025-11-09 01:00:00+05:30,10.7,0.0213,18.3,,,,,
2025-11-09 02:00:00+05:30,10.4,0.021,17.1,,,,,
2025-11-09 03:00:00+05:30,10.1,0.0209,16.0,,,,,
2025-11-09 04:00:00+05:30,10.2,0.0212,16.5,,,,,
2025-11-09 05:00:00+05:30,10.9,0.0214,19.1,,,,,
2025-11-09 06:00:00+05:30,10.2,0.021,16.6,,,,,
2025-11-09 07:00:00+05:30,10.3,0.0207,16.8,,,,,
2025-11-09 08:00:00+05:30,10.8,0.0213,18.5,,,,,
2025-11-09 09:00:00+05:30,10.3,0.0212,17.0,,,,,
2025-11-09 10:00:00+05:30,10.2,0.0208,16.3,,,,,
2025-11-09 11:00:00+05:30,10.6,0.0206,17.9,,,,,
2025-11-09 12:00:00+05:30,10.1,0.021,16.3,,,,,
2025-11-09 13:00:00+05:30,10.7,0.0208,18.3,,,,,
2025-11-09 14:00:00+05:30,10.3,0.0208,16.7,,,,,
2025-11-09 15:00:00+05:30,10.6,0.021,17.8,,,,,
2025-11-09 16:00:00+05:30,9.81,0.0211,15.0,,,,,
2025-11-09 17:00:00+05:30,10.4,0.0208,17.2,,,,,
2025-11-09 18:00:00+05:30,10.8,0.0207,18.7,,,,,
2025-11-09 19:00:00+05:30,10.4,0.0207,17.3,,,,,
2025-11-09 20:00:00+05:30,10.5,0.0209,17.7,,,,,
2025-11-09 21:00:00+05:30,10.2,0.0212,16.3,,,,,
2025-11-09 22:00:00+05:30,10.4,0.0212,17.2,,,,,
2025-11-09 23:00:00+05:30,10.9,0.0209,18.9,,,,,
2025-11-10 00:00:00+05:30,10.1,0.0206,16.2,,,,,
2025-11-10 01:00:00+05:30,11.4,0.0208,20.7,,,,,
2025-11-10 02:00:00+05:30,10.5,0.0209,17.4,,,,,
2025-11-10 03:00:00+05:30,10.7,0.0209,18.2,,,,,
2025-11-10 04:00:00+05:30,10.7,0.0213,18.3,,,,,
2025-11-10 05:00:00+05:30,10.5,0.0209,17.6,,,,,
2025-11-10 06:00:00+05:30,10.7,0.0211,18.1,,,,,
2025-11-10 07:00:00+05:30,10.4,0.0206,17.2,,,,,
2025-11-10 08:00:00+05:30,10.3,0.021,17.0,,,,,
2025-11-10 09:00:00+05:30,10.6,0.0206,18.1,,,,,
2025-11-10 10:00:00+05:30,10.0,0.0212,15.8,,,,,
2025-11-10 11:00:00+05:30,10.2,0.0209,16.3,,,,,
2025-11-10 19:00:00+05:30,9.65,0.0202,14.4,,,,,
2025-11-10 20:00:00+05:30,10.4,0.0211,17.2,,,,,
2025-11-10 21:00:00+05:30,10.8,0.0214,18.5,,,,,
2025-11-10 22:00:00+05:30,10.8,0.0207,18.7,,,,,
2025-11-10 23:00:00+05:30,10.1,0.0212,17.0,,,,,
2025-11-11 00:00:00+05:30,10.2,0.0212,19.0,,,,,
2025-11-11 01:00:00+05:30,11.0,0.0212,15.0,,,,,
2025-11-11 02:00:00+05:30,10.4,0.0205,17.7,,,,,
2025-11-11 03:00:00+05:30,10.3,0.0205,17.7,,,,,
2025-11-11 04:00:00+05:30,10.1,0.0212,17.0,,,,,
2025-11-11 05:00:00+05:30,10.4,0.0206,16.1,,,,,
2025-11-11 06:00:00+05:30,10.5,0.0206,17.4,,,,,
2025-11-11 07:00:00+05:30,11.2,0.0213,17.9,,,,,
2025-11-11 08:00:00+05:30,10.3,0.0208,18.4,,,,,
2025-11-11 09:00:00+05:30,10.2,0.0208,16.3,,,,,
2025-11-11 10:00:00+05:30,10.5,0.0209,17.9,,,,,
2025-11-11 11:00:00+05:30,10.5,0.0209,15.2,,,,,
2025-11-11 12:00:00+05:30,10.6,0.0207,17.6,,,,,
2025-11-11 13:00:00+05:30,9.94,0.0212,17.1,,,,,
2025-11-11 14:00:00+05:30,9.89,0.0209,16.8,,,,,
2025-11-11 15:00:00+05:30,10.3,0.021,18.7,,,,,
2025-11-11 16:00:00+05:30,10.9,0.0211,17.0,,,,,
2025-11-11 17:00:00+05:30,11.1,0.021,16.8,,,,,
2025-11-11 18:00:00+05:30,10.5,0.0205,14.7,,,,,
2025-11-11 19:00:00+05:30,10.8,0.0209,17.2,,,,,
2025-11-11 20:00:00+05:30,11.2,0.0205,17.3,,,,,
2025-11-11 21:00:00+05:30,10.7,0.0208,18.4,,,,,
2025-11-11 22:00:00+05:30,10.4,0.0205,17.4,,,,,
2025-11-11 23:00:00+05:30,10.9,0.0207,18.9,,,,,
2025-11-12 00:00:00+05:30,10.0,0.0213,16.9,,,,,
2025-11-12 01:00:00+05:30,10.6,0.0218,20.3,,,,,
2025-11-12 02:00:00+05:30,10.9,0.0207,15.4,,,,,
2025-11-12 03:00:00+05:30,10.5,0.0216,16.4,,,,,
2025-11-12 04:00:00+05:30,11.0,0.021,16.0,,,,,
2025-11-12 05:00:00+05:30,9.69,0.0208,20.0,,,,,
2025-11-12 06:00:00+05:30,10.5,0.0215,16.9,,,,,
2025-11-12 07:00:00+05:30,10.5,0.0212,18.4,,,,,
2025-11-12 08:00:00+05:30,10.6,0.0216,16.5,,,,,
2025-11-12 09:00:00+05:30,10.6,0.021,18.3,,,,,
2025-11-12 10:00:00+05:30,10.5,0.021,18.4,,,,,
2025-11-12 11:00:00+05:30,10.1,0.0208,18.5,,,,,
2025-11-12 12:00:00+05:30,10.9,0.0213,18.3,,,,,
2025-11-12 13:00:00+05:30,10.3,0.0209,17.5,,,,,
2025-11-12 14:00:00+05:30,10.3,0.0211,18.8,,,,,
2025-11-12 15:00:00+05:30,10.2,0.0216,17.4,,,,,
2025-11-12 16:00:00+05:30,10.3,0.021,15.8,,,,,
2025-11-12 17:00:00+05:30,9.86,0.0211,19.6,,,,,
2025-11-12 18:00:00+05:30,9.37,0.0211,16.4,,,,,
2025-11-12 19:00:00+05:30,10.6,0.021,17.9,,,,,
2025-11-12 20:00:00+05:30,10.6,0.0203,18.0,,,,,
2025-11-12 21:00:00+05:30,10.2,0.0215,16.4,,,,,
2025-11-12 22:00:00+05:30,10.3,0.021,16.8,,,,,
2025-11-12 23:00:00+05:30,10.5,0.0215,17.5,,,,,
2025-11-13 00:00:00+05:30,10.4,0.0206,17.2,,,,,
2025-11-13 01:00:00+05:30,10.8,0.0211,18.6,,,,,
2025-11-13 02:00:00+05:30,10.5,0.0208,17.5,,,,,
2025-11-13 03:00:00+05:30,9.6,0.0212,14.2,,,,,
2025-11-13 04:00:00+05:30,10.1,0.0214,16.0,,,,,
2025-11-13 05:00:00+05:30,10.5,0.021,17.6,,,,,
2025-11-13 06:00:00+05:30,11.2,0.0209,20.3,,,,,
2025-11-13 07:00:00+05:30,10.4,0.0203,17.0,,,,,
2025-11-13 08:00:00+05:30,10.4,0.021,17.2,,,,,
2025-11-13 09:00:00+05:30,10.7,0.0209,18.3,,,,,
2025-11-13 10:00:00+05:30,10.4,0.0211,17.2,,,,,
2025-11-13 11:00:00+05:30,7.82,0.016,13.0,,,,,
2025-11-13 12:00:00+05:30,10.8,0.0206,18.8,,,,,
2025-11-13 13:00:00+05:30,10.1,0.0207,15.9,,,,,
2025-11-13 14:00:00+05:30,10.7,0.0212,18.2,,,,,
2025-11-13 15:00:00+05:30,10.1,0.0207,16.1,,,,,
2025-11-13 16:00:00+05:30,10.1,0.0213,16.1,,,,,
2025-11-13 17:00:00+05:30,9.66,0.0209,14.4,,,,,
2025-11-13 18:00:00+05:30,10.8,0.0206,18.5,,,,,
2025-11-13 19:00:00+05:30,10.8,0.0208,18.7,,,,,
2025-11-13 20:00:00+05:30,10.1,0.0209,16.3,,,,,
2025-11-13 21:00:00+05:30,10.4,0.0204,17.2,,,,,
2025-11-13 22:00:00+05:30,10.2,0.0206,16.6,,,,,
2025-11-13 23:00:00+05:30,10.7,0.0209,18.1,,,,,
2025-11-14 00:00:00+05:30,10.5,0.0206,17.4,,,,,
2025-11-14 02:00:00+05:30,10.1,0.0214,15.9,,,,,
2025-11-14 03:00:00+05:30,10.6,0.0208,18.0,,,,,
2025-11-14 04:00:00+05:30,10.3,0.0209,16.7,,,,,
2025-11-14 05:00:00+05:30,9.94,0.0209,15.5,,,,,
2025-11-14 06:00:00+05:30,10.7,0.021,18.3,,,,,
2025-11-14 07:00:00+05:30,10.4,0.0205,17.2,,,,,
2025-11-14 08:00:00+05:30,10.9,0.0212,19.0,,,,,
2025-11-14 09:00:00+05:30,9.61,0.0207,14.3,,,,,
2025-11-14 10:00:00+05:30,10.8,0.0212,18.8,,,,,
2025-11-14 11:00:00+05:30,10.3,0.021,16.7,,,,,
2025-11-14 12:00:00+05:30,10.6,0.0208,18.0,,,,,
2025-11-14 13:00:00+05:30,10.8,0.021,18.7,,,,,
2025-11-14 14:00:00+05:30,10.5,0.0206,17.7,,,,,
2025-11-14 15:00:00+05:30,10.5,0.0206,17.4,,,,,
2025-11-14 16:00:00+05:30,10.5,0.0213,17.6,,,,,
2025-11-14 17:00:00+05:30,10.8,0.0214,18.6,,,,,
2025-11-14 18:00:00+05:30,10.3,0.021,16.8,,,,,
2025-11-14 19:00:00+05:30,10.4,0.021,17.1,,,,,
2025-11-14 20:00:00+05:30,10.3,0.0211,17.0,,,,,
2025-11-14 21:00:00+05:30,10.3,0.0208,16.7,,,,,
2025-11-14 22:00:00+05:30,10.1,0.0206,16.2,,,,,
2025-11-14 23:00:00+05:30,10.4,0.0211,17.2,,,,,
2025-11-15 00:00:00+05:30,10.3,0.0207,16.9,,,,,
2025-11-15 01:00:00+05:30,10.8,0.021,18.7,,,,,
2025-11-15 02:00:00+05:30,10.5,0.0205,17.6,,,,,
2025-11-15 03:00:00+05:30,10.1,0.0205,16.2,,,,,
2025-11-15 04:00:00+05:30,9.89,0.0206,15.3,,,,,
2025-11-15 05:00:00+05:30,10.8,0.0208,18.5,,,,,
2025-11-15 06:00:00+05:30,11.5,0.02085,21.25,,,,,
2025-11-15 07:00:00+05:30,10.7,0.0213,18.4,,,,,
2025-11-15 08:00:00+05:30,10.1,0.021,16.0,,,,,
2025-11-15 09:00:00+05:30,10.4,0.0206,17.3,,,,,
2025-11-15 10:00:00+05:30,10.6,0.0211,18.0,,,,,
2025-11-15 11:00:00+05:30,10.7,0.0207,18.3,,,,,
2025-11-15 12:00:00+05:30,10.9,0.0211,18.8,,,,,
2025-11-15 13:00:00+05:30,10.6,0.0208,17.9,,,,,
2025-11-15 14:00:00+05:30,10.0,0.0212,15.9,,,,,
2025-11-15 15:00:00+05:30,10.2,0.0205,16.6,,,,,
2025-11-15 16:00:00+05:30,10.5,0.0204,17.6,,,,,
2025-11-15 17:00:00+05:30,9.84,0.0214,15.1,,,,,
2025-11-15 18:00:00+05:30,10.1,0.0209,16.1,,,,,
2025-11-15 19:00:00+05:30,9.99,0.0204,15.7,,,,,
2025-11-15 20:00:00+05:30,10.5,0.0206,17.6,,,,,
2025-11-15 21:00:00+05:30,10.5,0.0208,17.7,,,,,
2025-11-15 22:00:00+05:30,10.6,0.0207,17.8,,,,,
2025-11-15 23:00:00+05:30,10.7,0.0213,18.3,,,,,
2025-11-16 00:00:00+05:30,11.0,0.0217,19.2,,,,,
2025-11-16 01:00:00+05:30,10.4,0.0204,17.0,,,,,
2025-11-16 02:00:00+05:30,10.4,0.0211,17.1,,,,,
2025-11-16 03:00:00+05:30,10.6,0.021,17.9,,,,,
2025-11-16 04:00:00+05:30,10.2,0.0207,16.4,,,,,
2025-11-16 05:00:00+05:30,10.2,0.0211,16.5,,,,,
2025-11-16 06:00:00+05:30,10.6,0.021,18.1,,,,,
2025-11-16 07:00:00+05:30,10.2,0.0208,16.3,,,,,
2025-11-16 08:00:00+05:30,11.2,0.0213,20.2,,,,,
2025-11-16 09:00:00+05:30,10.6,0.0207,17.8,,,,,
2025-11-16 10:00:00+05:30,10.5,0.0214,17.7,,,,,
2025-11-16 11:00:00+05:30,10.0,0.0206,15.9,,,,,
2025-11-16 12:00:00+05:30,9.97,0.0204,15.6,,,,,
2025-11-16 13:00:00+05:30,10.3,0.0209,16.8,,,,,
2025-11-16 14:00:00+05:30,10.5,0.021,17.7,,,,,
2025-11-16 15:00:00+05:30,10.2,0.0211,16.4,,,,,
2025-11-16 16:00:00+05:30,10.5,0.0212,17.6,,,,,
2025-11-16 17:00:00+05:30,10.6,0.0211,18.0,,,,,
2025-11-16 18:00:00+05:30,10.9,0.0207,18.9,,,,,
2025-11-16 19:00:00+05:30,10.8,0.0209,18.8,,,,,
2025-11-16 20:00:00+05:30,10.4,0.021,17.1,,,,,
2025-11-16 21:00:00+05:30,9.93,0.0202,15.4,,,,,
2025-11-16 22:00:00+05:30,10.6,0.0214,17.9,,,,,
2025-11-16 23:00:00+05:30,10.8,0.0211,18.5,,,,,
2025-11-17 00:00:00+05:30,10.8,0.0211,18.5,,,,,
2025-11-17 01:00:00+05:30,10.5,0.0211,17.6,,,,,
2025-11-17 02:00:00+05:30,10.4,0.0207,17.1,,,,,
2025-11-17 03:00:00+05:30,10.2,0.0206,16.3,,,,,
2025-11-17 04:00:00+05:30,10.8,0.0207,18.5,,,,,
2025-11-17 05:00:00+05:30,10.8,0.0213,18.6,,,,,
2025-11-17 06:00:00+05:30,10.1,0.0207,16.2,,,,,
2025-11-17 07:00:00+05:30,10.7,0.0204,18.3,,,,,
2025-11-17 08:00:00+05:30,11.1,0.0209,19.4,,,,,
2025-11-17 09:00:00+05:30,10.1,0.0208,16.1,,,,,
2025-11-17 10:00:00+05:30,10.2,0.0213,16.5,,,,,
2025-11-17 11:00:00+05:30,10.4,0.0207,17.0,,,,,
2025-11-17 12:00:00+05:30,10.5,0.0211,17.6,,,,,
2025-11-17 13:00:00+05:30,10.9,0.0209,18.8,,,,,
2025-11-17 14:00:00+05:30,9.2,0.0214,12.8,,,,,
2025-11-17 15:00:00+05:30,10.1,0.0207,16.2,,,,,
2025-11-17 16:00:00+05:30,10.7,0.0205,18.3,,,,,
2025-11-17 17:00:00+05:30,10.6,0.0211,17.9,,,,,
2025-11-17 18:00:00+05:30,10.7,0.0211,18.2,,,,,
2025-11-17 19:00:00+05:30,10.2,0.0207,16.5,,,,,
2025-11-17 20:00:00+05:30,11.0,0.0212,19.3,,,,,
2025-11-17 21:00:00+05:30,10.7,0.0207,18.3,,,,,
2025-11-17 22:00:00+05:30,11.0,0.0214,19.3,,,,,
2025-11-17 23:00:00+05:30,10.5,0.0207,17.5,,,,,
2025-11-18 00:00:00+05:30,9.73,0.021,14.7,,,,,
2025-11-18 01:00:00+05:30,10.8,0.0211,18.8,,,,,
2025-11-18 02:00:00+05:30,10.7,0.0215,18.2,,,,,
2025-11-18 03:00:00+05:30,10.8,0.0211,18.8,,,,,
2025-11-18 04:00:00+05:30,10.2,0.0209,16.4,,,,,
2025-11-18 05:00:00+05:30,10.7,0.0205,18.3,,,,,
2025-11-18 06:00:00+05:30,10.6,0.0207,18.0,,,,,
2025-11-18 07:00:00+05:30,10.8,0.0207,18.7,,,,,
2025-11-18 08:00:00+05:30,10.4,0.0205,17.4,,,,,
2025-11-18 09:00:00+05:30,10.7,0.0208,18.4,,,,,
2025-11-18 10:00:00+05:30,10.3,0.0208,16.8,,,,,
2025-11-18 11:00:00+05:30,10.6,0.0201,17.8,,,,,
2025-11-18 18:00:00+05:30,10.5,0.0208,17.6,,,,,
2025-11-18 19:00:00+05:30,10.7,0.0208,18.3,,,,,
2025-11-18 20:00:00+05:30,10.1,0.0208,16.2,,,,,
2025-11-18 21:00:00+05:30,11.0,0.0205,19.4,,,,,
2025-11-18 22:00:00+05:30,10.6,0.0206,17.9,,,,,
2025-11-18 23:00:00+05:30,10.6,0.0207,17.7,,,,,
2025-11-19 00:00:00+05:30,10.3,0.0206,16.7,,,,,
2025-11-19 01:00:00+05:30,11.4,0.0218,20.9,,,,,
2025-11-19 02:00:00+05:30,10.3,0.0208,16.6,,,,,
2025-11-19 03:00:00+05:30,10.6,0.0213,17.8,,,,,
2025-11-19 04:00:00+05:30,10.2,0.0208,16.6,,,,,
2025-11-19 05:00:00+05:30,10.2,0.021,16.5,,,,,
2025-11-19 06:00:00+05:30,10.1,0.0211,16.0,,,,,
2025-11-19 07:00:00+05:30,10.7,0.0207,18.3,,,,,
2025-11-19 08:00:00+05:30,10.5,0.0203,17.7,,,,,
2025-11-19 09:00:00+05:30,10.8,0.0207,18.8,,,,,
2025-11-19 10:00:00+05:30,9.98,0.021,15.7,,,,,
2025-11-19 11:00:00+05:30,10.4,0.0207,17.0,,,,,
2025-11-19 12:00:00+05:30,10.1,0.0207,16.2,,,,,
2025-11-19 13:00:00+05:30,10.3,0.0212,16.7,,,,,
2025-11-19 14:00:00+05:30,10.7,0.0209,18.1,,,,,
2025-11-19 15:00:00+05:30,10.0,0.0202,15.9,,,,,
2025-11-19 16:00:00+05:30,10.5,0.0208,17.5,,,,,
2025-11-19 17:00:00+05:30,10.2,0.021,16.5,,,,,
2025-11-19 18:00:00+05:30,11.1,0.0212,19.6,,,,,
2025-11-19 19:00:00+05:30,10.6,0.0211,18.1,,,,,
2025-11-19 20:00:00+05:30,10.7,0.0214,18.4,,,,,
2025-11-19 21:00:00+05:30,11.1,0.0205,19.6,,,,,
2025-11-19 22:00:00+05:30,10.7,0.0208,18.4,,,,,
2025-11-19 23:00:00+05:30,10.3,0.0213,17.0,,,,,
2025-11-20 00:00:00+05:30,10.6,0.0214,17.7,,,,,
2025-11-20 01:00:00+05:30,10.6,0.0205,18.0,,,,,
2025-11-20 02:00:00+05:30,10.6,0.0209,17.8,,,,,
2025-11-20 03:00:00+05:30,10.5,0.0209,17.5,,,,,
2025-11-20 04:00:00+05:30,10.8,0.0208,18.6,,,,,
2025-11-20 05:00:00+05:30,10.2,0.0209,16.5,,,,,
2025-11-20 06:00:00+05:30,10.5,0.0208,17.4,,,,,
2025-11-20 07:00:00+05:30,10.8,0.0209,18.7,,,,,
2025-11-20 08:00:00+05:30,10.4,0.0213,17.2,,,,,
2025-11-20 09:00:00+05:30,9.73,0.0212,14.7,,,,,
2025-11-20 10:00:00+05:30,10.1,0.0208,16.2,,,,,
2025-11-20 11:00:00+05:30,10.8,0.0212,18.5,,,,,
2025-11-20 12:00:00+05:30,10.8,0.021,18.8,,,,,
2025-11-20 13:00:00+05:30,10.7,0.0206,18.3,,,,,
2025-11-20 14:00:00+05:30,10.1,0.0211,15.9,,,,,
2025-11-20 15:00:00+05:30,10.6,0.0209,17.8,,,,,
2025-11-20 16:00:00+05:30,10.5,0.0212,17.4,,,,,
2025-11-20 17:00:00+05:30,5.46,0.0107,9.54,,,,,
2025-11-20 18:00:00+05:30,10.2,0.0207,16.6,,,,,
2025-11-20 19:00:00+05:30,10.7,0.0211,18.4,,,,,
2025-11-20 20:00:00+05:30,10.5,0.021,17.5,,,,,
2025-11-20 21:00:00+05:30,10.6,0.0206,17.8,,,,,
2025-11-20 22:00:00+05:30,10.1,0.021,16.1,,,,,
2025-11-20 23:00:00+05:30,10.4,0.0206,17.0,,,,,
2025-11-21 00:00:00+05:30,10.4,0.0206,17.0,,,,,
2025-11-21 01:00:00+05:30,10.4,0.0209,17.2,,,,,
2025-11-21 02:00:00+05:30,10.6,0.021,18.1,,,,,
2025-11-21 03:00:00+05:30,10.6,0.0215,17.7,,,,,
2025-11-21 04:00:00+05:30,10.6,0.0202,18.1,,,,,
2025-11-21 05:00:00+05:30,10.6,0.0209,18.0,,,,,
2025-11-21 06:00:00+05:30,10.4,0.0208,17.3,,,,,
2025-11-21 07:00:00+05:30,10.5,0.0215,17.6,,,,,
2025-11-21 08:00:00+05:30,10.5,0.0208,17.5,,,,,
2025-11-21 09:00:00+05:30,10.4,0.0205,17.1,,,,,
2025-11-21 10:00:00+05:30,10.4,0.0207,17.2,,,,,
2025-11-21 11:00:00+05:30,10.6,0.021,18.1,,,,,
2025-11-21 12:00:00+05:30,10.2,0.0209,16.5,,,,,
2025-11-21 13:00:00+05:30,10.5,0.0206,16.8,,,,,
2025-11-21 14:00:00+05:30,10.3,0.0209,16.8,,,,,
2025-11-21 15:00:00+05:30,10.5,0.0207,17.3,,,,,
2025-11-21 16:00:00+05:30,10.6,0.021,15.8,,,,,
2025-11-21 17:00:00+05:30,10.2,0.0208,19.1,,,,,
2025-11-21 18:00:00+05:30,10.3,0.0214,18.1,,,,,
2025-11-21 19:00:00+05:30,10.4,0.0212,17.1,,,,,
2025-11-21 20:00:00+05:30,10.3,0.0209,16.7,,,,,
2025-11-21 21:00:00+05:30,10.2,0.021,16.4,,,,,
2025-11-21 22:00:00+05:30,10.8,0.0208,18.7,,,,,
2025-11-21 23:00:00+05:30,10.1,0.0206,16.1,,,,,
2025-11-22 00:00:00+05:30,10.7,0.0213,18.1,,,,,
2025-11-22 01:00:00+05:30,10.1,0.0217,16.1,,,,,
2025-11-22 02:00:00+05:30,10.3,0.0205,16.7,,,,,
2025-11-22 03:00:00+05:30,10.1,0.0209,16.2,,,,,
2025-11-22 04:00:00+05:30,10.1,0.0205,16.0,,,,,
2025-11-22 05:00:00+05:30,11.0,0.0207,19.6,,,,,
2025-11-22 06:00:00+05:30,10.2,0.0211,16.5,,,,,
2025-11-22 07:00:00+05:30,10.5,0.0211,17.6,,,,,
2025-11-22 08:00:00+05:30,11.1,0.0213,19.6,,,,,
2025-11-22 09:00:00+05:30,10.5,0.0215,17.4,,,,,
2025-11-22 10:00:00+05:30,11.0,0.0207,19.4,,,,,
2025-11-22 11:00:00+05:30,10.6,0.0207,18.0,,,,,
2025-11-22 12:00:00+05:30,10.2,0.0208,16.4,,,,,
2025-11-22 13:00:00+05:30,10.1,0.0208,16.1,,,,,
2025-11-22 14:00:00+05:30,10.4,0.0205,17.1,,,,,
2025-11-22 15:00:00+05:30,10.8,0.021,18.6,,,,,
2025-11-22 16:00:00+05:30,9.91,0.0203,15.4,,,,,
2025-11-22 17:00:00+05:30,10.4,0.0212,17.3,,,,,
2025-11-22 18:00:00+05:30,10.5,0.0214,17.6,,,,,
2025-11-22 19:00:00+05:30,10.1,0.0213,16.1,,,,,
2025-11-22 20:00:00+05:30,10.2,0.0207,16.6,,,,,
2025-11-22 21:00:00+05:30,10.5,0.0208,17.6,,,,,
2025-11-22 22:00:00+05:30,11.0,0.0215,19.3,,,,,
2025-11-22 23:00:00+05:30,10.6,0.0214,17.8,,,,,
2025-11-23 00:00:00+05:30,9.89,0.021,15.3,,,,,
2025-11-23 01:00:00+05:30,10.0,0.021,15.9,,,,,
2025-11-23 02:00:00+05:30,10.5,0.0207,17.7,,,,,
2025-11-23 03:00:00+05:30,10.3,0.0213,16.9,,,,,
2025-11-23 04:00:00+05:30,10.3,0.0205,16.9,,,,,
2025-11-23 05:00:00+05:30,10.7,0.0209,18.1,,,,,
2025-11-23 06:00:00+05:30,9.88,0.0208,15.3,,,,,
2025-11-23 07:00:00+05:30,10.4,0.0211,17.0,,,,,
2025-11-23 08:00:00+05:30,10.9,0.0208,18.8,,,,,
2025-11-23 09:00:00+05:30,10.3,0.0211,17.0,,,,,
2025-11-23 10:00:00+05:30,10.7,0.021,18.4,,,,,
2025-11-23 11:00:00+05:30,10.4,0.0209,17.3,,,,,
2025-11-23 12:00:00+05:30,10.4,0.0208,17.3,,,,,
2025-11-23 13:00:00+05:30,10.4,0.021,17.3,,,,,
2025-11-23 14:00:00+05:30,10.2,0.021,16.3,,,,,
2025-11-23 15:00:00+05:30,10.5,0.0205,17.4,,,,,
2025-11-23 16:00:00+05:30,10.4,0.0211,17.3,,,,,
2025-11-23 19:00:00+05:30,10.9,0.0203,18.9,,,,,
2025-11-23 20:00:00+05:30,10.4,0.0207,17.2,,,,,
2025-11-23 21:00:00+05:30,10.7,0.0207,18.2,,,,,
2025-11-23 22:00:00+05:30,9.77,0.0206,14.9,,,,,
2025-11-23 23:00:00+05:30,10.1,0.0208,15.9,,,,,
2025-11-24 00:00:00+05:30,10.6,0.0204,18.0,,,,,
2025-11-24 01:00:00+05:30,11.0,0.0201,19.4,,,,,
2025-11-24 02:00:00+05:30,10.1,0.0213,16.3,,,,,
2025-11-24 03:00:00+05:30,10.7,0.0206,18.2,,,,,
2025-11-24 04:00:00+05:30,10.4,0.0212,17.2,,,,,
2025-11-24 05:00:00+05:30,10.5,0.0211,17.4,,,,,
2025-11-24 06:00:00+05:30,10.2,0.0206,16.4,,,,,
2025-11-24 07:00:00+05:30,10.8,0.0208,18.8,,,,,
2025-11-24 08:00:00+05:30,10.7,0.0209,18.2,,,,,
2025-11-24 09:00:00+05:30,10.3,0.0217,17.0,,,,,
2025-11-24 10:00:00+05:30,10.7,0.0209,18.3,,,,,
2025-11-24 11:00:00+05:30,10.7,0.0204,18.1,,,,,
2025-11-24 12:00:00+05:30,10.5,0.0209,17.7,,,,,
2025-11-24 13:00:00+05:30,10.3,0.0213,16.8,,,,,
2025-11-24 14:00:00+05:30,10.5,0.0205,17.5,,,,,
2025-11-24 15:00:00+05:30,10.3,0.0205,17.0,,,,,
2025-11-24 16:00:00+05:30,11.2,0.0211,20.3,,,,,
2025-11-24 17:00:00+05:30,10.2,0.0208,16.4,,,,,
2025-11-24 18:00:00+05:30,10.5,0.0209,17.4,,,,,
2025-11-24 19:00:00+05:30,10.1,0.0211,16.1,,,,,
2025-11-24 20:00:00+05:30,10.4,0.0207,17.3,,,,,
2025-11-24 21:00:00+05:30,10.6,0.0209,18.1,,,,,
2025-11-24 22:00:00+05:30,10.6,0.0212,17.9,,,,,
2025-11-24 23:00:00+05:30,11.1,0.0206,19.6,,,,,
2025-11-25 00:00:00+05:30,10.2,0.0209,16.3,,,,,
2025-11-25 01:00:00+05:30,10.7,0.0207,18.2,,,,,
2025-11-25 02:00:00+05:30,11.1,0.0211,19.9,,,,,
2025-11-25 03:00:00+05:30,10.6,0.0204,17.9,,,,,
2025-11-25 04:00:00+05:30,10.3,0.0207,17.0,,,,,
2025-11-25 05:00:00+05:30,10.4,0.0207,17.3,,,,,
2025-11-25 06:00:00+05:30,10.4,0.0212,17.2,,,,,
2025-11-25 07:00:00+05:30,11.0,0.0207,19.3,,,,,
2025-11-25 08:00:00+05:30,10.5,0.0211,17.6,,,,,
2025-11-25 09:00:00+05:30,10.8,0.0205,18.6,,,,,
2025-11-25 10:00:00+05:30,10.1,0.0206,16.0,,,,,
2025-11-25 11:00:00+05:30,10.5,0.0209,17.7,,,,,
2025-11-25 12:00:00+05:30,7.57,0.0159,12.0,,,,,
2025-11-25 13:00:00+05:30,10.3,0.0205,16.7,,,,,
2025-11-25 14:00:00+05:30,10.5,0.0209,17.4,,,,,
2025-11-25 15:00:00+05:30,10.9,0.0211,19.0,,,,,
2025-11-25 16:00:00+05:30,10.1,0.0205,16.1,,,,,
2025-11-25 17:00:00+05:30,10.8,0.0212,18.6,,,,,
2025-11-25 18:00:00+05:30,10.5,0.0212,17.5,,,,,
2025-11-25 19:00:00+05:30,11.1,0.021,19.8,,,,,
2025-11-25 20:00:00+05:30,10.5,0.0206,17.4,,,,,
2025-11-25 21:00:00+05:30,10.1,0.0212,16.2,,,,,
2025-11-25 22:00:00+05:30,9.92,0.0207,15.4,,,,,
2025-11-25 23:00:00+05:30,10.6,0.0209,17.8,,,,,
2025-11-26 00:00:00+05:30,10.2,0.0206,16.6,,,,,
2025-11-26 01:00:00+05:30,11.1,0.0211,19.8,,,,,
2025-11-26 02:00:00+05:30,10.2,0.0207,16.5,,,,,
2025-11-26 03:00:00+05:30,10.2,0.0212,16.4,,,,,
2025-11-26 04:00:00+05:30,10.3,0.0213,16.9,,,,,
2025-11-26 05:00:00+05:30,10.5,0.0208,17.4,,,,,
2025-11-26 06:00:00+05:30,10.1,0.0209,16.1,,,,,
2025-11-26 07:00:00+05:30,10.2,0.0206,16.5,,,,,
2025-11-26 08:00:00+05:30,10.0,0.0208,15.9,,,,,
2025-11-26 09:00:00+05:30,10.6,0.021,17.9,,,,,
2025-11-26 10:00:00+05:30,10.5,0.021,17.5,,,,,
2025-11-26 11:00:00+05:30,10.4,0.0211,17.2,,,,,
2025-11-26 12:00:00+05:30,10.4,0.0207,17.3,,,,,
2025-11-26 13:00:00+05:30,11.1,0.0213,19.9,,,,,
2025-11-26 14:00:00+05:30,10.1,0.0207,16.1,,,,,
2025-11-26 15:00:00+05:30,11.6,0.0214,21.7,,,,,
2025-11-26 16:00:00+05:30,10.2,0.021,16.4,,,,,
2025-11-26 17:00:00+05:30,10.3,0.0203,16.8,,,,,
2025-11-26 18:00:00+05:30,10.4,0.0211,17.1,,,,,
2025-11-26 19:00:00+05:30,10.9,0.0211,18.9,,,,,
2025-11-26 20:00:00+05:30,10.5,0.0214,17.6,,,,,
2025-11-26 21:00:00+05:30,10.3,0.0212,16.7,,,,,
2025-11-26 22:00:00+05:30,10.3,0.0207,16.8,,,,,
2025-11-26 23:00:00+05:30,10.5,0.0208,17.5,,,,,
2025-11-27 00:00:00+05:30,10.3,0.021,16.8,,,,,
2025-11-27 01:00:00+05:30,11.0,0.0212,19.3,,,,,
2025-11-27 02:00:00+05:30,10.3,0.0205,16.9,,,,,
2025-11-27 03:00:00+05:30,10.5,0.0209,17.7,,,,,
2025-11-27 04:00:00+05:30,10.7,0.021,18.4,,,,,
2025-11-27 05:00:00+05:30,10.7,0.0208,18.1,,,,,
2025-11-27 06:00:00+05:30,9.94,0.0209,15.5,,,,,
2025-11-27 07:00:00+05:30,10.4,0.0205,17.3,,,,,
2025-11-27 08:00:00+05:30,10.9,0.0209,18.8,,,,,
2025-11-27 09:00:00+05:30,10.6,0.0204,17.9,,,,,
2025-11-27 10:00:00+05:30,10.3,0.021,16.7,,,,,
2025-11-27 11:00:00+05:30,10.2,0.0205,16.4,,,,,
2025-11-27 12:00:00+05:30,10.4,0.0204,17.0,,,,,
2025-11-27 13:00:00+05:30,10.0,0.0207,15.9,,,,,
2025-11-27 14:00:00+05:30,10.8,0.0206,18.5,,,,,
2025-11-27 15:00:00+05:30,10.9,0.0209,19.1,,,,,
2025-11-27 16:00:00+05:30,10.8,0.0209,18.8,,,,,
2025-11-27 17:00:00+05:30,10.3,0.0212,17.3,,,,,
2025-11-27 18:00:00+05:30,10.4,0.0211,17.1,,,,,
2025-11-27 19:00:00+05:30,10.4,0.0211,17.2,,,,,
2025-11-27 20:00:00+05:30,10.5,0.0204,17.6,,,,,
2025-11-27 21:00:00+05:30,10.4,0.0206,17.3,,,,,
2025-11-27 22:00:00+05:30,10.5,0.0207,17.6,,,,,
2025-11-27 23:00:00+05:30,9.92,0.021,15.4,,,,,
2025-11-28 00:00:00+05:30,10.1,0.0201,16.2,,,,,
2025-11-28 01:00:00+05:30,9.88,0.0213,15.3,,,,,
2025-11-28 02:00:00+05:30,10.5,0.0207,17.5,,,,,
2025-11-28 03:00:00+05:30,10.8,0.0214,18.5,,,,,
2025-11-28 04:00:00+05:30,10.4,0.0209,17.1,,,,,
2025-11-28 05:00:00+05:30,10.2,0.021,16.5,,,,,
2025-11-28 06:00:00+05:30,10.2,0.0203,16.5,,,,,
2025-11-28 07:00:00+05:30,10.6,0.0202,17.8,,,,,
2025-11-28 08:00:00+05:30,10.6,0.0212,17.8,,,,,
2025-11-28 09:00:00+05:30,10.3,0.0209,16.8,,,,,
2025-11-28 10:00:00+05:30,10.1,0.0211,16.2,,,,,
2025-11-28 11:00:00+05:30,10.4,0.0209,17.1,,,,,
2025-11-28 12:00:00+05:30,10.4,0.0205,17.2,,,,,
2025-11-28 13:00:00+05:30,9.77,0.0211,14.9,,,,,
2025-11-28 14:00:00+05:30,10.4,0.0208,17.3,,,,,
2025-11-28 15:00:00+05:30,10.3,0.0211,16.8,,,,,
2025-11-28 16:00:00+05:30,10.5,0.0213,17.4,,,,,
2025-11-28 17:00:00+05:30,10.1,0.0212,16.3,,,,,
2025-11-28 18:00:00+05:30,10.4,0.0213,17.3,,,,,
2025-11-28 19:00:00+05:30,11.0,0.0212,19.3,,,,,
2025-11-28 20:00:00+05:30,10.2,0.0209,16.6,,,,,
2025-11-28 21:00:00+05:30,10.6,0.0208,18.0,,,,,
2025-11-28 22:00:00+05:30,9.89,0.0215,15.3,,,,,
2025-11-28 23:00:00+05:30,10.2,0.0212,16.6,,,,,
2025-11-29 00:00:00+05:30,10.0,0.0205,15.9,,,,,
2025-11-29 01:00:00+05:30,10.4,0.0208,17.3,,,,,
2025-11-29 02:00:00+05:30,10.6,0.0207,18.0,,,,,
2025-11-29 03:00:00+05:30,10.6,0.0213,18.0,,,,,
2025-11-29 04:00:00+05:30,10.9,0.0209,18.9,,,,,
2025-11-29 05:00:00+05:30,10.4,0.0208,17.1,,,,,
2025-11-29 06:00:00+05:30,10.7,0.0209,18.3,,,,,
2025-11-29 07:00:00+05:30,9.88,0.0211,15.3,,,,,
2025-11-29 08:00:00+05:30,9.96,0.0207,15.6,,,,,
2025-11-29 09:00:00+05:30,10.5,0.0205,17.4,,,,,
2025-11-29 10:00:00+05:30,10.8,0.0205,18.7,,,,,
2025-11-29 11:00:00+05:30,10.4,0.0205,17.1,,,,,
2025-11-29 12:00:00+05:30,10.7,0.0207,18.3,,,,,
2025-11-29 13:00:00+05:30,10.1,0.0212,16.2,,,,,
2025-11-29 14:00:00+05:30,10.4,0.0204,17.3,,,,,
2025-11-29 15:00:00+05:30,10.4,0.0207,17.1,,,,,
2025-11-29 16:00:00+05:30,10.6,0.0208,17.8,,,,,
2025-11-29 17:00:00+05:30,10.3,0.0211,16.8,,,,,
2025-11-29 18:00:00+05:30,10.5,0.021,17.6,,,,,
2025-11-29 19:00:00+05:30,10.4,0.0207,17.2,,,,,
2025-11-29 20:00:00+05:30,10.4,0.0204,17.1,,,,,
2025-11-29 21:00:00+05:30,10.8,0.0208,18.7,,,,,
2025-11-29 22:00:00+05:30,10.2,0.0206,16.3,,,,,
2025-11-29 23:00:00+05:30,10.3,0.0205,16.7,,,,,
2025-11-30 00:00:00+05:30,10.0,0.021,15.7,,,,,
2025-11-30 01:00:00+05:30,10.5,0.021,17.5,,,,,
2025-11-30 02:00:00+05:30,11.0,0.0208,19.4,,,,,
2025-11-30 03:00:00+05:30,10.8,0.0211,18.7,,,,,
2025-11-30 04:00:00+05:30,10.7,0.0213,18.1,,,,,
2025-11-30 05:00:00+05:30,10.7,0.021,18.3,,,,,
2025-11-30 06:00:00+05:30,10.0,0.0207,15.8,,,,,
2025-11-30 07:00:00+05:30,10.5,0.0211,17.2,,,,,
2025-11-30 08:00:00+05:30,10.7,0.0211,18.3,,,,,
2025-11-30 09:00:00+05:30,10.3,0.0208,16.9,,,,,
2025-11-30 10:00:00+05:30,9.69,0.021,14.6,,,,,
2025-11-30 11:00:00+05:30,10.9,0.0208,18.9,,,,,
2025-11-30 12:00:00+05:30,10.5,0.0217,17.7,,,,,
2025-11-30 13:00:00+05:30,10.7,0.0206,18.1,,,,,
2025-11-30 14:00:00+05:30,10.3,0.0205,16.7,,,,,
2025-11-30 15:00:00+05:30,10.1,0.0207,16.0,,,,,
2025-11-30 16:00:00+05:30,10.4,0.0208,17.1,,,,,
2025-11-30 17:00:00+05:30,10.3,0.0208,17.0,,,,,
2025-11-30 18:00:00+05:30,10.9,0.0207,19.0,,,,,
2025-11-30 19:00:00+05:30,10.4,0.0206,17.1,,,,,
2025-11-30 20:00:00+05:30,10.6,0.0209,17.8,,,,,
2025-11-30 21:00:00+05:30,10.3,0.0206,16.8,,,,,
2025-11-30 22:00:00+05:30,10.2,0.0207,16.5,,,,,
2025-11-30 23:00:00+05:30,10.1,0.021,16.1,,,,,
2025-12-01 00:00:00+05:30,9.49,0.0202,13.8,,,,,
2025-12-01 01:00:00+05:30,10.8,0.0206,18.6,,,,,
2025-12-01 02:00:00+05:30,10.0,0.0206,15.8,,,,,
2025-12-01 03:00:00+05:30,10.4,0.0212,17.1,,,,,
2025-12-01 04:00:00+05:30,10.6,0.0207,18.0,,,,,
2025-12-01 05:00:00+05:30,10.6,0.0215,17.9,,,,,
2025-12-01 06:00:00+05:30,10.0,0.0214,15.8,,,,,
2025-12-01 07:00:00+05:30,10.4,0.0215,17.1,,,,,
2025-12-01 08:00:00+05:30,10.7,0.0209,18.2,,,,,
2025-12-01 09:00:00+05:30,10.4,0.0208,17.0,,,,,
2025-12-01 10:00:00+05:30,10.4,0.0214,17.4,,,,,
2025-12-01 12:00:00+05:30,9.71,0.0202,14.7,,,,,
2025-12-01 13:00:00+05:30,10.6,0.0212,17.8,,,,,
2025-12-01 14:00:00+05:30,10.1,0.0208,16.2,,,,,
2025-12-01 15:00:00+05:30,10.9,0.0204,19.0,,,,,
2025-12-01 16:00:00+05:30,10.7,0.0213,18.2,,,,,
2025-12-01 17:00:00+05:30,10.6,0.021,17.9,,,,,
2025-12-01 18:00:00+05:30,10.4,0.0212,18.3,,,,,
2025-12-01 19:00:00+05:30,11.1,0.0207,18.4,,,,,
2025-12-01 20:00:00+05:30,10.4,0.0211,19.5,,,,,
2025-12-01 21:00:00+05:30,10.2,0.0209,17.1,,,,,
2025-12-01 22:00:00+05:30,10.7,0.0205,18.0,,,,,
2025-12-01 23:00:00+05:30,10.9,0.0211,17.5,,,,,
2025-12-02 00:00:00+05:30,10.8,0.0209,15.8,,,,,
2025-12-02 01:00:00+05:30,10.5,0.0204,18.3,,,,,
2025-12-02 02:00:00+05:30,10.2,0.0211,17.3,,,,,
2025-12-02 03:00:00+05:30,10.4,0.0211,17.3,,,,,
2025-12-02 04:00:00+05:30,10.1,0.0214,19.0,,,,,
2025-12-02 05:00:00+05:30,10.5,0.0209,15.3,,,,,
2025-12-02 06:00:00+05:30,10.4,0.0208,17.8,,,,,
2025-12-02 07:00:00+05:30,10.6,0.0208,18.9,,,,,
2025-12-02 08:00:00+05:30,10.6,0.021,18.3,,,,,
2025-12-02 09:00:00+05:30,10.8,0.0209,16.6,,,,,
2025-12-02 10:00:00+05:30,10.5,0.0207,16.5,,,,,
2025-12-02 11:00:00+05:30,10.6,0.0205,18.6,,,,,
2025-12-02 12:00:00+05:30,10.3,0.0211,16.8,,,,,
2025-12-02 13:00:00+05:30,9.8,0.0212,18.5,,,,,
2025-12-02 14:00:00+05:30,9.67,0.0209,16.8,,,,,
2025-12-02 15:00:00+05:30,10.2,0.0211,16.5,,,,,
2025-12-02 16:00:00+05:30,10.4,0.0204,18.4,,,,,
2025-12-02 17:00:00+05:30,10.4,0.0208,17.6,,,,,
2025-12-02 18:00:00+05:30,10.8,0.02,20.3,,,,,
2026-01-07 22:00:00+05:30,,,17.0,156.0,13.0,7.0,46.0,13.0
