Local Time,NO,NO2,NOX,PM10
2025-09-30 14:00:00+05:30,23.2,19.2,0.0416,22.4
2025-09-30 15:00:00+05:30,9.59,19.9,0.0282,30.0
2025-10-03 15:00:00+05:30,33.0,17.4,0.0504,27.6
2025-10-03 16:00:00+05:30,26.6,22.0,0.0483,33.7
2025-10-03 18:00:00+05:30,7.05,4.15,0.00588,-50.0
2025-10-03 19:00:00+05:30,0.9,16.9,0.00622,-20.0
2025-10-03 20:00:00+05:30,5.48,13.3,0.0175,80.2
2025-10-03 21:00:00+05:30,3.49,17.7,0.0199,117.0
2025-10-03 22:00:00+05:30,6.98,18.2,0.0252,119.0
2025-10-03 23:00:00+05:30,8.78,18.2,0.027,156.0
2025-10-04 00:00:00+05:30,11.3,18.9,0.0302,164.0
2025-10-04 01:00:00+05:30,14.6,17.5,0.0321,139.0
2025-10-04 02:00:00+05:30,2.78,18.4,0.0199,130.0
2025-10-04 03:00:00+05:30,6.79,18.4,0.0252,123.0
2025-10-04 04:00:00+05:30,7.51,17.1,0.0246,119.0
2025-10-04 05:00:00+05:30,11.8,16.9,0.0287,116.0
2025-10-04 06:00:00+05:30,12.5,18.6,0.0311,105.0
2025-10-04 07:00:00+05:30,2.95,20.4,0.021,91.2
2025-10-04 08:00:00+05:30,4.34,17.3,0.0212,78.7
2025-10-04 09:00:00+05:30,7.52,18.1,0.0257,103.0
2025-10-04 10:00:00+05:30,10.3,18.5,0.0288,106.0
2025-10-04 11:00:00+05:30,13.5,17.7,0.0312,90.5
2025-10-04 12:00:00+05:30,10.1,19.5,0.0296,59.9
2025-10-04 13:00:00+05:30,2.06,17.6,0.0165,49.5
2025-10-04 14:00:00+05:30,10.9,16.6,0.0274,40.8
2025-10-04 15:00:00+05:30,13.0,18.7,0.0317,41.9
2025-10-04 16:00:00+05:30,13.7,20.8,0.0343,38.5
2025-10-04 17:00:00+05:30,8.36,18.3,0.0218,57.8
2025-10-04 18:00:00+05:30,3.11,15.9,0.0168,57.4
2025-10-04 19:00:00+05:30,8.28,17.1,0.0254,61.7
2025-10-04 20:00:00+05:30,8.99,17.9,0.0269,73.0
2025-10-04 21:00:00+05:30,11.0,17.1,0.0281,90.9
2025-10-04 22:00:00+05:30,11.0,19.0,0.03,100.0
2025-10-04 23:00:00+05:30,9.54,18.5,0.0269,103.0
2025-10-05 00:00:00+05:30,3.28,18.4,0.0192,100.0
2025-10-05 01:00:00+05:30,10.3,17.4,0.0278,119.0
2025-10-05 02:00:00+05:30,12.3,17.5,0.0298,110.0
2025-10-05 03:00:00+05:30,12.1,17.4,0.0295,118.0
2025-10-05 04:00:00+05:30,10.7,17.7,0.0283,115.0
2025-10-05 05:00:00+05:30,4.17,19.7,0.023,102.0
2025-10-05 06:00:00+05:30,8.17,17.3,0.0255,99.4
2025-10-05 07:00:00+05:30,6.86,17.9,0.0247,81.0
2025-10-05 08:00:00+05:30,9.92,17.7,0.0276,74.0
2025-10-05 09:00:00+05:30,12.3,18.8,0.0312,68.5
2025-10-05 10:00:00+05:30,3.27,19.1,0.0194,79.2
2025-10-05 11:00:00+05:30,6.78,18.0,0.0247,75.2
2025-10-05 12:00:00+05:30,8.07,18.1,0.0262,70.4
2025-10-05 13:00:00+05:30,10.6,18.8,0.0294,72.4
2025-10-05 14:00:00+05:30,13.1,19.3,0.0324,52.4
2025-10-05 15:00:00+05:30,4.38,19.3,0.0202,60.9
2025-10-05 16:00:00+05:30,3.57,17.7,0.0211,45.6
2025-10-05 17:00:00+05:30,9.01,17.7,0.0268,41.8
2025-10-05 18:00:00+05:30,11.2,18.0,0.0292,52.7
2025-10-05 19:00:00+05:30,9.2,18.2,0.0273,54.5
2025-10-05 20:00:00+05:30,7.06,16.1,0.0225,55.6
2025-10-05 21:00:00+05:30,3.84,16.4,0.0187,65.0
2025-10-05 22:00:00+05:30,6.53,18.2,0.0247,126.0
2025-10-05 23:00:00+05:30,8.55,18.4,0.027,154.0
2025-10-06 00:00:00+05:30,9.75,19.5,0.0293,149.0
2025-10-06 01:00:00+05:30,10.0,19.6,0.029,120.0
2025-10-06 02:00:00+05:30,3.47,17.6,0.0195,80.3
2025-10-06 03:00:00+05:30,5.95,17.2,0.0232,46.8
2025-10-06 04:00:00+05:30,9.28,19.1,0.0283,33.0
2025-10-06 05:00:00+05:30,10.9,16.9,0.0278,23.7
2025-10-06 06:00:00+05:30,8.93,18.1,0.0271,29.8
2025-10-06 07:00:00+05:30,6.7,18.4,0.0249,30.4
2025-10-06 08:00:00+05:30,5.35,17.8,0.0231,22.7
2025-10-06 09:00:00+05:30,8.3,18.3,0.0266,47.6
2025-10-06 10:00:00+05:30,8.96,17.4,0.0264,54.4
2025-10-06 11:00:00+05:30,11.3,17.8,0.0291,55.9
2025-10-06 12:00:00+05:30,11.8,17.6,0.0292,65.8
2025-10-06 13:00:00+05:30,6.52,19.8,0.0253,66.7
2025-10-06 14:00:00+05:30,9.7,17.7,0.0274,49.6
2025-10-06 15:00:00+05:30,8.79,17.9,0.0267,49.0
2025-10-06 16:00:00+05:30,9.27,19.5,0.0285,47.6
2025-10-06 17:00:00+05:30,11.0,18.7,0.0295,41.0
2025-10-06 18:00:00+05:30,4.84,16.0,0.0203,31.4
2025-10-06 19:00:00+05:30,8.25,17.3,0.0256,39.4
2025-10-06 20:00:00+05:30,8.2,19.2,0.0274,42.6
2025-10-06 21:00:00+05:30,9.57,17.6,0.0272,40.0
2025-10-06 22:00:00+05:30,9.82,16.9,0.0264,48.0
2025-10-06 23:00:00+05:30,5.87,16.3,0.02,45.3
2025-10-07 00:00:00+05:30,11.4,19.1,0.0304,44.6
2025-10-07 01:00:00+05:30,8.91,17.6,0.0265,43.7
2025-10-07 02:00:00+05:30,9.57,16.4,0.026,35.9
2025-10-07 03:00:00+05:30,11.9,17.3,0.0292,37.0
2025-10-07 04:00:00+05:30,9.29,18.2,0.0289,40.6
2025-10-07 05:00:00+05:30,6.54,17.9,0.0244,29.1
2025-10-07 06:00:00+05:30,7.1,18.0,0.0251,21.6
2025-10-07 07:00:00+05:30,8.97,17.6,0.0265,15.1
2025-10-07 08:00:00+05:30,10.1,17.8,0.0279,11.4
2025-10-07 09:00:00+05:30,12.0,19.5,0.0314,17.6
2025-10-07 10:00:00+05:30,5.5,19.8,0.025,20.9
2025-10-07 11:00:00+05:30,6.43,18.5,0.0249,30.7
2025-10-07 12:00:00+05:30,6.48,18.0,0.0245,27.6
2025-10-07 13:00:00+05:30,13.2,18.1,0.0313,29.1
2025-10-07 14:00:00+05:30,11.7,18.2,0.0299,21.9
2025-10-07 15:00:00+05:30,2.48,17.0,0.0179,16.4
2025-10-07 16:00:00+05:30,6.65,17.8,0.0244,11.9
2025-10-07 17:00:00+05:30,5.96,17.9,0.0239,7.69
2025-10-07 18:00:00+05:30,9.71,17.6,0.0273,10.8
2025-10-07 19:00:00+05:30,8.74,18.9,0.0277,14.1
2025-10-07 20:00:00+05:30,8.75,18.9,0.0271,10.8
2025-10-07 21:00:00+05:30,6.23,17.8,0.0223,11.5
2025-10-07 22:00:00+05:30,9.1,17.5,0.0266,24.3
2025-10-07 23:00:00+05:30,7.08,18.9,0.026,28.7
2025-10-08 00:00:00+05:30,9.41,16.6,0.026,36.5
2025-10-08 01:00:00+05:30,5.55,14.5,0.0201,37.8
2025-10-08 02:00:00+05:30,2.0,17.4,0.0185,30.7
2025-10-08 03:00:00+05:30,6.18,17.9,0.0241,33.2
2025-10-08 04:00:00+05:30,6.73,19.1,0.0258,31.0
2025-10-08 05:00:00+05:30,12.2,18.1,0.0303,43.0
2025-10-08 06:00:00+05:30,8.65,17.4,0.0259,36.4
2025-10-08 07:00:00+05:30,5.1,18.4,0.0232,34.9
2025-10-08 08:00:00+05:30,7.86,18.5,0.0264,25.9
2025-10-08 09:00:00+05:30,7.6,18.2,0.0258,30.5
2025-10-08 10:00:00+05:30,11.8,17.2,0.029,39.9
2025-10-08 11:00:00+05:30,9.79,18.3,0.0281,42.9
2025-10-08 12:00:00+05:30,9.81,17.7,0.0275,44.1
2025-10-08 13:00:00+05:30,6.9,18.3,0.0241,49.7
2025-10-08 14:00:00+05:30,3.47,18.7,0.0211,38.3
2025-10-08 15:00:00+05:30,7.84,17.8,0.0256,37.9
2025-10-08 16:00:00+05:30,16.1,18.2,0.0343,34.3
2025-10-08 17:00:00+05:30,8.61,18.8,0.0273,36.3
2025-10-08 18:00:00+05:30,3.82,18.9,0.0214,32.3
2025-10-08 19:00:00+05:30,7.62,18.2,0.0258,38.6
2025-10-08 20:00:00+05:30,8.95,17.9,0.0268,44.3
2025-10-08 21:00:00+05:30,10.7,18.3,0.029,59.8
2025-10-08 22:00:00+05:30,13.5,17.2,0.0307,56.2
2025-10-08 23:00:00+05:30,4.22,17.8,0.0213,62.0
2025-10-09 00:00:00+05:30,7.03,17.2,0.0242,61.8
2025-10-09 01:00:00+05:30,8.98,19.4,0.0284,68.0
2025-10-09 02:00:00+05:30,9.27,18.0,0.0273,66.5
2025-10-09 03:00:00+05:30,13.0,17.3,0.0302,64.7
2025-10-09 04:00:00+05:30,6.71,18.2,0.0235,55.9
2025-10-09 05:00:00+05:30,5.69,18.2,0.0239,47.5
2025-10-09 06:00:00+05:30,6.5,18.4,0.0249,56.1
2025-10-09 07:00:00+05:30,8.47,17.7,0.0271,60.1
2025-10-09 08:00:00+05:30,11.2,16.9,0.0281,65.4
2025-10-09 09:00:00+05:30,9.21,19.0,0.0282,73.0
2025-10-09 10:00:00+05:30,3.61,16.6,0.02,82.6
2025-10-09 11:00:00+05:30,8.72,19.0,0.0277,90.0
2025-10-09 12:00:00+05:30,9.84,17.3,0.0272,81.9
2025-10-09 13:00:00+05:30,10.3,17.7,0.028,71.1
2025-10-09 14:00:00+05:30,11.7,18.9,0.0307,48.2
2025-10-09 15:00:00+05:30,5.6,18.1,0.021,39.9
2025-10-09 16:00:00+05:30,0.37,7.52,0.0078,20.2
2025-10-09 17:00:00+05:30,5.94,18.6,0.0246,36.7
2025-10-09 18:00:00+05:30,9.94,18.1,0.028,46.2
2025-10-09 19:00:00+05:30,11.4,16.6,0.028,57.5
2025-10-09 20:00:00+05:30,6.69,14.3,0.0204,74.5
2025-10-09 21:00:00+05:30,6.84,18.1,0.0249,104.0
2025-10-09 22:00:00+05:30,7.33,17.7,0.025,142.0
2025-10-09 23:00:00+05:30,8.45,18.3,0.0268,149.0
2025-10-10 00:00:00+05:30,8.35,19.2,0.0287,149.0
2025-10-10 01:00:00+05:30,5.93,17.0,0.0225,159.0
2025-10-10 02:00:00+05:30,7.1,19.9,0.0263,139.0
2025-10-10 03:00:00+05:30,7.91,17.9,0.0258,144.0
2025-10-10 04:00:00+05:30,8.05,16.8,0.0249,135.0
2025-10-10 05:00:00+05:30,8.69,19.5,0.0282,123.0
2025-10-10 06:00:00+05:30,11.3,16.9,0.0294,115.0
2025-10-10 07:00:00+05:30,5.21,16.9,0.022,123.0
2025-10-10 08:00:00+05:30,6.25,18.4,0.0246,123.0
2025-10-10 09:00:00+05:30,5.79,18.9,0.0247,129.0
2025-10-10 10:00:00+05:30,8.83,19.0,0.0278,142.0
2025-10-10 11:00:00+05:30,12.1,20.3,0.0325,142.0
2025-10-10 12:00:00+05:30,5.41,18.1,0.022,126.0
2025-10-10 13:00:00+05:30,6.02,17.6,0.0234,122.0
2025-10-10 14:00:00+05:30,8.96,18.9,0.0279,94.9
2025-10-10 15:00:00+05:30,9.5,18.9,0.0284,98.1
2025-10-10 16:00:00+05:30,12.3,17.6,0.0299,92.5
2025-10-10 20:00:00+05:30,8.97,17.8,0.0268,80.4
2025-10-10 21:00:00+05:30,11.6,17.3,0.0283,138.0
2025-10-10 22:00:00+05:30,12.0,19.1,0.0296,209.0
2025-10-10 23:00:00+05:30,6.24,17.0,0.0231,199.0
2025-10-11 00:00:00+05:30,8.52,17.8,0.0263,205.0
2025-10-11 02:00:00+05:30,12.5,18.3,0.0307,199.0
2025-10-11 03:00:00+05:30,8.9,18.1,0.0266,172.0
2025-10-11 04:00:00+05:30,6.93,16.5,0.0222,146.0
2025-10-11 05:00:00+05:30,7.8,18.8,0.0266,141.0
2025-10-11 06:00:00+05:30,8.03,17.9,0.0259,172.0
2025-10-11 07:00:00+05:30,10.5,18.2,0.0287,157.0
2025-10-11 08:00:00+05:30,9.96,18.1,0.0281,163.0
2025-10-11 09:00:00+05:30,10.2,18.1,0.0282,167.0
2025-10-11 10:00:00+05:30,5.47,19.6,0.0248,171.0
2025-10-11 11:00:00+05:30,7.74,17.9,0.0256,161.0
2025-10-11 12:00:00+05:30,9.1,18.4,0.0275,149.0
2025-10-11 13:00:00+05:30,11.9,17.9,0.0297,129.0
2025-10-11 14:00:00+05:30,11.3,18.1,0.0294,95.0
2025-10-11 15:00:00+05:30,5.32,17.7,0.0224,81.0
2025-10-11 16:00:00+05:30,7.52,17.4,0.025,75.1
2025-10-11 17:00:00+05:30,9.41,20.0,0.0294,67.1
2025-10-11 18:00:00+05:30,10.7,18.3,0.0289,73.8
2025-10-11 19:00:00+05:30,8.93,19.4,0.0283,79.8
2025-10-11 20:00:00+05:30,4.02,18.2,0.0212,99.6
2025-10-11 21:00:00+05:30,6.98,17.6,0.0246,137.0
2025-10-11 22:00:00+05:30,7.64,17.9,0.0265,148.0
2025-10-11 23:00:00+05:30,6.47,18.9,0.0265,152.0
2025-10-12 00:00:00+05:30,9.71,16.8,0.0265,150.0
2025-10-12 01:00:00+05:30,5.84,17.8,0.0224,152.0
2025-10-12 02:00:00+05:30,6.96,17.6,0.0246,130.0
2025-10-12 03:00:00+05:30,8.8,17.1,0.0259,124.0
2025-10-12 04:00:00+05:30,7.71,17.7,0.0254,118.0
2025-10-12 05:00:00+05:30,13.0,18.4,0.0313,114.0
2025-10-12 06:00:00+05:30,10.7,17.9,0.0286,112.0
2025-10-12 07:00:00+05:30,2.53,19.2,0.0207,104.0
2025-10-12 08:00:00+05:30,7.23,18.4,0.0256,96.7
2025-10-12 09:00:00+05:30,9.46,18.1,0.0276,117.0
2025-10-12 10:00:00+05:30,12.3,17.7,0.03,132.0
2025-10-12 11:00:00+05:30,11.1,17.5,0.0287,137.0
2025-10-12 12:00:00+05:30,6.53,19.1,0.0244,139.0
2025-10-12 13:00:00+05:30,6.23,17.1,0.0233,129.0
2025-10-12 14:00:00+05:30,8.75,18.0,0.0268,102.0
2025-10-12 15:00:00+05:30,9.03,17.8,0.0268,87.6
2025-10-12 16:00:00+05:30,12.7,15.8,0.0285,81.5
2025-10-12 17:00:00+05:30,6.52,17.7,0.0227,74.2
2025-10-12 18:00:00+05:30,3.97,17.5,0.0213,67.3
2025-10-12 19:00:00+05:30,8.9,17.3,0.0262,87.6
2025-10-12 20:00:00+05:30,8.78,18.1,0.0269,90.4
2025-10-12 21:00:00+05:30,12.1,17.4,0.0295,108.0
2025-10-12 22:00:00+05:30,10.4,18.1,0.0285,133.0
2025-10-12 23:00:00+05:30,3.58,17.8,0.0204,175.0
2025-10-13 00:00:00+05:30,7.87,18.9,0.0268,366.0
2025-10-13 01:00:00+05:30,8.76,17.5,0.0262,164.0
2025-10-13 02:00:00+05:30,11.4,17.1,0.0284,109.0
2025-10-13 03:00:00+05:30,11.9,17.2,0.0284,103.0
2025-10-13 04:00:00+05:30,4.73,9.17,0.0113,56.1
2025-10-13 05:00:00+05:30,6.55,18.7,0.0253,101.0
2025-10-13 06:00:00+05:30,7.35,18.3,0.0257,105.0
2025-10-13 07:00:00+05:30,10.5,18.4,0.0288,102.0
2025-10-13 08:00:00+05:30,10.9,17.2,0.0281,105.0
2025-10-13 09:00:00+05:30,3.71,17.6,0.0204,125.0
2025-10-13 10:00:00+05:30,5.93,16.1,0.0236,150.0
2025-10-13 11:00:00+05:30,5.89,18.2,0.0243,157.0
2025-10-13 12:00:00+05:30,8.14,17.7,0.0259,141.0
2025-10-13 13:00:00+05:30,11.5,17.2,0.0281,131.0
2025-10-13 14:00:00+05:30,10.7,17.5,0.0272,99.9
2025-10-13 15:00:00+05:30,2.6,16.6,0.0187,72.0
2025-10-13 16:00:00+05:30,7.46,17.9,0.0253,62.2
2025-10-13 17:00:00+05:30,8.26,18.4,0.0267,56.8
2025-10-13 18:00:00+05:30,12.9,19.1,0.0321,65.4
2025-10-13 19:00:00+05:30,12.5,19.4,0.0318,88.3
2025-10-13 20:00:00+05:30,6.36,17.2,0.0223,111.0
2025-10-13 21:00:00+05:30,8.03,16.4,0.0244,284.0
2025-10-13 22:00:00+05:30,7.39,17.9,0.0253,363.0
2025-10-13 23:00:00+05:30,8.06,17.4,0.0254,359.0
2025-10-14 00:00:00+05:30,11.5,18.1,0.0296,298.0
2025-10-14 01:00:00+05:30,3.56,17.6,0.0204,199.0
2025-10-14 02:00:00+05:30,5.15,17.8,0.023,157.0
2025-10-14 03:00:00+05:30,6.08,17.4,0.0236,205.0
2025-10-14 04:00:00+05:30,10.9,18.0,0.0287,191.0
2025-10-14 05:00:00+05:30,9.38,16.2,0.024,199.0
2025-10-14 06:00:00+05:30,11.4,17.3,0.0283,169.0
2025-10-14 07:00:00+05:30,5.04,18.3,0.0223,131.0
2025-10-14 08:00:00+05:30,8.42,18.1,0.0265,141.0
2025-10-14 09:00:00+05:30,9.44,18.1,0.0276,154.0
2025-10-14 10:00:00+05:30,11.3,17.7,0.029,179.0
2025-10-14 11:00:00+05:30,11.9,16.9,0.0288,176.0
2025-10-14 12:00:00+05:30,6.41,17.2,0.0208,145.0
2025-10-14 13:00:00+05:30,7.97,17.8,0.0258,103.0
2025-10-14 14:00:00+05:30,7.95,18.1,0.026,85.2
2025-10-14 15:00:00+05:30,12.0,17.5,0.0296,76.9
2025-10-14 16:00:00+05:30,12.8,17.6,0.0304,80.4
2025-10-14 17:00:00+05:30,3.94,18.7,0.022,73.3
2025-10-14 18:00:00+05:30,5.55,17.3,0.0227,71.0
2025-10-14 19:00:00+05:30,8.82,17.6,0.0264,90.2
2025-10-14 20:00:00+05:30,10.6,18.1,0.0287,122.0
2025-10-14 21:00:00+05:30,10.5,18.4,0.0286,173.0
2025-10-14 22:00:00+05:30,9.85,18.6,0.028,221.0
2025-10-14 23:00:00+05:30,5.78,18.5,0.024,297.0
2025-10-15 00:00:00+05:30,8.59,18.1,0.0267,296.0
2025-10-15 01:00:00+05:30,11.2,16.5,0.0277,330.0
2025-10-15 02:00:00+05:30,9.79,17.9,0.0277,281.0
2025-10-15 03:00:00+05:30,8.13,20.4,0.0284,240.0
2025-10-15 04:00:00+05:30,4.33,16.9,0.0206,239.0
2025-10-15 05:00:00+05:30,5.43,18.5,0.0238,187.0
2025-10-15 06:00:00+05:30,2.32,5.7,0.00802,63.9
2025-10-15 07:00:00+05:30,6.68,17.7,0.0243,231.0
2025-10-15 08:00:00+05:30,9.57,18.3,0.0279,272.0
2025-10-15 09:00:00+05:30,4.73,19.4,0.0234,283.0
2025-10-15 10:00:00+05:30,6.09,18.6,0.0247,278.0
2025-10-15 11:00:00+05:30,9.22,17.8,0.027,247.0
2025-10-15 12:00:00+05:30,7.99,18.0,0.026,185.0
2025-10-15 13:00:00+05:30,9.56,17.3,0.0269,130.0
2025-10-15 14:00:00+05:30,9.36,17.9,0.0271,69.9
2025-10-15 15:00:00+05:30,6.39,16.4,0.0225,75.2
2025-10-15 16:00:00+05:30,5.09,11.4,0.0165,57.2
2025-10-15 17:00:00+05:30,8.38,17.6,0.026,81.6
2025-10-16 11:00:00+05:30,0.0,0.0,0.0,0.0
2025-10-16 12:00:00+05:30,12.5,17.3,0.0298,198.0
2025-10-16 13:00:00+05:30,11.1,18.7,0.0298,167.0
2025-10-16 14:00:00+05:30,10.7,19.8,0.03,140.0
2025-10-16 15:00:00+05:30,4.85,18.3,0.0201,90.9
2025-10-16 16:00:00+05:30,11.6,19.7,0.0304,90.6
2025-10-16 17:00:00+05:30,11.7,19.6,0.0312,141.0
2025-10-16 18:00:00+05:30,14.0,14.0,0.0271,138.0
2025-10-16 19:00:00+05:30,11.0,18.4,0.0284,130.0
2025-10-16 20:00:00+05:30,12.6,17.8,0.0304,324.0
2025-10-16 21:00:00+05:30,10.3,21.4,0.0286,417.0
2025-10-16 22:00:00+05:30,10.5,21.1,0.0305,425.0
2025-10-16 23:00:00+05:30,11.3,24.2,0.0354,413.0
2025-10-17 00:00:00+05:30,7.89,19.8,0.0243,382.0
2025-10-17 01:00:00+05:30,7.14,17.3,0.0239,401.0
2025-10-17 02:00:00+05:30,13.0,21.9,0.0343,328.0
2025-10-17 03:00:00+05:30,7.73,22.8,0.0295,221.0
2025-10-17 04:00:00+05:30,9.45,17.9,0.027,161.0
2025-10-17 05:00:00+05:30,12.6,19.2,0.0311,172.0
2025-10-17 06:00:00+05:30,10.9,16.4,0.0264,185.0
2025-10-17 07:00:00+05:30,5.91,20.2,0.024,189.0
2025-10-17 08:00:00+05:30,13.9,19.8,0.0327,202.0
2025-10-17 09:00:00+05:30,8.65,23.9,0.0316,231.0
2025-10-17 10:00:00+05:30,12.5,17.3,0.0287,222.0
2025-10-17 11:00:00+05:30,15.7,21.4,0.0359,223.0
2025-10-17 12:00:00+05:30,12.7,19.3,0.0319,198.0
2025-10-17 13:00:00+05:30,13.0,18.3,0.0299,175.0
2025-10-17 14:00:00+05:30,11.6,19.8,0.0275,163.0
2025-10-17 15:00:00+05:30,1.13,16.7,0.00502,138.0
2025-10-17 16:00:00+05:30,3.66,16.8,0.0195,124.0
2025-10-17 17:00:00+05:30,12.7,18.0,0.0307,113.0
2025-10-17 18:00:00+05:30,8.42,18.1,0.0265,113.0
2025-10-17 19:00:00+05:30,7.27,17.0,0.0243,124.0
2025-10-17 20:00:00+05:30,13.4,15.9,0.0291,143.0
2025-10-17 21:00:00+05:30,11.1,17.9,0.0278,466.0
2025-10-17 22:00:00+05:30,7.59,19.3,0.0265,551.0
2025-10-17 23:00:00+05:30,6.87,17.6,0.0221,556.0
2025-10-18 00:00:00+05:30,7.59,18.9,0.0258,478.0
2025-10-18 01:00:00+05:30,6.94,19.8,0.0252,227.0
2025-10-18 02:00:00+05:30,8.47,18.4,0.0267,220.0
2025-10-18 03:00:00+05:30,11.7,16.9,0.0282,179.0
2025-10-18 04:00:00+05:30,5.57,18.2,0.0227,133.0
2025-10-18 05:00:00+05:30,6.91,19.8,0.0265,126.0
2025-10-18 06:00:00+05:30,10.5,20.6,0.0305,136.0
2025-10-18 07:00:00+05:30,9.27,21.2,0.0303,152.0
2025-10-18 08:00:00+05:30,9.82,17.4,0.026,181.0
2025-10-18 09:00:00+05:30,7.11,16.7,0.023,213.0
2025-10-18 10:00:00+05:30,7.05,20.3,0.0267,213.0
2025-10-18 11:00:00+05:30,9.62,19.3,0.0286,211.0
2025-10-18 12:00:00+05:30,10.2,19.1,0.0289,193.0
2025-10-18 13:00:00+05:30,10.9,16.0,0.0265,159.0
2025-10-18 14:00:00+05:30,8.74,18.5,0.0271,128.0
2025-10-18 15:00:00+05:30,7.83,16.6,0.0242,108.0
2025-10-18 16:00:00+05:30,10.4,17.7,0.0281,103.0
2025-10-18 17:00:00+05:30,9.86,21.3,0.0307,110.0
2025-10-18 18:00:00+05:30,11.2,20.4,0.0313,125.0
2025-10-18 19:00:00+05:30,10.8,18.9,0.0296,139.0
2025-10-18 20:00:00+05:30,10.5,18.1,0.0284,159.0
2025-10-18 21:00:00+05:30,9.19,19.3,0.0285,429.0
2025-10-18 22:00:00+05:30,6.54,21.2,0.0268,443.0
2025-10-18 23:00:00+05:30,8.47,19.0,0.0261,445.0
2025-10-19 00:00:00+05:30,9.73,19.7,0.0289,415.0
2025-10-19 01:00:00+05:30,6.8,17.4,0.0241,309.0
2025-10-19 02:00:00+05:30,11.3,15.8,0.027,238.0
2025-10-19 03:00:00+05:30,10.2,19.5,0.0294,219.0
2025-10-19 04:00:00+05:30,11.5,18.1,0.0296,167.0
2025-10-19 05:00:00+05:30,8.4,18.5,0.0267,120.0
2025-10-19 06:00:00+05:30,7.68,19.1,0.0249,137.0
2025-10-19 07:00:00+05:30,5.86,16.5,0.0221,184.0
2025-10-19 08:00:00+05:30,6.97,17.4,0.0237,230.0
2025-10-19 09:00:00+05:30,6.24,18.6,0.0236,242.0
2025-10-19 10:00:00+05:30,6.32,19.5,0.025,229.0
2025-10-19 11:00:00+05:30,10.3,16.8,0.0263,226.0
2025-10-19 12:00:00+05:30,7.19,19.4,0.0266,178.0
2025-10-19 13:00:00+05:30,5.75,19.5,0.0249,130.0
2025-10-19 14:00:00+05:30,8.06,17.4,0.0252,109.0
2025-10-19 15:00:00+05:30,7.25,19.4,0.0258,142.0
2025-10-19 16:00:00+05:30,7.6,22.4,0.0298,123.0
2025-10-19 17:00:00+05:30,7.3,18.2,0.0252,152.0
2025-10-19 18:00:00+05:30,9.36,19.9,0.0292,143.0
2025-10-19 19:00:00+05:30,11.1,14.8,0.0255,209.0
2025-10-19 20:00:00+05:30,11.2,15.4,0.0261,253.0
2025-10-19 21:00:00+05:30,7.4,24.6,0.0296,492.0
2025-10-19 22:00:00+05:30,22.1,67.7,0.0899,542.0
2025-10-19 23:00:00+05:30,20.9,67.6,0.0885,477.0
2025-10-20 00:00:00+05:30,20.1,69.1,0.0892,392.0
2025-10-20 01:00:00+05:30,24.8,70.8,0.0956,296.0
2025-10-20 02:00:00+05:30,20.2,66.9,0.0871,272.0
2025-10-20 03:00:00+05:30,26.2,64.6,0.0908,266.0
2025-10-20 04:00:00+05:30,21.3,70.7,0.092,241.0
2025-10-20 05:00:00+05:30,22.9,69.9,0.0927,243.0
2025-10-20 06:00:00+05:30,25.1,68.6,0.0937,235.0
2025-10-20 07:00:00+05:30,16.1,41.9,0.0579,233.0
2025-10-20 08:00:00+05:30,21.9,39.2,0.061,240.0
2025-10-20 09:00:00+05:30,15.8,40.6,0.0558,281.0
2025-10-20 10:00:00+05:30,15.9,42.2,0.0581,293.0
2025-10-20 15:00:00+05:30,16.2,39.5,0.0557,128.0
2025-10-20 16:00:00+05:30,30.8,21.5,0.0371,124.0
2025-10-20 17:00:00+05:30,30.6,22.0,0.0362,115.0
2025-10-20 18:00:00+05:30,32.8,33.0,0.0353,118.0
2025-10-20 19:00:00+05:30,40.6,66.2,0.031,142.0
2025-10-20 20:00:00+05:30,40.5,66.0,0.0302,168.0
2025-10-20 23:00:00+05:30,30.3,46.3,0.058,1480.0
2025-10-21 00:00:00+05:30,31.2,45.0,0.0569,1110.0
2025-10-21 01:00:00+05:30,10.0,14.6,0.0356,483.0
2025-10-21 02:00:00+05:30,10.1,14.8,0.0349,588.0
2025-10-21 03:00:00+05:30,10.1,15.3,0.0353,609.0
2025-10-21 04:00:00+05:30,10.1,14.9,0.0353,596.0
2025-10-21 05:00:00+05:30,10.1,15.0,0.0352,532.0
2025-10-21 06:00:00+05:30,12.4,17.9,0.0372,445.0
2025-10-21 07:00:00+05:30,19.9,25.8,0.0401,347.0
2025-10-21 08:00:00+05:30,23.2,24.9,0.0406,272.0
2025-10-21 09:00:00+05:30,30.4,22.1,0.035,282.0
2025-10-21 10:00:00+05:30,29.9,21.3,0.0356,283.0
2025-10-21 11:00:00+05:30,30.3,21.2,0.0359,249.0
2025-10-21 12:00:00+05:30,29.7,22.6,0.0379,178.0
2025-10-21 13:00:00+05:30,30.1,21.8,0.0383,135.0
2025-10-21 14:00:00+05:30,29.8,22.6,0.0378,81.9
2025-10-21 15:00:00+05:30,29.4,22.1,0.0357,80.0
2025-10-21 16:00:00+05:30,28.2,22.2,0.037,76.4
2025-10-21 17:00:00+05:30,30.3,22.0,0.0379,74.8
2025-10-21 18:00:00+05:30,34.1,36.0,0.0336,110.0
2025-10-21 19:00:00+05:30,39.3,66.2,0.0301,147.0
2025-10-21 20:00:00+05:30,42.7,59.2,0.0336,240.0
2025-10-21 21:00:00+05:30,50.0,36.8,0.0451,268.0
2025-10-21 22:00:00+05:30,44.6,39.5,0.0491,313.0
2025-10-21 23:00:00+05:30,31.1,46.1,0.0589,313.0
2025-10-22 00:00:00+05:30,30.2,46.1,0.0564,284.0
2025-10-22 01:00:00+05:30,9.78,14.7,0.0347,259.0
2025-10-22 02:00:00+05:30,9.95,14.8,0.035,230.0
2025-10-22 03:00:00+05:30,10.3,15.2,0.035,203.0
2025-10-22 04:00:00+05:30,10.2,15.0,0.035,193.0
2025-10-22 05:00:00+05:30,10.0,15.0,0.0352,188.0
2025-10-22 06:00:00+05:30,13.5,18.6,0.0371,184.0
2025-10-22 07:00:00+05:30,20.8,25.9,0.0395,185.0
2025-10-22 08:00:00+05:30,23.2,25.2,0.0382,186.0
2025-10-22 09:00:00+05:30,29.6,21.8,0.0379,202.0
2025-10-22 10:00:00+05:30,29.5,22.4,0.0365,223.0
2025-10-22 11:00:00+05:30,30.3,23.2,0.0376,236.0
2025-10-22 12:00:00+05:30,29.8,22.5,0.0367,235.0
2025-10-22 13:00:00+05:30,31.4,22.3,0.038,232.0
2025-10-22 14:00:00+05:30,30.2,21.9,0.0372,199.0
2025-10-22 15:00:00+05:30,30.8,21.4,0.0381,189.0
2025-10-22 16:00:00+05:30,30.2,21.4,0.0362,166.0
2025-10-22 17:00:00+05:30,29.3,21.7,0.0384,137.0
2025-10-22 18:00:00+05:30,31.2,33.4,0.0366,122.0
2025-10-22 19:00:00+05:30,39.9,66.2,0.0298,129.0
2025-10-22 20:00:00+05:30,42.9,60.3,0.0338,143.0
2025-10-22 21:00:00+05:30,49.8,38.1,0.0452,155.0
2025-10-22 22:00:00+05:30,45.1,39.5,0.0473,175.0
2025-10-22 23:00:00+05:30,31.1,44.4,0.0583,189.0
2025-10-23 00:00:00+05:30,29.8,45.5,0.0582,183.0
2025-10-23 01:00:00+05:30,9.94,14.8,0.0342,168.0
2025-10-23 02:00:00+05:30,9.91,14.8,0.035,140.0
2025-10-23 03:00:00+05:30,10.0,15.0,0.0345,139.0
2025-10-23 04:00:00+05:30,10.5,15.2,0.0349,136.0
2025-10-23 05:00:00+05:30,10.3,15.0,0.0353,134.0
2025-10-23 06:00:00+05:30,12.6,17.7,0.0355,140.0
2025-10-23 07:00:00+05:30,20.4,26.1,0.0396,138.0
2025-10-23 08:00:00+05:30,22.4,25.7,0.04,134.0
2025-10-23 09:00:00+05:30,30.1,21.8,0.0372,147.0
2025-10-23 10:00:00+05:30,29.6,21.5,0.0377,165.0
2025-10-23 11:00:00+05:30,29.9,22.0,0.0378,180.0
2025-10-23 12:00:00+05:30,29.8,22.0,0.0367,171.0
2025-10-23 13:00:00+05:30,29.8,21.5,0.0362,162.0
2025-10-23 14:00:00+05:30,30.7,21.0,0.0386,136.0
2025-10-23 15:00:00+05:30,28.6,21.8,0.0381,119.0
2025-10-23 16:00:00+05:30,30.6,20.9,0.0369,105.0
2025-10-23 17:00:00+05:30,30.7,21.0,0.0373,92.3
2025-10-23 18:00:00+05:30,32.2,32.1,0.0339,96.7
2025-10-23 19:00:00+05:30,41.5,66.1,0.0299,117.0
2025-10-23 20:00:00+05:30,44.6,58.0,0.0349,175.0
2025-10-23 21:00:00+05:30,49.8,38.1,0.0454,430.0
2025-10-23 22:00:00+05:30,45.2,38.5,0.0481,407.0
2025-10-23 23:00:00+05:30,30.2,45.0,0.0585,339.0
2025-10-24 00:00:00+05:30,28.2,44.9,0.0582,299.0
2025-10-24 01:00:00+05:30,9.89,15.1,0.0349,255.0
2025-10-24 02:00:00+05:30,10.3,14.6,0.0344,184.0
2025-10-24 03:00:00+05:30,10.3,15.0,0.0348,164.0
2025-10-24 04:00:00+05:30,10.3,14.9,0.0357,150.0
2025-10-24 05:00:00+05:30,10.2,15.0,0.035,163.0
2025-10-24 06:00:00+05:30,12.7,17.7,0.0356,171.0
2025-10-24 07:00:00+05:30,20.5,26.0,0.0393,183.0
2025-10-24 08:00:00+05:30,22.1,25.1,0.0394,191.0
2025-10-24 09:00:00+05:30,30.3,20.7,0.0361,140.0
2025-10-24 10:00:00+05:30,29.7,22.9,0.038,143.0
2025-10-24 11:00:00+05:30,26.7,24.5,0.0372,197.0
2025-10-24 16:00:00+05:30,30.7,22.3,0.0364,93.5
2025-10-24 17:00:00+05:30,29.8,21.9,0.0383,85.7
2025-10-24 18:00:00+05:30,32.3,32.9,0.0351,71.8
2025-10-24 19:00:00+05:30,39.6,66.5,0.0298,112.0
2025-10-24 20:00:00+05:30,43.2,51.6,0.0388,450.0
2025-10-24 21:00:00+05:30,50.1,37.7,0.0451,492.0
2025-10-24 22:00:00+05:30,45.1,39.3,0.0487,405.0
2025-10-24 23:00:00+05:30,30.0,44.2,0.0573,321.0
2025-10-25 00:00:00+05:30,30.2,44.6,0.0582,288.0
2025-10-25 01:00:00+05:30,9.96,14.4,0.0356,290.0
2025-10-25 02:00:00+05:30,9.86,15.1,0.0357,222.0
2025-10-25 03:00:00+05:30,10.4,15.2,0.0354,214.0
2025-10-25 04:00:00+05:30,10.2,14.8,0.0353,185.0
2025-10-25 05:00:00+05:30,10.1,14.9,0.0348,199.0
2025-10-25 06:00:00+05:30,12.5,17.9,0.0365,199.0
2025-10-25 07:00:00+05:30,19.9,25.9,0.0402,197.0
2025-10-25 08:00:00+05:30,23.3,25.1,0.039,196.0
2025-10-25 09:00:00+05:30,29.8,21.5,0.0352,214.0
2025-10-25 10:00:00+05:30,30.1,21.5,0.036,264.0
2025-10-25 11:00:00+05:30,29.9,21.9,0.0375,295.0
2025-10-25 12:00:00+05:30,30.5,22.2,0.0371,272.0
2025-10-25 13:00:00+05:30,30.2,22.2,0.0389,218.0
2025-10-25 14:00:00+05:30,30.3,21.9,0.0351,148.0
2025-10-25 15:00:00+05:30,31.0,22.0,0.0374,112.0
2025-10-25 16:00:00+05:30,29.5,22.7,0.0376,111.0
2025-10-25 17:00:00+05:30,30.7,22.2,0.0372,120.0
2025-10-25 18:00:00+05:30,31.8,32.9,0.0364,142.0
2025-10-25 19:00:00+05:30,41.2,65.9,0.0298,191.0
2025-10-25 20:00:00+05:30,42.5,58.9,0.034,578.0
2025-10-25 21:00:00+05:30,50.2,38.2,0.0445,656.0
2025-10-25 22:00:00+05:30,44.8,39.2,0.0491,571.0
2025-10-25 23:00:00+05:30,29.7,44.7,0.0576,474.0
2025-10-26 00:00:00+05:30,29.2,43.2,0.0581,405.0
2025-10-26 01:00:00+05:30,10.0,15.3,0.0355,312.0
2025-10-26 02:00:00+05:30,10.1,15.2,0.0347,230.0
2025-10-26 03:00:00+05:30,10.0,15.0,0.0348,244.0
2025-10-26 04:00:00+05:30,10.4,14.8,0.0357,225.0
2025-10-26 05:00:00+05:30,10.2,15.0,0.0345,225.0
2025-10-26 06:00:00+05:30,12.7,17.7,0.0366,227.0
2025-10-26 07:00:00+05:30,19.8,25.8,0.0399,222.0
2025-10-26 08:00:00+05:30,22.8,25.2,0.0394,223.0
2025-10-26 09:00:00+05:30,29.8,22.0,0.0372,219.0
2025-10-26 10:00:00+05:30,30.9,22.3,0.0372,224.0
2025-10-27 04:00:00+05:30,10.1,14.9,0.0339,144.0
2025-10-27 05:00:00+05:30,9.63,15.2,0.035,150.0
2025-10-27 06:00:00+05:30,12.6,17.6,0.0359,139.0
2025-10-27 07:00:00+05:30,19.2,26.5,0.0394,151.0
2025-10-27 08:00:00+05:30,23.6,25.7,0.0383,204.0
2025-10-27 09:00:00+05:30,30.3,21.9,0.0381,267.0
2025-10-27 10:00:00+05:30,29.9,22.0,0.0369,320.0
2025-10-27 11:00:00+05:30,29.8,22.2,0.0367,345.0
2025-10-27 12:00:00+05:30,29.4,22.2,0.0385,312.0
2025-10-27 13:00:00+05:30,30.5,22.5,0.0356,258.0
2025-10-27 14:00:00+05:30,30.3,22.8,0.0373,205.0
2025-10-27 15:00:00+05:30,29.8,21.3,0.0386,191.0
2025-10-27 16:00:00+05:30,29.0,21.7,0.0369,180.0
2025-10-27 17:00:00+05:30,30.0,21.5,0.0374,178.0
2025-10-27 18:00:00+05:30,32.7,37.4,0.0345,76.6
2025-10-27 19:00:00+05:30,40.8,66.6,0.0297,96.4
2025-10-27 20:00:00+05:30,41.0,59.7,0.0345,104.0
2025-10-27 21:00:00+05:30,49.8,36.4,0.0448,107.0
2025-10-27 22:00:00+05:30,44.5,40.0,0.0485,85.2
2025-10-27 23:00:00+05:30,30.0,43.8,0.0586,64.5
2025-10-28 00:00:00+05:30,29.4,47.1,0.0603,58.2
2025-10-28 01:00:00+05:30,9.48,15.1,0.0345,57.1
2025-10-28 02:00:00+05:30,10.3,15.0,0.0351,44.4
2025-10-28 03:00:00+05:30,10.1,15.3,0.0353,39.6
2025-10-28 04:00:00+05:30,10.6,15.0,0.0353,46.1
2025-10-28 05:00:00+05:30,9.98,15.0,0.0352,46.2
2025-10-28 06:00:00+05:30,12.5,18.1,0.036,59.5
2025-10-28 07:00:00+05:30,19.3,25.8,0.0389,62.1
2025-10-28 08:00:00+05:30,22.7,25.2,0.0393,75.5
2025-10-28 09:00:00+05:30,29.7,21.7,0.037,104.0
2025-10-28 10:00:00+05:30,30.1,21.4,0.0372,108.0
2025-10-28 13:00:00+05:30,19.9,15.7,0.0258,85.4
2025-10-28 14:00:00+05:30,20.6,14.3,0.0253,75.8
2025-10-28 15:00:00+05:30,19.9,14.7,0.0253,75.4
2025-10-28 16:00:00+05:30,20.2,15.0,0.0248,81.9
2025-10-28 17:00:00+05:30,19.6,15.2,0.0238,91.0
2025-10-29 15:00:00+05:30,19.7,14.9,0.0246,101.0
2025-10-29 16:00:00+05:30,17.5,17.7,0.0281,36.1
2025-10-29 17:00:00+05:30,10.6,28.3,0.0389,29.6
2025-10-29 18:00:00+05:30,12.4,27.7,0.0401,143.0
2025-10-29 19:00:00+05:30,14.9,27.9,0.0428,180.0
2025-10-29 20:00:00+05:30,10.0,26.6,0.0366,186.0
2025-10-29 21:00:00+05:30,13.9,30.0,0.0439,196.0
2025-10-29 22:00:00+05:30,10.2,27.3,0.0375,254.0
2025-10-29 23:00:00+05:30,11.3,26.2,0.0375,276.0
2025-10-30 00:00:00+05:30,11.3,27.6,0.0389,235.0
2025-10-30 01:00:00+05:30,16.2,26.9,0.0432,235.0
2025-10-30 02:00:00+05:30,11.7,26.6,0.0382,226.0
2025-10-30 03:00:00+05:30,13.5,27.1,0.0406,219.0
2025-10-30 04:00:00+05:30,13.3,25.2,0.0385,211.0
2025-10-30 05:00:00+05:30,10.7,26.4,0.037,202.0
2025-10-30 06:00:00+05:30,13.8,26.1,0.0399,194.0
2025-10-30 07:00:00+05:30,10.7,26.5,0.0372,198.0
2025-10-30 08:00:00+05:30,11.0,26.2,0.0371,206.0
2025-10-30 09:00:00+05:30,9.82,28.2,0.038,211.0
2025-10-30 10:00:00+05:30,13.9,29.1,0.043,225.0
2025-10-30 14:00:00+05:30,10.4,30.2,0.0406,107.0
2025-10-30 15:00:00+05:30,5.55,16.2,0.0217,51.9
2025-10-30 16:00:00+05:30,0.0,0.0,0.0,0.0
2025-10-30 17:00:00+05:30,0.0,0.0,0.0,0.0
2025-10-30 18:00:00+05:30,0.0,0.0,0.0,0.0
2025-10-30 19:00:00+05:30,0.0,0.0,0.0,0.0
2025-10-30 20:00:00+05:30,0.0,0.0,0.0,0.0
2025-10-30 21:00:00+05:30,0.0,0.0,0.0,0.0
2025-10-30 22:00:00+05:30,0.0,0.0,0.0,0.0
2025-10-30 23:00:00+05:30,0.0,0.0,0.0,0.0
2025-10-31 00:00:00+05:30,0.0,0.0,0.0,0.0
2025-10-31 01:00:00+05:30,0.0,0.0,0.0,0.0
2025-10-31 02:00:00+05:30,0.0,0.0,0.0,0.0
2025-10-31 03:00:00+05:30,0.0,0.0,0.0,0.0
2025-10-31 04:00:00+05:30,0.0,0.0,0.0,0.0
2025-10-31 05:00:00+05:30,0.0,0.0,0.0,0.0
2025-10-31 06:00:00+05:30,0.0,0.0,0.0,0.0
2025-10-31 07:00:00+05:30,0.0,0.0,0.0,0.0
2025-10-31 08:00:00+05:30,8.42,13.9,0.0223,33.0
2025-10-31 09:00:00+05:30,8.45,27.6,0.0358,74.3
2025-10-31 10:00:00+05:30,10.5,26.9,0.0374,69.6
2025-10-31 11:00:00+05:30,10.0,27.9,0.0379,71.5
2025-10-31 12:00:00+05:30,12.4,28.5,0.0409,73.7
2025-10-31 13:00:00+05:30,13.9,27.1,0.041,67.2
2025-10-31 14:00:00+05:30,11.7,26.0,0.0376,60.8
2025-10-31 15:00:00+05:30,8.53,27.8,0.0363,64.8
2025-10-31 16:00:00+05:30,14.3,27.5,0.0418,61.1
2025-10-31 17:00:00+05:30,9.72,27.9,0.0377,58.7
2025-10-31 18:00:00+05:30,10.6,27.8,0.0384,59.2
2025-10-31 19:00:00+05:30,10.6,26.9,0.0375,80.9
2025-10-31 20:00:00+05:30,12.7,30.0,0.0427,236.0
2025-10-31 21:00:00+05:30,12.4,27.2,0.0395,204.0
2025-10-31 22:00:00+05:30,10.8,26.8,0.0375,143.0
2025-10-31 23:00:00+05:30,14.2,26.5,0.0406,124.0
2025-11-01 00:00:00+05:30,14.6,27.6,0.0422,115.0
2025-11-01 01:00:00+05:30,13.2,28.5,0.0412,89.5
2025-11-01 02:00:00+05:30,11.3,25.7,0.0371,78.3
2025-11-01 03:00:00+05:30,9.89,29.5,0.0394,69.7
2025-11-01 04:00:00+05:30,12.0,29.2,0.0412,66.8
2025-11-01 06:00:00+05:30,14.6,28.9,0.0435,58.8
2025-11-01 07:00:00+05:30,10.1,27.7,0.0372,61.4
2025-11-01 08:00:00+05:30,10.1,27.5,0.0376,71.0
2025-11-01 09:00:00+05:30,11.4,27.3,0.0387,90.1
2025-11-01 10:00:00+05:30,11.9,27.1,0.0389,116.0
2025-11-01 11:00:00+05:30,12.9,27.0,0.0398,146.0
2025-11-01 12:00:00+05:30,11.9,28.2,0.0401,177.0
2025-11-01 13:00:00+05:30,8.78,26.4,0.0352,184.0
2025-11-01 14:00:00+05:30,11.5,25.9,0.0374,174.0
2025-11-01 15:00:00+05:30,15.5,25.2,0.0406,179.0
2025-11-01 16:00:00+05:30,14.4,27.7,0.0421,160.0
2025-11-01 17:00:00+05:30,13.6,29.5,0.043,166.0
2025-11-01 18:00:00+05:30,13.3,27.3,0.0406,175.0
2025-11-01 19:00:00+05:30,11.6,27.7,0.0393,195.0
2025-11-01 20:00:00+05:30,11.3,27.6,0.0389,367.0
2025-11-01 21:00:00+05:30,13.8,27.5,0.0414,437.0
2025-11-01 22:00:00+05:30,14.1,27.5,0.0415,397.0
2025-11-01 23:00:00+05:30,12.7,27.6,0.0402,310.0
2025-11-02 00:00:00+05:30,11.8,26.9,0.0387,237.0
2025-11-02 01:00:00+05:30,14.2,27.6,0.0417,224.0
2025-11-02 02:00:00+05:30,12.0,27.5,0.0395,202.0
2025-11-02 03:00:00+05:30,11.1,27.1,0.0382,201.0
2025-11-02 04:00:00+05:30,7.92,28.7,0.0361,179.0
2025-11-02 05:00:00+05:30,10.6,27.0,0.0375,143.0
2025-11-02 06:00:00+05:30,13.3,25.9,0.0392,145.0
2025-11-02 07:00:00+05:30,10.2,27.4,0.0376,154.0
2025-11-02 08:00:00+05:30,14.0,27.2,0.0413,153.0
2025-11-02 09:00:00+05:30,10.7,24.0,0.0345,170.0
2025-11-02 10:00:00+05:30,13.2,28.3,0.0415,170.0
2025-11-02 11:00:00+05:30,9.59,28.2,0.0377,176.0
2025-11-02 12:00:00+05:30,8.93,27.5,0.0364,177.0
2025-11-02 13:00:00+05:30,10.9,29.0,0.0399,184.0
2025-11-02 14:00:00+05:30,9.52,28.4,0.0379,169.0
2025-11-02 15:00:00+05:30,12.6,28.7,0.0412,139.0
2025-11-02 16:00:00+05:30,10.8,24.3,0.0351,111.0
2025-11-02 17:00:00+05:30,11.0,27.4,0.0383,81.8
2025-11-02 18:00:00+05:30,14.9,28.0,0.0429,103.0
2025-11-02 19:00:00+05:30,13.9,29.1,0.0429,109.0
2025-11-02 20:00:00+05:30,11.0,28.5,0.0395,155.0
2025-11-02 21:00:00+05:30,11.5,27.5,0.039,408.0
2025-11-02 22:00:00+05:30,10.7,28.5,0.0392,415.0
2025-11-02 23:00:00+05:30,13.6,28.9,0.0425,372.0
2025-11-03 00:00:00+05:30,12.0,27.2,0.0392,370.0
2025-11-03 02:00:00+05:30,12.8,24.7,0.0375,370.0
2025-11-03 03:00:00+05:30,10.4,28.7,0.0391,370.0
2025-11-03 04:00:00+05:30,11.8,27.5,0.0394,370.0
2025-11-03 05:00:00+05:30,12.8,28.8,0.0416,370.0
2025-11-03 06:00:00+05:30,12.4,27.7,0.0401,370.0
2025-11-03 07:00:00+05:30,15.4,26.4,0.0418,370.0
2025-11-03 08:00:00+05:30,13.8,26.0,0.0398,370.0
2025-11-03 09:00:00+05:30,12.4,28.0,0.0404,370.0
2025-11-03 10:00:00+05:30,9.67,26.7,0.0364,370.0
2025-11-03 11:00:00+05:30,9.91,26.8,0.0365,370.0
2025-11-03 12:00:00+05:30,7.99,30.8,0.0388,370.0
2025-11-03 14:00:00+05:30,8.44,26.9,0.0354,370.0
2025-11-03 15:00:00+05:30,9.93,27.0,0.0369,370.0
2025-11-03 16:00:00+05:30,13.8,28.1,0.0418,370.0
2025-11-03 17:00:00+05:30,13.7,26.7,0.0405,370.0
2025-11-03 18:00:00+05:30,10.3,28.6,0.0389,269.0
2025-11-03 19:00:00+05:30,12.5,27.1,0.0396,0.0
2025-11-03 20:00:00+05:30,10.7,28.0,0.0387,0.0
2025-11-04 10:00:00+05:30,8.76,25.6,0.0337,34.0
2025-11-04 11:00:00+05:30,10.7,27.1,0.0378,34.0
2025-11-04 12:00:00+05:30,12.9,26.5,0.0394,81.7
2025-11-04 14:00:00+05:30,10.1,24.6,0.0347,129.0
2025-11-04 15:00:00+05:30,12.6,28.4,0.041,129.0
2025-11-04 16:00:00+05:30,12.7,26.7,0.0397,129.0
2025-11-04 17:00:00+05:30,12.0,27.6,0.0396,129.0
2025-11-04 18:00:00+05:30,11.7,28.9,0.0406,138.0
2025-11-04 19:00:00+05:30,11.9,28.4,0.0403,145.0
2025-11-04 20:00:00+05:30,10.5,27.0,0.0375,131.0
2025-11-04 21:00:00+05:30,10.5,26.0,0.0366,136.0
2025-11-04 22:00:00+05:30,11.6,27.4,0.039,132.0
2025-11-04 23:00:00+05:30,11.7,28.3,0.0401,132.0
2025-11-05 00:00:00+05:30,10.4,28.7,0.0391,129.0
2025-11-05 01:00:00+05:30,13.0,29.6,0.0426,158.0
2025-11-05 02:00:00+05:30,12.6,26.9,0.0395,123.0
2025-11-05 03:00:00+05:30,11.6,26.4,0.038,175.0
2025-11-05 04:00:00+05:30,10.8,26.4,0.0399,180.0
2025-11-05 05:00:00+05:30,8.79,27.5,0.0363,177.0
2025-11-05 06:00:00+05:30,11.3,28.3,0.0397,160.0
2025-11-05 07:00:00+05:30,10.5,27.3,0.0379,160.0
2025-11-05 08:00:00+05:30,11.2,26.0,0.037,155.0
2025-11-05 09:00:00+05:30,12.6,26.9,0.0394,155.0
2025-11-05 10:00:00+05:30,11.1,27.2,0.0383,154.0
2025-11-05 11:00:00+05:30,11.7,28.6,0.0403,131.0
2025-11-05 12:00:00+05:30,11.2,28.5,0.0397,134.0
2025-11-05 13:00:00+05:30,10.7,27.1,0.0378,130.0
2025-11-05 14:00:00+05:30,10.7,27.2,0.0379,131.0
2025-11-05 15:00:00+05:30,14.2,28.1,0.0423,129.0
2025-11-05 16:00:00+05:30,12.6,28.5,0.041,131.0
2025-11-05 17:00:00+05:30,8.89,27.0,0.0359,133.0
2025-11-05 18:00:00+05:30,11.3,26.4,0.0377,130.0
2025-11-05 19:00:00+05:30,9.34,27.1,0.0364,128.0
2025-11-05 20:00:00+05:30,12.1,26.3,0.0384,132.0
2025-11-05 21:00:00+05:30,11.9,26.9,0.039,129.0
2025-11-05 22:00:00+05:30,13.1,27.7,0.0407,132.0
2025-11-05 23:00:00+05:30,12.6,26.9,0.0394,130.0
2025-11-06 00:00:00+05:30,7.66,30.1,0.0376,126.0
2025-11-06 01:00:00+05:30,10.5,28.4,0.0388,213.0
2025-11-06 02:00:00+05:30,13.7,26.7,0.0405,121.0
2025-11-06 03:00:00+05:30,13.1,28.1,0.0412,179.0
2025-11-06 04:00:00+05:30,13.0,26.9,0.0399,186.0
2025-11-06 05:00:00+05:30,11.9,29.8,0.0417,176.0
2025-11-06 06:00:00+05:30,10.5,28.2,0.0387,159.0
2025-11-06 07:00:00+05:30,10.3,27.6,0.038,158.0
2025-11-06 08:00:00+05:30,11.8,29.4,0.0412,154.0
2025-11-06 09:00:00+05:30,11.7,27.9,0.0396,157.0
2025-11-06 10:00:00+05:30,12.9,26.8,0.0397,157.0
2025-11-06 11:00:00+05:30,11.0,28.5,0.0395,128.0
2025-11-06 12:00:00+05:30,16.4,41.9,0.0583,0.0
2025-11-06 13:00:00+05:30,16.9,43.5,0.0599,0.0
2025-11-06 14:00:00+05:30,0.515,2.88,0.000945,84.3
2025-11-06 15:00:00+05:30,59.1,4.13,0.063,77.8
2025-11-06 16:00:00+05:30,97.7,1.95,0.0996,62.6
2025-11-06 18:00:00+05:30,0.74,15.2,0.0146,114.0
2025-11-06 19:00:00+05:30,3.58,12.8,0.0148,124.0
2025-11-06 20:00:00+05:30,2.16,12.7,0.0118,130.0
2025-11-06 21:00:00+05:30,4.14,14.7,0.0183,158.0
2025-11-06 22:00:00+05:30,1.92,13.2,0.0131,188.0
2025-11-06 23:00:00+05:30,1.96,13.2,0.00934,180.0
2025-11-07 00:00:00+05:30,2.02,12.4,0.0132,176.0
2025-11-07 01:00:00+05:30,1.69,18.7,0.0193,169.0
2025-11-07 02:00:00+05:30,2.04,16.0,0.0158,157.0
2025-11-07 03:00:00+05:30,10.4,33.7,0.0439,159.0
2025-11-07 04:00:00+05:30,10.7,34.8,0.0455,177.0
2025-11-07 05:00:00+05:30,12.5,35.0,0.0475,177.0
2025-11-07 06:00:00+05:30,11.2,35.8,0.047,174.0
2025-11-07 07:00:00+05:30,12.3,37.4,0.0497,181.0
2025-11-07 08:00:00+05:30,12.2,35.0,0.0472,189.0
2025-11-07 09:00:00+05:30,15.5,36.1,0.0516,232.0
2025-11-07 10:00:00+05:30,14.5,34.3,0.0488,267.0
2025-11-07 11:00:00+05:30,11.2,33.7,0.0445,270.0
2025-11-07 12:00:00+05:30,15.5,31.9,0.0474,257.0
2025-11-07 13:00:00+05:30,12.0,32.3,0.0441,221.0
2025-11-07 14:00:00+05:30,15.1,31.1,0.0462,166.0
2025-11-07 15:00:00+05:30,13.2,35.0,0.0478,149.0
2025-11-07 16:00:00+05:30,12.1,35.2,0.0468,130.0
2025-11-07 17:00:00+05:30,12.1,34.4,0.0458,122.0
2025-11-07 18:00:00+05:30,13.8,32.3,0.0461,122.0
2025-11-07 19:00:00+05:30,14.2,35.3,0.0495,132.0
2025-11-07 20:00:00+05:30,14.4,34.7,0.0491,139.0
2025-11-07 21:00:00+05:30,17.1,35.5,0.0526,186.0
2025-11-07 22:00:00+05:30,15.4,33.1,0.0477,221.0
2025-11-07 23:00:00+05:30,13.8,35.3,0.0491,228.0
2025-11-08 00:00:00+05:30,13.2,36.0,0.0492,236.0
2025-11-08 01:00:00+05:30,14.2,33.4,0.047,228.0
2025-11-08 02:00:00+05:30,11.2,34.3,0.0453,198.0
2025-11-08 03:00:00+05:30,10.9,34.5,0.0454,186.0
2025-11-08 04:00:00+05:30,13.0,34.3,0.0477,180.0
2025-11-08 05:00:00+05:30,14.5,30.6,0.0451,186.0
2025-11-08 06:00:00+05:30,13.2,33.1,0.0458,188.0
2025-11-08 07:00:00+05:30,9.83,34.3,0.0449,185.0
2025-11-08 08:00:00+05:30,13.9,30.9,0.0458,192.0
2025-11-08 09:00:00+05:30,15.4,32.6,0.0481,218.0
2025-11-08 10:00:00+05:30,12.0,35.1,0.0462,242.0
2025-11-08 11:00:00+05:30,9.83,34.1,0.0436,276.0
2025-11-08 12:00:00+05:30,13.3,36.5,0.0498,278.0
2025-11-08 13:00:00+05:30,8.32,31.5,0.0391,253.0
2025-11-08 14:00:00+05:30,7.31,35.8,0.0428,227.0
2025-11-08 15:00:00+05:30,13.1,32.6,0.0457,218.0
2025-11-08 16:00:00+05:30,16.8,32.7,0.0494,218.0
2025-11-08 17:00:00+05:30,11.4,35.0,0.0464,200.0
2025-11-08 18:00:00+05:30,16.3,32.5,0.0488,194.0
2025-11-08 19:00:00+05:30,9.23,35.7,0.0444,210.0
2025-11-08 20:00:00+05:30,12.5,30.2,0.0427,93.6
2025-11-08 21:00:00+05:30,9.38,31.9,0.0411,132.0
2025-11-08 22:00:00+05:30,10.9,33.6,0.0444,193.0
2025-11-08 23:00:00+05:30,6.44,34.4,0.0409,212.0
2025-11-09 00:00:00+05:30,10.4,34.2,0.0447,276.0
2025-11-09 01:00:00+05:30,15.9,33.5,0.0494,276.0
2025-11-09 02:00:00+05:30,15.3,32.0,0.0473,217.0
2025-11-09 03:00:00+05:30,13.1,35.7,0.0477,220.0
2025-11-09 04:00:00+05:30,11.5,35.8,0.0473,206.0
2025-11-09 05:00:00+05:30,12.8,34.1,0.047,153.0
2025-11-09 06:00:00+05:30,12.3,36.1,0.0484,148.0
2025-11-09 07:00:00+05:30,15.8,34.7,0.0505,146.0
2025-11-09 08:00:00+05:30,11.3,32.9,0.0439,150.0
2025-11-09 09:00:00+05:30,12.8,35.6,0.0484,151.0
2025-11-09 10:00:00+05:30,10.9,33.1,0.044,159.0
2025-11-09 11:00:00+05:30,10.6,34.1,0.0432,167.0
2025-11-09 12:00:00+05:30,13.5,33.1,0.0459,171.0
2025-11-09 13:00:00+05:30,14.4,32.4,0.0468,175.0
2025-11-09 14:00:00+05:30,14.1,33.1,0.0472,167.0
2025-11-09 15:00:00+05:30,12.0,32.0,0.0439,142.0
2025-11-09 16:00:00+05:30,10.5,34.0,0.0435,119.0
2025-11-09 17:00:00+05:30,9.94,31.8,0.0404,96.3
2025-11-09 18:00:00+05:30,14.2,35.5,0.0497,95.4
2025-11-09 19:00:00+05:30,14.4,32.9,0.0472,125.0
2025-11-09 20:00:00+05:30,13.3,35.3,0.0486,167.0
2025-11-09 21:00:00+05:30,9.35,30.4,0.0398,193.0
2025-11-09 22:00:00+05:30,9.35,36.1,0.0447,334.0
2025-11-09 23:00:00+05:30,12.7,34.7,0.0473,374.0
2025-11-10 00:00:00+05:30,15.1,36.6,0.0516,393.0
2025-11-10 01:00:00+05:30,13.2,34.3,0.0475,359.0
2025-11-10 02:00:00+05:30,11.8,34.5,0.045,237.0
2025-11-10 03:00:00+05:30,12.8,33.2,0.0461,190.0
2025-11-10 04:00:00+05:30,14.5,32.3,0.0467,213.0
2025-11-10 05:00:00+05:30,12.5,31.6,0.0434,198.0
2025-11-10 06:00:00+05:30,12.3,33.9,0.0463,190.0
2025-11-10 07:00:00+05:30,14.5,34.4,0.0489,186.0
2025-11-10 08:00:00+05:30,10.1,33.9,0.0439,174.0
2025-11-10 09:00:00+05:30,12.4,33.9,0.0467,185.0
2025-11-10 10:00:00+05:30,17.5,48.0,0.0666,211.0
2025-11-10 11:00:00+05:30,13.0,60.0,0.073,222.0
2025-11-10 18:00:00+05:30,24.3,56.8,0.0811,182.0
2025-11-10 20:00:00+05:30,21.0,57.8,0.0788,471.0
2025-11-10 21:00:00+05:30,24.5,58.9,0.0834,620.0
2025-11-10 22:00:00+05:30,25.3,56.5,0.084,681.0
2025-11-10 23:00:00+05:30,22.5,59.1,0.0816,510.0
2025-11-11 00:00:00+05:30,27.7,57.2,0.0849,396.0
2025-11-11 01:00:00+05:30,23.1,47.3,0.0704,234.0
2025-11-11 02:00:00+05:30,23.8,56.5,0.0802,223.0
2025-11-11 03:00:00+05:30,21.5,59.6,0.0811,253.0
2025-11-11 04:00:00+05:30,28.4,57.1,0.0855,271.0
2025-11-11 05:00:00+05:30,26.5,59.9,0.0864,246.0
2025-11-11 06:00:00+05:30,24.3,53.9,0.0782,222.0
2025-11-11 07:00:00+05:30,16.0,58.8,0.0748,185.0
2025-11-11 08:00:00+05:30,28.6,60.8,0.0894,165.0
2025-11-11 09:00:00+05:30,14.9,58.8,0.073,191.0
2025-11-11 10:00:00+05:30,21.5,58.6,0.08,248.0
2025-11-11 11:00:00+05:30,21.9,59.1,0.081,254.0
2025-11-11 16:00:00+05:30,18.6,57.8,0.0745,97.0
2025-11-11 17:00:00+05:30,16.2,59.4,0.0753,113.0
2025-11-11 18:00:00+05:30,22.0,55.6,0.0776,117.0
2025-11-11 19:00:00+05:30,19.6,35.1,0.0547,138.0
2025-11-11 20:00:00+05:30,21.9,59.3,0.0806,364.0
2025-11-11 21:00:00+05:30,19.3,61.7,0.0809,376.0
2025-11-11 22:00:00+05:30,21.2,56.1,0.0773,307.0
2025-11-11 23:00:00+05:30,19.5,53.8,0.0696,223.0
2025-11-12 00:00:00+05:30,32.2,50.3,0.0826,177.0
2025-11-12 01:00:00+05:30,17.9,56.3,0.0743,143.0
2025-11-12 02:00:00+05:30,18.1,56.8,0.0741,140.0
2025-11-12 03:00:00+05:30,18.9,59.8,0.0787,181.0
2025-11-12 04:00:00+05:30,20.0,59.1,0.0789,213.0
2025-11-12 05:00:00+05:30,22.7,57.3,0.0799,198.0
2025-11-12 06:00:00+05:30,18.8,58.8,0.0776,157.0
2025-11-12 07:00:00+05:30,21.2,56.0,0.0772,138.0
2025-11-12 08:00:00+05:30,13.4,25.2,0.0386,69.4
2025-11-12 09:00:00+05:30,27.1,53.3,0.0804,173.0
2025-11-12 10:00:00+05:30,18.8,57.6,0.0764,204.0
2025-11-12 11:00:00+05:30,14.9,62.5,0.0774,208.0
2025-11-12 12:00:00+05:30,28.7,57.2,0.0858,177.0
2025-11-12 13:00:00+05:30,19.1,56.0,0.0738,150.0
2025-11-12 14:00:00+05:30,24.5,60.6,0.0834,110.0
2025-11-12 15:00:00+05:30,11.9,48.3,0.0602,62.5
2025-11-12 16:00:00+05:30,20.6,55.5,0.0762,98.2
2025-11-12 17:00:00+05:30,29.4,57.4,0.0868,110.0
2025-11-12 18:00:00+05:30,13.6,38.2,0.0519,72.2
2025-11-12 19:00:00+05:30,15.9,58.1,0.0733,121.0
2025-11-12 20:00:00+05:30,24.4,63.1,0.0875,216.0
2025-11-12 21:00:00+05:30,21.1,55.9,0.083,678.0
2025-11-12 22:00:00+05:30,21.4,51.8,0.0724,437.0
2025-11-12 23:00:00+05:30,24.0,57.4,0.0814,265.0
2025-11-13 00:00:00+05:30,18.3,56.2,0.0745,223.0
2025-11-13 01:00:00+05:30,18.8,52.3,0.0711,103.0
2025-11-13 02:00:00+05:30,20.6,56.9,0.0775,102.0
2025-11-13 03:00:00+05:30,22.1,51.8,0.0737,121.0
2025-11-13 04:00:00+05:30,20.2,56.9,0.0771,161.0
2025-11-13 05:00:00+05:30,31.7,,,
2025-11-13 06:00:00+05:30,0.0,0.0,0.0,0.0
2025-11-13 07:00:00+05:30,22.0,54.5,0.0765,147.0
2025-11-13 08:00:00+05:30,12.2,37.2,0.0494,96.6
2025-11-13 09:00:00+05:30,18.8,55.1,0.0733,181.0
2025-11-13 10:00:00+05:30,16.1,61.3,0.0775,225.0
2025-11-13 11:00:00+05:30,13.7,37.4,0.0512,152.0
2025-11-13 12:00:00+05:30,16.5,55.3,0.0708,189.0
2025-11-13 13:00:00+05:30,26.5,60.4,0.0868,147.0
2025-11-13 14:00:00+05:30,17.2,56.2,0.0734,120.0
2025-11-13 15:00:00+05:30,21.7,61.1,0.0819,111.0
2025-11-13 16:00:00+05:30,27.7,60.3,0.088,108.0
2025-11-13 17:00:00+05:30,14.2,44.9,0.0585,102.0
2025-11-13 18:00:00+05:30,18.8,57.3,0.0764,173.0
2025-11-13 19:00:00+05:30,18.1,56.7,0.0748,202.0
2025-11-13 20:00:00+05:30,23.7,56.0,0.0797,214.0
2025-11-13 21:00:00+05:30,21.8,56.4,0.0782,237.0
2025-11-13 22:00:00+05:30,21.4,56.8,0.0782,220.0
2025-11-13 23:00:00+05:30,23.1,58.0,0.0811,175.0
2025-11-14 00:00:00+05:30,8.37,53.5,0.0616,150.0
2025-11-14 02:00:00+05:30,29.3,59.0,0.0884,154.0
2025-11-14 03:00:00+05:30,22.5,59.0,0.0815,160.0
2025-11-14 04:00:00+05:30,23.7,54.7,0.0784,155.0
2025-11-14 05:00:00+05:30,23.7,53.4,0.077,139.0
2025-11-14 06:00:00+05:30,16.9,60.8,0.0773,132.0
2025-11-14 07:00:00+05:30,20.3,57.4,0.0777,130.0
2025-11-14 08:00:00+05:30,15.6,54.7,0.0703,126.0
2025-11-14 09:00:00+05:30,21.8,57.6,0.0794,134.0
2025-11-14 10:00:00+05:30,23.6,61.1,0.0845,148.0
2025-11-14 11:00:00+05:30,18.0,55.9,0.0739,156.0
2025-11-14 12:00:00+05:30,18.7,59.5,0.0781,153.0
2025-11-14 13:00:00+05:30,20.4,53.2,0.072,152.0
2025-11-14 14:00:00+05:30,23.1,58.6,0.0814,151.0
2025-11-14 15:00:00+05:30,22.6,62.3,0.0841,147.0
2025-11-14 16:00:00+05:30,21.3,60.4,0.0815,133.0
2025-11-14 17:00:00+05:30,17.3,56.9,0.0743,117.0
2025-11-14 18:00:00+05:30,21.1,54.9,0.0759,110.0
2025-11-14 19:00:00+05:30,16.5,58.0,0.073,137.0
2025-11-14 20:00:00+05:30,22.6,57.2,0.0798,182.0
2025-11-14 21:00:00+05:30,19.0,60.1,0.0784,239.0
2025-11-14 22:00:00+05:30,24.9,61.6,0.0865,449.0
2025-11-14 23:00:00+05:30,23.8,56.4,0.0802,491.0
2025-11-15 00:00:00+05:30,14.2,61.7,0.0759,408.0
2025-11-15 01:00:00+05:30,20.0,55.3,0.0753,128.0
2025-11-15 02:00:00+05:30,22.1,55.7,0.0771,108.0
2025-11-15 03:00:00+05:30,21.3,57.5,0.0787,131.0
2025-11-15 04:00:00+05:30,11.1,58.9,0.0695,171.0
2025-11-15 05:00:00+05:30,24.7,56.4,0.081,180.0
2025-11-15 06:00:00+05:30,26.55,56.9,0.08345,168.0
2025-11-15 07:00:00+05:30,19.0,57.3,0.0763,145.0
2025-11-15 08:00:00+05:30,17.8,55.3,0.0731,138.0
2025-11-15 09:00:00+05:30,14.5,52.6,0.067,154.0
2025-11-15 10:00:00+05:30,28.6,54.9,0.0835,166.0
2025-11-15 11:00:00+05:30,21.8,52.9,0.0738,174.0
2025-11-15 12:00:00+05:30,25.8,60.0,0.0858,176.0
2025-11-15 13:00:00+05:30,25.3,56.0,0.0812,170.0
2025-11-15 14:00:00+05:30,17.9,58.9,0.0766,157.0
2025-11-15 15:00:00+05:30,24.0,56.2,0.0783,139.0
2025-11-15 16:00:00+05:30,18.7,55.6,0.0737,131.0
2025-11-15 17:00:00+05:30,9.27,56.5,0.0655,126.0
2025-11-15 18:00:00+05:30,21.0,55.8,0.0768,138.0
2025-11-15 19:00:00+05:30,16.7,58.2,0.0746,172.0
2025-11-15 20:00:00+05:30,14.9,55.5,0.0704,199.0
2025-11-15 21:00:00+05:30,17.8,55.7,0.0735,219.0
2025-11-15 22:00:00+05:30,26.8,58.0,0.0847,274.0
2025-11-15 23:00:00+05:30,16.3,55.0,0.0708,263.0
2025-11-16 00:00:00+05:30,15.6,60.2,0.0758,242.0
2025-11-16 01:00:00+05:30,23.5,58.2,0.0816,186.0
2025-11-16 02:00:00+05:30,20.0,54.9,0.0749,179.0
2025-11-16 03:00:00+05:30,19.4,58.8,0.078,184.0
2025-11-16 04:00:00+05:30,20.8,58.8,0.0794,181.0
2025-11-16 05:00:00+05:30,22.8,54.0,0.0764,172.0
2025-11-16 06:00:00+05:30,18.6,60.5,0.0791,166.0
2025-11-16 07:00:00+05:30,23.1,56.9,0.0799,153.0
2025-11-16 08:00:00+05:30,17.8,56.6,0.0744,146.0
2025-11-16 09:00:00+05:30,23.5,56.6,0.0801,157.0
2025-11-16 10:00:00+05:30,17.9,59.4,0.0773,177.0
2025-11-16 11:00:00+05:30,15.7,56.7,0.0719,193.0
2025-11-16 12:00:00+05:30,19.6,60.2,0.0797,188.0
2025-11-16 13:00:00+05:30,21.7,56.4,0.0777,153.0
2025-11-16 14:00:00+05:30,20.6,57.8,0.0776,125.0
2025-11-16 15:00:00+05:30,15.8,57.7,0.0734,97.8
2025-11-16 16:00:00+05:30,23.6,57.2,0.0808,90.5
2025-11-16 17:00:00+05:30,20.9,49.3,0.0702,88.5
2025-11-16 18:00:00+05:30,22.5,54.4,0.0765,99.3
2025-11-16 19:00:00+05:30,24.1,60.8,0.0849,131.0
2025-11-16 20:00:00+05:30,19.7,60.1,0.0798,161.0
2025-11-16 21:00:00+05:30,19.6,55.8,0.0749,173.0
2025-11-16 22:00:00+05:30,19.2,55.1,0.0742,172.0
2025-11-16 23:00:00+05:30,19.0,57.3,0.0763,171.0
2025-11-17 00:00:00+05:30,10.6,63.2,0.0737,168.0
2025-11-17 01:00:00+05:30,13.0,58.2,0.0712,188.0
2025-11-17 02:00:00+05:30,23.2,55.9,0.079,208.0
2025-11-17 03:00:00+05:30,25.8,52.4,0.0781,204.0
2025-11-17 04:00:00+05:30,16.3,53.8,0.0699,182.0
2025-11-17 05:00:00+05:30,17.2,55.3,0.0724,163.0
2025-11-17 06:00:00+05:30,21.5,56.2,0.0775,150.0
2025-11-17 07:00:00+05:30,22.5,61.1,0.0836,144.0
2025-11-17 08:00:00+05:30,13.8,54.7,0.0674,153.0
2025-11-17 09:00:00+05:30,21.8,57.0,0.0788,157.0
2025-11-17 10:00:00+05:30,21.5,54.7,0.0762,158.0
2025-11-17 11:00:00+05:30,25.1,57.8,0.0829,171.0
2025-11-17 12:00:00+05:30,19.4,58.5,0.0779,176.0
2025-11-17 13:00:00+05:30,22.4,58.8,0.0812,166.0
2025-11-17 14:00:00+05:30,21.1,61.8,0.0828,149.0
2025-11-17 15:00:00+05:30,14.3,52.1,0.0661,123.0
2025-11-17 16:00:00+05:30,18.7,60.0,0.0781,105.0
2025-11-17 17:00:00+05:30,24.9,56.0,0.0808,97.7
2025-11-17 18:00:00+05:30,19.9,57.7,0.0759,100.0
2025-11-17 19:00:00+05:30,20.6,53.5,0.074,354.0
2025-11-17 20:00:00+05:30,22.3,57.0,0.0793,514.0
2025-11-17 21:00:00+05:30,26.3,56.1,0.0824,562.0
2025-11-17 22:00:00+05:30,25.2,56.8,0.082,560.0
2025-11-17 23:00:00+05:30,17.5,57.1,0.0746,457.0
2025-11-18 00:00:00+05:30,15.8,60.8,0.0766,376.0
2025-11-18 01:00:00+05:30,20.4,52.7,0.0731,273.0
2025-11-18 02:00:00+05:30,19.8,59.6,0.0795,266.0
2025-11-18 03:00:00+05:30,21.4,56.6,0.078,220.0
2025-11-18 04:00:00+05:30,27.0,59.1,0.0862,201.0
2025-11-18 05:00:00+05:30,19.8,61.6,0.0807,196.0
2025-11-18 18:00:00+05:30,11.8,36.1,0.0477,151.0
2025-11-18 19:00:00+05:30,30.7,29.7,0.0602,260.0
2025-11-18 20:00:00+05:30,28.4,31.1,0.0593,400.0
2025-11-18 21:00:00+05:30,29.4,30.4,0.0597,406.0
2025-11-18 22:00:00+05:30,31.0,31.1,0.0622,369.0
2025-11-18 23:00:00+05:30,29.6,31.8,0.0614,264.0
2025-11-19 00:00:00+05:30,34.0,30.2,0.0642,223.0
2025-11-19 01:00:00+05:30,31.0,28.6,0.0596,256.0
2025-11-19 02:00:00+05:30,30.9,29.2,0.06,242.0
2025-11-19 03:00:00+05:30,32.7,31.7,0.0644,185.0
2025-11-19 04:00:00+05:30,31.2,30.9,0.0621,184.0
2025-11-19 05:00:00+05:30,31.9,32.0,0.0639,182.0
2025-11-19 06:00:00+05:30,31.6,30.7,0.0623,177.0
2025-11-19 07:00:00+05:30,31.4,30.5,0.0619,165.0
2025-11-19 08:00:00+05:30,30.0,34.2,0.0642,178.0
2025-11-19 09:00:00+05:30,30.7,32.2,0.0629,193.0
2025-11-19 10:00:00+05:30,29.6,30.0,0.0595,196.0
2025-11-19 11:00:00+05:30,30.4,33.2,0.0636,200.0
2025-11-19 12:00:00+05:30,32.2,27.7,0.0599,203.0
2025-11-19 13:00:00+05:30,45.3,48.0,0.0933,175.0
2025-11-19 14:00:00+05:30,55.0,43.7,0.0986,145.0
2025-11-19 15:00:00+05:30,41.3,50.3,0.0916,119.0
2025-11-19 16:00:00+05:30,43.6,45.4,0.089,106.0
2025-11-19 17:00:00+05:30,51.1,48.2,0.0993,108.0
2025-11-19 18:00:00+05:30,44.4,47.0,0.0913,142.0
2025-11-19 19:00:00+05:30,49.6,46.0,0.0956,311.0
2025-11-19 20:00:00+05:30,46.2,48.8,0.0951,427.0
2025-11-19 21:00:00+05:30,51.8,45.4,0.0972,400.0
2025-11-19 22:00:00+05:30,43.8,49.0,0.0928,402.0
2025-11-19 23:00:00+05:30,46.6,48.8,0.0955,391.0
2025-11-20 00:00:00+05:30,41.7,45.9,0.0877,375.0
2025-11-20 01:00:00+05:30,44.8,48.0,0.0928,330.0
2025-11-20 02:00:00+05:30,46.5,46.0,0.0925,320.0
2025-11-20 03:00:00+05:30,47.0,46.5,0.0936,296.0
2025-11-20 04:00:00+05:30,43.5,48.1,0.0916,256.0
2025-11-20 05:00:00+05:30,47.2,46.3,0.0934,220.0
2025-11-20 06:00:00+05:30,44.0,49.5,0.0935,223.0
2025-11-20 07:00:00+05:30,50.9,48.1,0.099,222.0
2025-11-20 08:00:00+05:30,46.4,48.0,0.0944,239.0
2025-11-20 09:00:00+05:30,51.5,46.5,0.0979,260.0
2025-11-20 10:00:00+05:30,46.0,48.8,0.0947,258.0
2025-11-20 11:00:00+05:30,44.1,49.8,0.0939,228.0
2025-11-20 12:00:00+05:30,46.5,50.0,0.0964,202.0
2025-11-20 13:00:00+05:30,45.1,50.5,0.0956,172.0
2025-11-20 14:00:00+05:30,46.3,47.0,0.0933,132.0
2025-11-20 15:00:00+05:30,46.9,46.9,0.0938,98.3
2025-11-20 16:00:00+05:30,52.8,54.5,0.107,75.7
2025-11-20 17:00:00+05:30,0.0,0.0,0.0,0.0
2025-11-20 18:00:00+05:30,47.5,45.7,0.0932,171.0
2025-11-20 19:00:00+05:30,44.9,49.0,0.0939,291.0
2025-11-20 20:00:00+05:30,43.9,46.9,0.0908,295.0
2025-11-20 21:00:00+05:30,43.8,49.5,0.0933,304.0
2025-11-20 22:00:00+05:30,52.1,48.6,0.101,293.0
2025-11-20 23:00:00+05:30,49.0,47.3,0.0963,246.0
2025-11-21 00:00:00+05:30,45.6,50.3,0.0959,201.0
2025-11-21 01:00:00+05:30,38.5,45.0,0.0835,174.0
2025-11-21 02:00:00+05:30,48.6,50.9,0.0995,167.0
2025-11-21 03:00:00+05:30,48.5,48.9,0.0974,163.0
2025-11-21 04:00:00+05:30,56.3,45.0,0.101,151.0
2025-11-21 05:00:00+05:30,46.2,51.4,0.0976,140.0
2025-11-21 06:00:00+05:30,50.5,45.8,0.0963,143.0
2025-11-21 07:00:00+05:30,46.7,47.2,0.0938,175.0
2025-11-21 08:00:00+05:30,48.4,49.4,0.0978,202.0
2025-11-21 09:00:00+05:30,54.7,47.9,0.103,215.0
2025-11-21 10:00:00+05:30,52.2,46.2,0.0983,225.0
2025-11-21 11:00:00+05:30,50.8,48.5,0.0993,186.0
2025-11-21 12:00:00+05:30,46.9,45.2,0.0921,151.0
2025-11-21 13:00:00+05:30,47.2,49.2,0.0964,127.0
2025-11-21 14:00:00+05:30,51.2,46.6,0.0978,113.0
2025-11-21 15:00:00+05:30,43.5,49.4,0.0929,89.3
2025-11-21 16:00:00+05:30,48.7,50.4,0.0991,72.1
2025-11-21 17:00:00+05:30,48.1,48.8,0.0969,67.2
2025-11-21 18:00:00+05:30,47.6,49.2,0.0969,90.2
2025-11-21 19:00:00+05:30,44.2,47.9,0.0922,245.0
2025-11-21 20:00:00+05:30,45.9,51.7,0.0976,480.0
2025-11-21 21:00:00+05:30,47.6,45.0,0.0926,474.0
2025-11-21 22:00:00+05:30,48.7,46.0,0.0947,392.0
2025-11-21 23:00:00+05:30,48.5,45.3,0.0938,327.0
2025-11-22 00:00:00+05:30,54.7,47.0,0.102,281.0
2025-11-22 01:00:00+05:30,54.9,51.2,0.106,213.0
2025-11-22 02:00:00+05:30,49.5,48.8,0.0983,218.0
2025-11-22 03:00:00+05:30,49.2,44.6,0.0937,213.0
2025-11-22 04:00:00+05:30,49.5,48.0,0.0975,201.0
2025-11-22 05:00:00+05:30,43.8,47.2,0.091,200.0
2025-11-22 06:00:00+05:30,49.6,46.8,0.0964,194.0
2025-11-22 07:00:00+05:30,39.8,47.9,0.101,190.0
2025-11-22 08:00:00+05:30,48.3,47.4,0.0956,187.0
2025-11-22 09:00:00+05:30,42.5,46.2,0.0887,174.0
2025-11-22 10:00:00+05:30,46.5,51.3,0.0978,168.0
2025-11-22 11:00:00+05:30,46.3,47.3,0.0938,169.0
2025-11-22 12:00:00+05:30,47.7,46.8,0.0944,174.0
2025-11-22 13:00:00+05:30,49.6,46.7,0.0963,157.0
2025-11-22 14:00:00+05:30,42.8,44.8,0.0868,138.0
2025-11-22 15:00:00+05:30,41.2,50.1,0.0913,114.0
2025-11-22 16:00:00+05:30,51.7,48.3,0.1,96.8
2025-11-22 17:00:00+05:30,59.2,50.2,0.109,87.3
2025-11-22 18:00:00+05:30,44.8,51.6,0.0964,170.0
2025-11-22 19:00:00+05:30,48.4,49.7,0.0981,418.0
2025-11-22 20:00:00+05:30,45.1,49.5,0.0947,577.0
2025-11-22 21:00:00+05:30,50.9,48.9,0.0998,522.0
2025-11-22 22:00:00+05:30,45.7,46.2,0.0919,425.0
2025-11-22 23:00:00+05:30,48.0,52.3,0.1,322.0
2025-11-23 00:00:00+05:30,45.4,52.2,0.0976,341.0
2025-11-23 01:00:00+05:30,46.4,46.0,0.0924,275.0
2025-11-23 02:00:00+05:30,46.9,49.2,0.096,219.0
2025-11-23 03:00:00+05:30,48.3,45.1,0.0933,190.0
2025-11-23 04:00:00+05:30,53.1,47.9,0.101,183.0
2025-11-23 05:00:00+05:30,46.8,47.6,0.0938,192.0
2025-11-23 06:00:00+05:30,48.7,47.0,0.0957,189.0
2025-11-23 07:00:00+05:30,43.0,50.6,0.0936,191.0
2025-11-23 08:00:00+05:30,47.1,46.4,0.0935,221.0
2025-11-23 09:00:00+05:30,41.7,50.4,0.0921,250.0
2025-11-23 10:00:00+05:30,46.6,47.4,0.0939,248.0
2025-11-23 11:00:00+05:30,45.0,52.8,0.0978,248.0
2025-11-23 12:00:00+05:30,44.4,48.5,0.0929,234.0
2025-11-23 13:00:00+05:30,52.7,47.9,0.101,206.0
2025-11-23 14:00:00+05:30,52.1,52.8,0.104,174.0
2025-11-23 15:00:00+05:30,47.0,49.1,0.0975,143.0
2025-11-23 16:00:00+05:30,50.3,46.9,0.0972,0.0
2025-11-23 19:00:00+05:30,49.1,48.2,0.0973,222.0
2025-11-23 20:00:00+05:30,50.1,40.8,0.0909,492.0
2025-11-23 21:00:00+05:30,45.6,46.9,0.0926,989.0
2025-11-23 22:00:00+05:30,44.7,46.4,0.0905,627.0
2025-11-23 23:00:00+05:30,46.7,50.5,0.0972,499.0
2025-11-24 00:00:00+05:30,42.7,46.3,0.089,529.0
2025-11-24 01:00:00+05:30,50.3,46.1,0.0965,469.0
2025-11-24 02:00:00+05:30,49.6,47.3,0.0975,351.0
2025-11-24 03:00:00+05:30,45.3,47.1,0.0924,291.0
2025-11-24 04:00:00+05:30,43.4,47.3,0.0907,219.0
2025-11-24 05:00:00+05:30,30.5,31.8,0.0623,160.0
2025-11-24 06:00:00+05:30,48.6,46.8,0.0961,253.0
2025-11-24 07:00:00+05:30,49.1,46.8,0.0958,266.0
2025-11-24 08:00:00+05:30,46.6,43.7,0.0903,254.0
2025-11-24 09:00:00+05:30,45.6,46.3,0.0919,310.0
2025-11-24 10:00:00+05:30,48.2,47.2,0.0954,282.0
2025-11-24 11:00:00+05:30,51.1,46.0,0.0971,266.0
2025-11-24 12:00:00+05:30,43.4,48.7,0.092,260.0
2025-11-24 13:00:00+05:30,43.4,57.6,0.101,231.0
2025-11-24 14:00:00+05:30,43.4,49.5,0.0929,200.0
2025-11-24 15:00:00+05:30,48.5,48.7,0.0972,163.0
2025-11-24 16:00:00+05:30,49.1,48.9,0.0979,115.0
2025-11-24 17:00:00+05:30,54.9,48.9,0.102,118.0
2025-11-24 18:00:00+05:30,41.7,51.6,0.0933,143.0
2025-11-24 19:00:00+05:30,47.6,46.7,0.0943,388.0
2025-11-24 20:00:00+05:30,49.1,47.2,0.0963,794.0
2025-11-24 21:00:00+05:30,47.0,53.2,0.1,904.0
2025-11-24 22:00:00+05:30,45.7,45.6,0.0913,696.0
2025-11-24 23:00:00+05:30,44.3,50.5,0.0948,684.0
2025-11-25 00:00:00+05:30,48.1,49.7,0.0977,591.0
2025-11-25 01:00:00+05:30,50.3,56.3,0.107,506.0
2025-11-25 02:00:00+05:30,48.0,56.4,0.104,418.0
2025-11-25 03:00:00+05:30,48.1,52.0,0.1,297.0
2025-11-25 04:00:00+05:30,25.5,28.8,0.0543,251.0
2025-11-25 05:00:00+05:30,46.7,50.6,0.0973,247.0
2025-11-25 06:00:00+05:30,30.0,31.8,0.0619,166.0
2025-11-25 07:00:00+05:30,55.8,44.2,0.1,246.0
2025-11-25 08:00:00+05:30,50.8,51.6,0.102,246.0
2025-11-25 09:00:00+05:30,52.3,46.1,0.0984,250.0
2025-11-25 10:00:00+05:30,46.6,50.7,0.0972,245.0
2025-11-25 11:00:00+05:30,48.9,46.3,0.0951,255.0
2025-11-25 12:00:00+05:30,29.9,38.3,0.0682,252.0
2025-11-25 13:00:00+05:30,44.3,46.7,0.091,225.0
2025-11-25 14:00:00+05:30,51.9,51.1,0.103,182.0
2025-11-25 15:00:00+05:30,50.1,48.1,0.0982,168.0
2025-11-25 16:00:00+05:30,45.6,48.1,0.0937,155.0
2025-11-25 17:00:00+05:30,48.4,48.8,0.0972,133.0
2025-11-25 18:00:00+05:30,53.9,47.5,0.101,136.0
2025-11-25 19:00:00+05:30,48.0,45.3,0.0933,190.0
2025-11-25 20:00:00+05:30,46.2,46.8,0.093,407.0
2025-11-25 21:00:00+05:30,48.8,48.8,0.0976,367.0
2025-11-25 22:00:00+05:30,43.0,47.8,0.0908,444.0
2025-11-25 23:00:00+05:30,51.4,47.0,0.0984,466.0
2025-11-26 00:00:00+05:30,56.1,51.4,0.108,442.0
2025-11-26 01:00:00+05:30,44.3,48.5,0.0927,383.0
2025-11-26 02:00:00+05:30,47.0,50.5,0.0961,293.0
2025-11-26 03:00:00+05:30,48.5,48.7,0.0967,232.0
2025-11-26 04:00:00+05:30,47.8,50.2,0.098,176.0
2025-11-26 05:00:00+05:30,44.8,48.9,0.0937,184.0
2025-11-26 06:00:00+05:30,46.8,47.4,0.0947,202.0
2025-11-26 07:00:00+05:30,49.2,50.1,0.0993,199.0
2025-11-26 08:00:00+05:30,49.1,46.2,0.0954,189.0
2025-11-26 09:00:00+05:30,49.5,47.9,0.0975,219.0
2025-11-26 10:00:00+05:30,46.6,47.6,0.0925,230.0
2025-11-26 11:00:00+05:30,54.9,45.1,0.1,251.0
2025-11-26 12:00:00+05:30,50.5,47.7,0.0981,256.0
2025-11-26 13:00:00+05:30,41.9,47.7,0.0896,229.0
2025-11-26 14:00:00+05:30,39.7,45.2,0.0868,189.0
2025-11-26 17:00:00+05:30,53.4,53.7,0.107,117.0
2025-11-26 18:00:00+05:30,45.1,49.3,0.0965,123.0
2025-11-26 19:00:00+05:30,43.6,47.8,0.0914,188.0
2025-11-26 20:00:00+05:30,48.3,46.4,0.0946,769.0
2025-11-26 21:00:00+05:30,46.6,49.0,0.095,698.0
2025-11-26 22:00:00+05:30,51.0,44.3,0.0953,585.0
2025-11-26 23:00:00+05:30,43.9,50.2,0.0941,517.0
2025-11-27 00:00:00+05:30,54.4,41.9,0.0963,458.0
2025-11-27 01:00:00+05:30,43.7,45.3,0.089,436.0
2025-11-27 02:00:00+05:30,46.7,46.7,0.0934,355.0
2025-11-27 03:00:00+05:30,48.7,46.9,0.0956,344.0
2025-11-27 04:00:00+05:30,52.7,44.5,0.0972,310.0
2025-11-27 05:00:00+05:30,51.0,53.2,0.104,300.0
2025-11-27 06:00:00+05:30,51.6,46.4,0.098,286.0
2025-11-27 07:00:00+05:30,33.4,34.7,0.0681,217.0
2025-11-27 08:00:00+05:30,43.6,52.2,0.0958,317.0
2025-11-27 09:00:00+05:30,46.3,46.6,0.0928,619.0
2025-11-27 10:00:00+05:30,50.3,48.3,0.0987,599.0
2025-11-27 11:00:00+05:30,48.5,46.5,0.0949,488.0
2025-11-27 12:00:00+05:30,47.7,52.0,0.0997,340.0
2025-11-27 13:00:00+05:30,49.1,45.3,0.0944,140.0
2025-11-27 14:00:00+05:30,46.6,49.0,0.0955,150.0
2025-11-27 15:00:00+05:30,47.7,44.5,0.0922,118.0
2025-11-27 16:00:00+05:30,33.8,51.4,0.0852,132.0
2025-11-27 17:00:00+05:30,42.3,44.8,0.0871,171.0
2025-11-27 18:00:00+05:30,49.3,47.6,0.0969,252.0
2025-11-27 19:00:00+05:30,48.2,48.9,0.097,474.0
2025-11-27 20:00:00+05:30,49.4,48.4,0.0978,678.0
2025-11-27 21:00:00+05:30,47.8,49.0,0.0968,661.0
2025-11-27 22:00:00+05:30,43.6,46.0,0.0895,611.0
2025-11-27 23:00:00+05:30,50.8,48.0,0.0988,338.0
2025-11-28 00:00:00+05:30,46.7,48.1,0.0965,378.0
2025-11-28 01:00:00+05:30,45.2,48.9,0.0941,397.0
2025-11-28 02:00:00+05:30,45.3,47.8,0.0931,310.0
2025-11-28 03:00:00+05:30,46.1,48.2,0.0952,290.0
2025-11-28 04:00:00+05:30,54.9,46.0,0.101,355.0
2025-11-28 05:00:00+05:30,48.9,45.9,0.0969,297.0
2025-11-28 06:00:00+05:30,52.5,52.9,0.105,302.0
2025-11-28 07:00:00+05:30,41.4,31.6,0.0696,210.0
2025-11-28 08:00:00+05:30,52.3,45.5,0.0978,370.0
2025-11-28 09:00:00+05:30,52.9,45.9,0.0988,371.0
2025-11-28 10:00:00+05:30,39.8,54.1,0.0928,339.0
2025-11-28 11:00:00+05:30,47.3,49.7,0.0961,317.0
2025-11-28 12:00:00+05:30,47.1,43.3,0.0922,286.0
2025-11-28 13:00:00+05:30,36.2,46.7,0.0829,276.0
2025-11-28 14:00:00+05:30,44.8,46.3,0.0901,204.0
2025-11-28 15:00:00+05:30,41.5,47.2,0.0887,154.0
2025-11-28 16:00:00+05:30,36.6,44.6,0.0941,137.0
2025-11-28 17:00:00+05:30,41.2,46.1,0.0874,128.0
2025-11-28 18:00:00+05:30,51.9,43.1,0.095,128.0
2025-11-28 19:00:00+05:30,42.5,50.0,0.0925,175.0
2025-11-28 20:00:00+05:30,45.8,49.7,0.096,236.0
2025-11-28 21:00:00+05:30,46.3,52.7,0.0989,272.0
2025-11-28 22:00:00+05:30,44.9,48.5,0.0933,278.0
2025-11-28 23:00:00+05:30,46.0,48.8,0.0947,263.0
2025-11-29 00:00:00+05:30,46.4,44.0,0.0904,239.0
2025-11-29 01:00:00+05:30,52.3,45.7,0.098,225.0
2025-11-29 02:00:00+05:30,43.3,47.4,0.0907,204.0
2025-11-29 03:00:00+05:30,43.5,50.1,0.0936,200.0
2025-11-29 04:00:00+05:30,54.4,44.1,0.0984,170.0
2025-11-29 05:00:00+05:30,49.1,50.6,0.0997,167.0
2025-11-29 06:00:00+05:30,46.8,44.5,0.0913,175.0
2025-11-29 07:00:00+05:30,52.8,47.9,0.101,179.0
2025-11-29 08:00:00+05:30,47.0,50.1,0.0971,186.0
2025-11-29 09:00:00+05:30,48.0,47.2,0.0952,190.0
2025-11-29 10:00:00+05:30,52.9,44.5,0.0974,201.0
2025-11-29 11:00:00+05:30,45.8,45.8,0.0916,195.0
2025-11-29 12:00:00+05:30,42.3,48.7,0.0911,196.0
2025-11-29 13:00:00+05:30,45.6,53.1,0.0987,166.0
2025-11-29 14:00:00+05:30,49.0,53.2,0.102,157.0
2025-11-29 15:00:00+05:30,49.3,43.9,0.0932,134.0
2025-11-29 16:00:00+05:30,44.6,45.9,0.0906,110.0
2025-11-29 17:00:00+05:30,43.2,48.5,0.0916,97.2
2025-11-29 18:00:00+05:30,49.0,47.7,0.0967,95.4
2025-11-29 19:00:00+05:30,45.2,45.7,0.0909,140.0
2025-11-29 20:00:00+05:30,54.3,46.3,0.101,360.0
2025-11-29 21:00:00+05:30,49.9,49.8,0.0997,246.0
2025-11-29 22:00:00+05:30,45.1,46.4,0.0915,225.0
2025-11-29 23:00:00+05:30,46.4,44.2,0.0906,272.0
2025-11-30 00:00:00+05:30,42.8,48.8,0.0916,361.0
2025-11-30 01:00:00+05:30,44.3,44.4,0.0887,253.0
2025-11-30 02:00:00+05:30,43.2,49.9,0.0906,168.0
2025-11-30 03:00:00+05:30,48.9,48.5,0.0969,122.0
2025-11-30 04:00:00+05:30,48.7,47.9,0.0974,147.0
2025-11-30 05:00:00+05:30,49.2,43.9,0.0938,143.0
2025-11-30 06:00:00+05:30,47.1,51.1,0.0981,153.0
2025-11-30 07:00:00+05:30,35.7,44.8,0.0924,152.0
2025-11-30 08:00:00+05:30,48.0,53.6,0.102,173.0
2025-11-30 09:00:00+05:30,42.1,48.4,0.0905,197.0
2025-11-30 10:00:00+05:30,49.7,48.5,0.0982,189.0
2025-11-30 11:00:00+05:30,54.2,49.7,0.104,160.0
2025-11-30 12:00:00+05:30,52.5,47.4,0.0999,169.0
2025-11-30 13:00:00+05:30,47.9,49.3,0.0972,162.0
2025-11-30 14:00:00+05:30,43.3,48.3,0.0891,142.0
2025-11-30 15:00:00+05:30,44.0,55.0,0.0966,131.0
2025-11-30 16:00:00+05:30,52.2,48.7,0.101,109.0
2025-11-30 17:00:00+05:30,49.8,49.6,0.0995,95.7
2025-11-30 18:00:00+05:30,46.6,52.5,0.0961,90.5
2025-11-30 19:00:00+05:30,44.7,48.9,0.0935,133.0
2025-11-30 20:00:00+05:30,49.4,50.2,0.0996,459.0
2025-11-30 21:00:00+05:30,44.8,49.1,0.0939,813.0
2025-11-30 22:00:00+05:30,50.4,46.6,0.0961,721.0
2025-11-30 23:00:00+05:30,50.5,48.0,0.0985,368.0
2025-12-01 00:00:00+05:30,46.0,47.0,0.0929,434.0
2025-12-01 01:00:00+05:30,53.4,50.0,0.103,306.0
2025-12-01 02:00:00+05:30,40.1,47.0,0.087,373.0
2025-12-01 03:00:00+05:30,50.5,48.9,0.0993,302.0
2025-12-01 04:00:00+05:30,43.9,45.2,0.0891,304.0
2025-12-01 05:00:00+05:30,30.3,33.1,0.0634,166.0
2025-12-01 06:00:00+05:30,51.3,48.2,0.0996,230.0
2025-12-01 07:00:00+05:30,38.3,34.1,0.0724,154.0
2025-12-01 08:00:00+05:30,46.5,48.8,0.0954,275.0
2025-12-01 09:00:00+05:30,50.0,44.2,0.0941,391.0
2025-12-01 10:00:00+05:30,47.7,45.7,0.0934,385.0
2025-12-01 12:00:00+05:30,40.1,48.2,0.0883,231.0
2025-12-01 13:00:00+05:30,44.3,47.2,0.0916,157.0
2025-12-01 14:00:00+05:30,49.8,50.2,0.1,162.0
2025-12-01 15:00:00+05:30,43.1,48.9,0.092,106.0
2025-12-01 16:00:00+05:30,41.2,49.7,0.0909,85.7
2025-12-01 17:00:00+05:30,48.5,50.3,0.0988,89.2
2025-12-01 18:00:00+05:30,47.0,47.9,0.0949,88.1
2025-12-01 19:00:00+05:30,47.8,48.8,0.0965,146.0
2025-12-01 20:00:00+05:30,45.4,50.6,0.096,789.0
2025-12-01 21:00:00+05:30,50.4,47.9,0.0983,686.0
2025-12-01 22:00:00+05:30,42.4,46.5,0.0889,586.0
2025-12-01 23:00:00+05:30,34.5,31.8,0.0663,243.0
2025-12-02 00:00:00+05:30,49.4,47.4,0.0968,362.0
2025-12-02 01:00:00+05:30,51.3,52.9,0.104,337.0
2025-12-02 02:00:00+05:30,44.1,47.3,0.0914,315.0
2025-12-02 03:00:00+05:30,47.2,51.5,0.0987,311.0
2025-12-02 04:00:00+05:30,48.0,45.8,0.0937,275.0
2025-12-02 05:00:00+05:30,0.0,0.0,0.0,0.0
2025-12-02 06:00:00+05:30,53.0,46.7,0.0997,250.0
2025-12-02 07:00:00+05:30,48.8,48.4,0.0972,267.0
2025-12-02 08:00:00+05:30,49.8,47.2,0.097,274.0
2025-12-02 09:00:00+05:30,45.7,50.1,0.0958,274.0
2025-12-02 10:00:00+05:30,44.8,49.8,0.0946,280.0
2025-12-02 11:00:00+05:30,47.0,47.0,0.094,252.0
2025-12-02 12:00:00+05:30,43.6,49.0,0.0925,238.0
2025-12-02 13:00:00+05:30,48.5,45.7,0.0941,206.0
2025-12-02 14:00:00+05:30,43.0,47.0,0.09,193.0
2025-12-02 15:00:00+05:30,48.4,45.3,0.0937,171.0
2025-12-02 16:00:00+05:30,44.4,46.7,0.0912,170.0
2025-12-02 17:00:00+05:30,45.6,49.5,0.0951,189.0
2025-12-02 18:00:00+05:30,44.5,49.4,0.0939,226.0
2025-12-02 19:00:00+05:30,33.9,52.1,0.0859,229.0
2025-12-02 20:00:00+05:30,46.9,47.6,0.0945,287.0
