Local Time,CO,NO,NOX,O3,PM25,PM10,NO2,SO2,NH3
2025-09-30 11:00:00+05:30,0.565,9.13,0.0253,24.2,36.6,,,,
2025-09-30 12:00:00+05:30,0.55,8.81,0.0254,24.0,35.1,,,,
2025-09-30 13:00:00+05:30,0.555,8.91,0.0246,23.7,35.5,,,,
2025-09-30 14:00:00+05:30,0.565,9.07,0.0251,24.0,36.3,,,,
2025-09-30 18:00:00+05:30,0.56,9.01,0.0246,24.0,36.1,,,,
2025-09-30 19:00:00+05:30,0.573,9.19,0.0257,24.6,36.9,,,,
2025-09-30 20:00:00+05:30,0.563,9.11,0.0246,24.4,36.6,,,,
2025-09-30 21:00:00+05:30,0.563,9.03,0.0252,24.1,36.1,,,,
2025-09-30 22:00:00+05:30,0.568,9.12,0.0249,24.4,36.6,,,,
2025-09-30 23:00:00+05:30,0.573,9.2,0.0246,24.6,37.0,,,,
2025-10-01 00:00:00+05:30,0.565,9.04,0.0255,24.1,36.2,,,,
2025-10-01 01:00:00+05:30,0.575,9.22,0.0246,24.7,37.1,,,,
2025-10-01 02:00:00+05:30,0.563,9.05,0.0251,24.2,36.2,,,,
2025-10-01 03:00:00+05:30,0.553,8.85,0.0247,23.5,35.2,,,,
2025-10-01 04:00:00+05:30,0.56,9.0,0.0248,24.0,36.0,,,,
2025-10-01 05:00:00+05:30,0.553,8.9,0.0253,23.7,35.5,,,,
2025-10-01 06:00:00+05:30,0.565,9.03,0.026,24.1,36.2,,,,
2025-10-01 07:00:00+05:30,0.563,9.04,0.0249,24.1,36.2,,,,
2025-10-01 08:00:00+05:30,0.563,9.02,0.0246,24.1,36.1,,,,
2025-10-01 09:00:00+05:30,0.558,8.94,0.0251,23.8,35.7,,,,
2025-10-01 10:00:00+05:30,0.555,8.91,0.0246,23.7,35.5,,,,
2025-10-01 11:00:00+05:30,0.555,8.91,0.0255,23.7,35.5,,,,
2025-10-01 12:00:00+05:30,0.567,9.16,0.0255,24.5,36.8,,,,
2025-10-01 13:00:00+05:30,0.558,8.9,0.0252,23.7,35.5,,,,
2025-10-01 14:00:00+05:30,0.563,9.11,0.0244,24.4,36.5,,,,
2025-10-01 15:00:00+05:30,0.565,9.1,0.0246,24.3,36.5,,,,
2025-10-01 16:00:00+05:30,0.57,9.16,0.0256,24.5,36.8,,,,
2025-10-01 17:00:00+05:30,0.56,8.94,0.0247,23.9,35.7,,,,
2025-10-01 18:00:00+05:30,0.553,8.87,0.026,23.6,35.3,,,,
2025-10-01 19:00:00+05:30,0.555,8.94,0.025,23.8,35.7,,,,
2025-10-01 20:00:00+05:30,0.56,8.97,0.0257,23.9,35.9,,,,
2025-10-01 21:00:00+05:30,0.555,8.9,0.0253,23.6,35.5,,,,
2025-10-01 22:00:00+05:30,0.557,8.95,0.0246,23.8,35.7,,,,
2025-10-01 23:00:00+05:30,0.563,9.04,0.0248,24.1,36.2,,,,
2025-10-02 00:00:00+05:30,0.56,8.92,0.0248,23.7,35.6,,,,
2025-10-02 12:00:00+05:30,0.567,9.07,0.0254,24.2,36.4,,,,
2025-10-02 13:00:00+05:30,0.555,8.94,0.0251,23.8,35.7,,,,
2025-10-02 14:00:00+05:30,0.563,9.02,0.0251,24.0,36.1,,,,
2025-10-02 15:00:00+05:30,0.55,8.8,0.0251,23.3,35.0,,,,
2025-10-02 18:00:00+05:30,0.565,9.12,0.0251,24.4,36.6,,,,
2025-10-02 19:00:00+05:30,0.555,8.92,0.0252,23.7,35.6,,,,
2025-10-02 20:00:00+05:30,0.563,9.03,0.0249,24.1,36.2,,,,
2025-10-02 21:00:00+05:30,0.553,8.9,0.0252,23.7,35.5,,,,
2025-10-02 22:00:00+05:30,0.565,8.86,0.0255,24.2,35.3,,,,
2025-10-02 23:00:00+05:30,0.555,8.92,0.0251,23.7,35.6,,,,
2025-10-03 00:00:00+05:30,0.54,8.72,0.0253,23.1,34.6,,,,
2025-10-03 01:00:00+05:30,0.545,8.79,0.0251,23.3,35.0,,,,
2025-10-03 02:00:00+05:30,0.555,8.89,0.0252,23.6,35.5,,,,
2025-10-03 03:00:00+05:30,0.548,8.81,0.0253,23.4,35.1,,,,
2025-10-03 04:00:00+05:30,0.563,9.01,0.0247,24.0,36.0,,,,
2025-10-03 05:00:00+05:30,0.558,8.99,0.0246,24.0,35.9,,,,
2025-10-03 06:00:00+05:30,0.56,9.0,0.0252,24.0,36.0,,,,
2025-10-03 07:00:00+05:30,0.56,9.02,0.025,24.1,36.1,,,,
2025-10-03 17:00:00+05:30,0.56,9.0,0.026,24.0,36.0,,,,
2025-10-03 18:00:00+05:30,0.563,9.01,0.0256,24.0,36.1,,,,
2025-10-03 19:00:00+05:30,0.573,9.2,0.0261,24.7,37.0,,,,
2025-10-03 20:00:00+05:30,0.563,9.1,0.0251,24.3,36.5,,,,
2025-10-03 21:00:00+05:30,0.563,9.08,0.0249,24.3,36.4,,,,
2025-10-03 22:00:00+05:30,0.56,8.97,0.0254,23.9,35.9,,,,
2025-10-03 23:00:00+05:30,0.57,9.12,0.0252,24.4,36.6,,,,
2025-10-04 00:00:00+05:30,0.555,8.86,0.025,23.5,35.3,,,,
2025-10-04 01:00:00+05:30,0.56,9.07,0.024,24.2,36.3,,,,
2025-10-04 02:00:00+05:30,0.563,9.1,0.0252,24.3,36.5,,,,
2025-10-04 03:00:00+05:30,0.563,9.02,0.0252,24.1,36.1,,,,
2025-10-04 04:00:00+05:30,0.56,9.0,0.0252,24.0,36.0,,,,
2025-10-04 05:00:00+05:30,0.565,9.04,0.0246,24.1,36.2,,,,
2025-10-04 06:00:00+05:30,0.555,8.95,0.0249,23.8,35.7,,,,
2025-10-04 07:00:00+05:30,0.565,9.07,0.025,24.2,36.4,,,,
2025-10-04 08:00:00+05:30,0.557,8.98,0.0253,23.9,35.9,,,,
2025-10-04 09:00:00+05:30,0.56,9.06,0.0255,24.2,36.3,,,,
2025-10-04 12:00:00+05:30,0.555,8.83,0.0246,23.4,35.1,,,,
2025-10-04 13:00:00+05:30,0.56,8.98,0.025,23.9,35.9,,,,
2025-10-04 14:00:00+05:30,0.563,9.04,0.025,24.1,36.2,,,,
2025-10-04 15:00:00+05:30,0.558,9.13,0.0249,24.4,36.6,,,,
2025-10-04 16:00:00+05:30,0.563,9.06,0.025,24.2,36.3,,,,
2025-10-04 17:00:00+05:30,0.563,9.08,0.0251,24.3,36.4,,,,
2025-10-04 18:00:00+05:30,0.563,8.83,0.0254,23.4,35.2,,,,
2025-10-04 19:00:00+05:30,0.553,8.89,0.0253,23.6,35.5,,,,
2025-10-04 20:00:00+05:30,0.563,9.03,0.0243,24.1,36.2,,,,
2025-10-04 21:00:00+05:30,0.553,8.97,0.0252,23.9,35.9,,,,
2025-10-04 22:00:00+05:30,0.558,8.89,0.0249,23.6,35.4,,,,
2025-10-04 23:00:00+05:30,0.565,8.96,0.0249,23.9,35.8,,,,
2025-10-05 00:00:00+05:30,0.57,8.95,0.0252,23.8,35.8,,,,
2025-10-05 01:00:00+05:30,0.56,9.04,0.0241,24.1,36.2,,,,
2025-10-05 02:00:00+05:30,0.555,8.89,0.025,23.6,35.4,,,,
2025-10-05 03:00:00+05:30,0.56,8.99,0.0247,24.0,35.9,,,,
2025-10-05 04:00:00+05:30,0.543,8.99,0.0257,24.0,36.0,,,,
2025-10-05 05:00:00+05:30,0.563,8.95,0.025,23.8,35.8,,,,
2025-10-05 06:00:00+05:30,0.567,8.94,0.0248,23.8,35.7,,,,
2025-10-05 07:00:00+05:30,0.568,8.94,0.0246,23.8,35.7,,,,
2025-10-05 08:00:00+05:30,0.553,8.98,0.0253,23.9,35.9,,,,
2025-10-05 09:00:00+05:30,0.553,9.12,0.0254,24.4,36.6,,,,
2025-10-05 10:00:00+05:30,0.57,9.02,0.025,24.1,36.1,,,,
2025-10-05 17:00:00+05:30,0.55,8.79,0.0253,23.3,34.9,,,,
2025-10-05 18:00:00+05:30,0.553,8.92,0.0255,23.7,35.6,,,,
2025-10-05 19:00:00+05:30,0.57,9.15,0.0251,24.5,36.7,,,,
2025-10-05 20:00:00+05:30,0.563,9.11,0.0253,24.4,36.6,,,,
2025-10-05 21:00:00+05:30,0.565,9.06,0.0251,24.2,36.3,,,,
2025-10-05 22:00:00+05:30,0.54,8.64,0.0248,22.8,34.2,,,,
2025-10-05 23:00:00+05:30,0.56,8.98,0.0243,23.9,35.9,,,,
2025-10-06 00:00:00+05:30,0.565,9.02,0.0252,24.1,36.1,,,,
2025-10-06 01:00:00+05:30,0.55,8.89,0.0249,23.6,35.5,,,,
2025-10-06 02:00:00+05:30,0.558,8.94,0.0247,23.8,35.7,,,,
2025-10-06 03:00:00+05:30,0.558,8.96,0.0252,23.9,35.8,,,,
2025-10-06 04:00:00+05:30,0.563,9.08,0.0248,24.3,36.4,,,,
2025-10-06 05:00:00+05:30,0.558,8.98,0.0249,23.9,35.9,,,,
2025-10-06 06:00:00+05:30,0.563,9.07,0.0256,24.2,36.3,,,,
2025-10-06 07:00:00+05:30,0.563,9.01,0.0244,24.0,36.0,,,,
2025-10-06 08:00:00+05:30,0.563,9.1,0.0248,24.3,36.5,,,,
2025-10-06 09:00:00+05:30,0.56,8.99,0.0255,24.0,35.9,,,,
2025-10-06 10:00:00+05:30,0.56,9.05,0.0257,24.2,36.2,,,,
2025-10-06 11:00:00+05:30,0.558,8.98,0.0252,23.9,35.9,,,,
2025-10-06 12:00:00+05:30,0.555,8.93,0.025,23.8,35.6,,,,
2025-10-06 13:00:00+05:30,0.568,9.11,0.0247,24.4,36.5,,,,
2025-10-06 14:00:00+05:30,0.56,9.01,0.0247,24.0,36.0,,,,
2025-10-06 15:00:00+05:30,0.56,9.05,0.0251,24.2,36.2,,,,
2025-10-07 15:00:00+05:30,0.58,9.35,0.0253,25.2,37.8,,,,
2025-10-07 16:00:00+05:30,0.558,9.05,0.0248,24.0,36.1,,,,
2025-10-07 17:00:00+05:30,0.563,8.89,0.0249,24.1,36.1,,,,
2025-10-07 18:00:00+05:30,0.563,8.96,0.0244,24.1,36.2,,,,
2025-10-07 19:00:00+05:30,0.56,8.98,0.025,24.0,36.0,,,,
2025-10-07 20:00:00+05:30,0.563,8.97,0.0251,24.2,36.3,,,,
2025-10-07 21:00:00+05:30,0.558,9.07,0.0257,23.7,35.6,,,,
2025-10-07 22:00:00+05:30,0.57,9.04,0.0254,24.6,36.9,,,,
2025-10-07 23:00:00+05:30,0.558,9.05,0.0251,23.9,35.9,,,,
2025-10-08 00:00:00+05:30,0.565,9.01,0.0252,24.2,36.2,,,,
2025-10-08 01:00:00+05:30,0.555,9.09,0.024,23.7,35.5,,,,
2025-10-08 02:00:00+05:30,0.563,9.14,0.025,24.1,36.2,,,,
2025-10-08 03:00:00+05:30,0.565,9.07,0.0253,24.3,36.4,,,,
2025-10-08 04:00:00+05:30,0.558,8.94,0.025,24.0,36.0,,,,
2025-10-08 05:00:00+05:30,0.558,9.06,0.0249,23.8,35.7,,,,
2025-10-08 06:00:00+05:30,0.573,9.0,0.0247,24.7,37.0,,,,
2025-10-08 07:00:00+05:30,0.56,8.97,0.0256,23.9,35.8,,,,
2025-10-08 08:00:00+05:30,0.567,8.89,0.025,23.2,34.9,,,,
2025-10-08 09:00:00+05:30,0.555,9.03,0.0252,23.9,36.6,,,,
2025-10-08 10:00:00+05:30,0.565,8.81,0.0247,23.8,36.2,,,,
2025-10-08 11:00:00+05:30,0.555,8.91,0.0248,24.1,36.1,,,,
2025-10-08 13:00:00+05:30,0.553,8.89,0.0247,23.6,35.5,,,,
2025-10-08 14:00:00+05:30,0.558,8.96,0.0251,23.9,35.8,,,,
2025-10-08 15:00:00+05:30,0.558,8.98,0.0256,23.9,35.9,,,,
2025-10-08 16:00:00+05:30,0.558,8.95,0.025,23.8,35.7,,,,
2025-10-08 17:00:00+05:30,0.555,8.89,0.0259,23.6,35.5,,,,
2025-10-08 18:00:00+05:30,0.568,9.14,0.0256,24.4,36.7,,,,
2025-10-08 19:00:00+05:30,0.563,9.03,0.0253,24.1,36.1,,,,
2025-10-08 20:00:00+05:30,0.555,8.92,0.0248,23.7,35.6,,,,
2025-10-08 21:00:00+05:30,0.57,9.17,0.0247,24.6,36.9,,,,
2025-10-08 22:00:00+05:30,0.565,9.12,0.0253,24.4,36.6,,,,
2025-10-08 23:00:00+05:30,0.545,8.78,0.0247,23.3,34.9,,,,
2025-10-09 00:00:00+05:30,0.56,9.01,0.0258,24.0,36.0,,,,
2025-10-09 01:00:00+05:30,0.56,8.99,0.0247,24.0,35.9,,,,
2025-10-09 02:00:00+05:30,0.548,8.8,0.0251,23.3,35.0,,,,
2025-10-09 03:00:00+05:30,0.56,8.99,0.0266,24.0,35.9,,,,
2025-10-09 04:00:00+05:30,0.577,9.26,0.0251,24.9,37.3,,,,
2025-10-09 05:00:00+05:30,0.555,8.92,0.0251,23.7,35.6,,,,
2025-10-09 06:00:00+05:30,0.558,8.95,0.0246,23.8,35.7,,,,
2025-10-09 07:00:00+05:30,0.55,8.83,0.0254,23.4,35.2,,,,
2025-10-09 12:00:00+05:30,0.55,8.89,0.0249,23.6,35.5,,,,
2025-10-09 13:00:00+05:30,0.565,9.04,0.0243,24.1,36.2,,,,
2025-10-09 14:00:00+05:30,0.558,8.96,0.0247,23.9,35.8,,,,
2025-10-09 15:00:00+05:30,0.565,9.06,0.0242,24.2,36.3,,,,
2025-10-09 16:00:00+05:30,0.57,9.14,0.0248,24.5,36.7,,,,
2025-10-09 17:00:00+05:30,0.557,8.92,0.025,23.7,35.6,,,,
2025-10-09 18:00:00+05:30,0.563,9.05,0.0248,24.2,36.3,,,,
2025-10-09 19:00:00+05:30,0.555,8.94,0.025,23.8,35.7,,,,
2025-10-09 20:00:00+05:30,0.568,9.1,0.0254,24.3,36.5,,,,
2025-10-09 21:00:00+05:30,0.565,9.07,0.0251,24.2,36.4,,,,
2025-10-09 22:00:00+05:30,0.578,9.27,0.0253,24.9,37.3,,,,
2025-10-09 23:00:00+05:30,0.555,8.9,0.0257,23.7,35.5,,,,
2025-10-10 00:00:00+05:30,0.57,9.12,0.0254,24.4,36.6,,,,
2025-10-10 01:00:00+05:30,0.56,9.05,0.0256,24.2,36.3,,,,
2025-10-10 02:00:00+05:30,0.56,8.97,0.0244,23.9,35.8,,,,
2025-10-10 03:00:00+05:30,0.565,9.08,0.0252,24.2,36.4,,,,
2025-10-10 04:00:00+05:30,0.563,9.05,0.0249,24.2,36.2,,,,
2025-10-10 05:00:00+05:30,0.553,8.89,0.0243,23.6,35.4,,,,
2025-10-10 06:00:00+05:30,0.56,9.0,0.0251,24.0,36.0,,,,
2025-10-10 08:00:00+05:30,0.565,9.1,0.0247,24.3,36.5,,,,
2025-10-10 09:00:00+05:30,0.57,9.15,0.0249,24.5,36.8,,,,
2025-10-10 10:00:00+05:30,0.573,9.18,0.0249,24.6,36.9,,,,
2025-10-10 11:00:00+05:30,0.555,8.91,0.0246,23.7,35.6,,,,
2025-10-10 12:00:00+05:30,0.56,8.99,0.0255,24.0,36.0,,,,
2025-10-10 13:00:00+05:30,0.558,9.0,0.0245,24.0,36.0,,,,
2025-10-10 14:00:00+05:30,0.567,9.1,0.025,24.3,36.5,,,,
2025-10-10 15:00:00+05:30,0.555,8.93,0.0249,23.8,35.6,,,,
2025-10-10 16:00:00+05:30,0.565,9.06,0.0246,24.2,36.3,,,,
2025-10-10 17:00:00+05:30,0.57,9.14,0.0254,24.5,36.7,,,,
2025-10-10 19:00:00+05:30,0.56,8.93,0.0251,23.8,35.7,,,,
2025-10-10 20:00:00+05:30,0.558,8.97,0.0257,23.9,35.8,,,,
2025-10-10 21:00:00+05:30,0.563,9.09,0.0249,24.3,36.4,,,,
2025-10-10 22:00:00+05:30,0.555,8.91,0.0242,23.7,35.5,,,,
2025-10-10 23:00:00+05:30,0.555,8.93,0.0251,23.8,35.7,,,,
2025-10-11 00:00:00+05:30,0.56,8.93,0.0243,23.8,35.7,,,,
2025-10-11 02:00:00+05:30,0.565,9.12,0.0261,24.4,36.6,,,,
2025-10-11 03:00:00+05:30,0.558,8.9,0.0249,23.7,35.5,,,,
2025-10-11 04:00:00+05:30,0.563,9.07,0.025,24.2,36.4,,,,
2025-10-11 05:00:00+05:30,0.563,9.06,0.0244,24.2,36.6,,,,
2025-10-11 06:00:00+05:30,0.548,8.81,0.0251,23.4,35.1,,,,
2025-10-11 07:00:00+05:30,0.55,8.82,0.0251,23.4,35.1,,,,
2025-10-11 08:00:00+05:30,0.56,8.97,0.0249,23.9,35.9,,,,
2025-10-11 09:00:00+05:30,0.563,9.07,0.0251,24.2,36.3,,,,
2025-10-11 10:00:00+05:30,0.57,9.15,0.0249,24.5,36.8,,,,
2025-10-11 11:00:00+05:30,0.553,8.88,0.0252,23.6,35.4,,,,
2025-10-11 12:00:00+05:30,0.553,8.88,0.0246,23.6,35.6,,,,
2025-10-11 13:00:00+05:30,0.565,9.08,0.0252,24.3,36.4,,,,
2025-10-11 14:00:00+05:30,0.56,9.04,0.0252,24.1,36.2,,,,
2025-10-11 15:00:00+05:30,0.563,9.04,0.0257,24.1,36.2,,,,
2025-10-11 16:00:00+05:30,0.55,8.81,0.0243,23.4,35.0,,,,
2025-10-11 23:00:00+05:30,0.56,9.15,0.0253,24.0,36.0,,,,
2025-10-12 00:00:00+05:30,0.555,9.0,0.0245,23.7,35.6,,,,
2025-10-12 01:00:00+05:30,0.545,8.94,0.0247,23.3,35.0,,,,
2025-10-12 02:00:00+05:30,0.558,8.99,0.0244,23.9,35.9,,,,
2025-10-12 03:00:00+05:30,0.558,9.15,0.0251,23.9,35.8,,,,
2025-10-12 04:00:00+05:30,0.563,9.15,0.0253,24.1,36.2,,,,
2025-10-12 05:00:00+05:30,0.555,8.99,0.0256,23.8,35.7,,,,
2025-10-12 06:00:00+05:30,0.573,8.99,0.0255,24.6,36.9,,,,
2025-10-12 07:00:00+05:30,0.565,8.93,0.0257,24.2,36.2,,,,
2025-10-12 08:00:00+05:30,0.565,9.09,0.025,24.3,36.5,,,,
2025-10-12 09:00:00+05:30,0.563,8.9,0.0244,24.0,36.0,,,,
2025-10-12 10:00:00+05:30,0.565,9.03,0.0249,24.4,36.6,,,,
2025-10-12 11:00:00+05:30,0.558,9.09,0.0244,23.7,35.6,,,,
2025-10-12 12:00:00+05:30,0.558,9.07,0.0247,23.7,35.6,,,,
2025-10-12 13:00:00+05:30,0.555,8.86,0.0249,23.9,35.8,,,,
2025-10-12 14:00:00+05:30,0.563,9.12,0.0252,24.0,36.1,,,,
2025-10-12 15:00:00+05:30,0.553,9.12,0.0254,23.7,35.5,,,,
2025-10-12 16:00:00+05:30,0.56,9.18,0.0251,24.0,36.1,,,,
2025-10-12 17:00:00+05:30,0.56,8.93,0.0248,24.0,36.0,,,,
2025-10-12 18:00:00+05:30,0.558,8.91,0.025,24.1,36.1,,,,
2025-10-12 19:00:00+05:30,0.56,8.94,0.0247,24.0,36.0,,,,
2025-10-12 20:00:00+05:30,0.568,8.9,0.0251,24.5,36.7,,,,
2025-10-12 21:00:00+05:30,0.55,8.83,0.0253,23.4,35.1,,,,
2025-10-12 22:00:00+05:30,0.563,9.15,0.025,24.1,36.2,,,,
2025-10-12 23:00:00+05:30,0.558,8.94,0.0253,24.0,35.9,,,,
2025-10-13 00:00:00+05:30,0.56,9.09,0.0253,24.1,36.1,,,,
2025-10-13 11:00:00+05:30,0.555,8.9,0.0254,23.7,35.5,,,,
2025-10-13 12:00:00+05:30,0.557,8.97,0.025,23.9,35.9,,,,
2025-10-13 13:00:00+05:30,0.568,9.14,0.0252,24.5,36.7,,,,
2025-10-13 14:00:00+05:30,0.565,9.09,0.025,24.3,36.5,,,,
2025-10-13 15:00:00+05:30,0.567,9.13,0.0253,24.4,36.7,,,,
2025-10-13 16:00:00+05:30,0.563,8.95,0.0252,24.1,35.8,,,,
2025-10-13 17:00:00+05:30,0.558,8.97,0.0247,23.9,35.8,,,,
2025-10-13 18:00:00+05:30,0.558,8.94,0.0247,23.8,35.7,,,,
2025-10-13 19:00:00+05:30,0.563,9.01,0.0252,24.0,36.1,,,,
2025-10-13 20:00:00+05:30,0.558,8.97,0.0254,23.9,35.9,,,,
2025-10-13 21:00:00+05:30,0.56,9.01,0.0246,24.0,36.0,,,,
2025-10-13 22:00:00+05:30,0.565,9.1,0.0246,24.3,36.5,,,,
2025-10-13 23:00:00+05:30,0.558,9.02,0.0251,24.1,36.1,,,,
2025-10-14 00:00:00+05:30,0.565,9.13,0.0257,24.4,36.6,,,,
2025-10-14 01:00:00+05:30,0.56,9.03,0.0247,24.1,36.1,,,,
2025-10-14 02:00:00+05:30,0.558,8.93,0.0248,23.8,35.6,,,,
2025-10-14 03:00:00+05:30,0.553,8.82,0.0249,23.4,35.1,,,,
2025-10-14 04:00:00+05:30,0.558,8.92,0.025,23.7,35.6,,,,
2025-10-14 05:00:00+05:30,0.553,8.86,0.0245,23.6,35.3,,,,
2025-10-14 06:00:00+05:30,0.553,8.92,0.0255,23.7,35.6,,,,
2025-10-14 07:00:00+05:30,0.563,9.03,0.0255,24.1,36.2,,,,
2025-10-14 08:00:00+05:30,0.553,8.89,0.0258,23.7,35.5,,,,
2025-10-14 09:00:00+05:30,0.553,8.86,0.0251,23.6,35.3,,,,
2025-10-14 10:00:00+05:30,0.563,9.01,0.0255,24.0,36.0,,,,
2025-10-14 11:00:00+05:30,0.57,9.13,0.0259,24.4,36.7,,,,
2025-10-14 12:00:00+05:30,0.563,9.04,0.0248,24.1,36.2,,,,
2025-10-14 13:00:00+05:30,0.555,8.98,0.0248,23.9,35.9,,,,
2025-10-14 14:00:00+05:30,0.558,8.96,0.0247,23.9,35.8,,,,
2025-10-14 15:00:00+05:30,0.558,8.93,0.025,23.8,35.7,,,,
2025-10-14 16:00:00+05:30,0.563,9.01,0.0248,24.0,36.0,,,,
2025-10-14 17:00:00+05:30,0.565,9.11,0.0251,24.4,36.6,,,,
2025-10-14 18:00:00+05:30,0.56,8.99,0.025,24.0,36.0,,,,
2025-10-14 19:00:00+05:30,0.56,8.95,0.0246,23.8,35.8,,,,
2025-10-14 20:00:00+05:30,0.563,9.04,0.0247,24.1,36.2,,,,
2025-10-14 21:00:00+05:30,0.56,9.03,0.0248,24.1,36.1,,,,
2025-10-14 22:00:00+05:30,0.563,9.06,0.0247,24.2,36.2,,,,
2025-10-14 23:00:00+05:30,0.56,8.97,0.0248,23.9,35.8,,,,
2025-10-15 00:00:00+05:30,0.555,8.98,0.0257,23.9,35.9,,,,
2025-10-15 01:00:00+05:30,0.57,9.21,0.026,24.7,37.0,,,,
2025-10-15 02:00:00+05:30,0.56,8.97,0.0249,23.9,35.8,,,,
2025-10-15 03:00:00+05:30,0.56,9.01,0.0248,24.0,36.1,,,,
2025-10-15 04:00:00+05:30,0.563,8.99,0.0241,23.9,35.9,,,,
2025-10-15 05:00:00+05:30,0.555,8.96,0.0246,23.9,35.8,,,,
2025-10-15 06:00:00+05:30,0.558,8.93,0.0248,23.8,35.7,,,,
2025-10-15 07:00:00+05:30,0.553,8.89,0.0251,23.6,35.4,,,,
2025-10-15 08:00:00+05:30,0.557,8.94,0.0249,23.8,35.7,,,,
2025-10-15 09:00:00+05:30,0.563,9.02,0.0243,24.1,36.1,,,,
2025-10-15 10:00:00+05:30,0.553,8.89,0.024,23.6,35.4,,,,
2025-10-15 11:00:00+05:30,0.55,8.85,0.0251,23.5,35.3,,,,
2025-10-15 12:00:00+05:30,0.555,8.93,0.0254,23.8,35.7,,,,
2025-10-15 13:00:00+05:30,0.573,9.22,0.0249,24.7,37.1,,,,
2025-10-15 14:00:00+05:30,0.563,9.0,0.0253,24.0,36.0,,,,
2025-10-15 15:00:00+05:30,0.56,9.02,0.0246,24.1,36.1,,,,
2025-10-15 21:00:00+05:30,0.555,8.92,0.0252,23.7,35.6,,,,
2025-10-15 22:00:00+05:30,0.555,8.94,0.0255,23.8,35.7,,,,
2025-10-15 23:00:00+05:30,0.55,8.83,0.0249,23.4,35.2,,,,
2025-10-16 00:00:00+05:30,0.575,9.19,0.0249,24.6,36.9,,,,
2025-10-16 01:00:00+05:30,0.565,9.02,0.0245,24.1,36.1,,,,
2025-10-16 02:00:00+05:30,0.568,9.13,0.0251,24.4,36.6,,,,
2025-10-16 03:00:00+05:30,0.565,9.04,0.025,24.1,36.2,,,,
2025-10-16 04:00:00+05:30,0.568,9.12,0.0253,24.4,36.6,,,,
2025-10-16 05:00:00+05:30,0.57,9.16,0.0245,24.5,36.8,,,,
2025-10-16 06:00:00+05:30,0.5625,9.025,0.02545,24.1,36.15,,,,
2025-10-16 07:00:00+05:30,0.58,9.32,0.0253,25.1,37.6,,,,
2025-10-16 08:00:00+05:30,0.555,8.92,0.0252,23.7,35.6,,,,
2025-10-16 09:00:00+05:30,0.563,9.02,0.0255,24.1,36.1,,,,
2025-10-16 10:00:00+05:30,0.558,8.97,0.0248,23.9,35.8,,,,
2025-10-16 11:00:00+05:30,0.553,8.85,0.0243,23.5,35.2,,,,
2025-10-16 12:00:00+05:30,0.565,9.12,0.0248,24.4,36.6,,,,
2025-10-16 13:00:00+05:30,0.563,9.03,0.025,24.1,36.1,,,,
2025-10-16 14:00:00+05:30,0.568,9.15,0.0261,24.5,36.8,,,,
2025-10-16 15:00:00+05:30,0.55,8.86,0.025,23.5,35.3,,,,
2025-10-16 16:00:00+05:30,0.555,8.89,0.0252,23.6,35.4,,,,
2025-10-16 17:00:00+05:30,0.57,9.14,0.0255,24.5,36.7,,,,
2025-10-16 18:00:00+05:30,0.563,9.03,0.0246,24.1,36.2,,,,
2025-10-16 19:00:00+05:30,0.555,8.91,0.0252,23.7,35.5,,,,
2025-10-16 20:00:00+05:30,0.555,8.93,0.0252,23.8,35.6,,,,
2025-10-16 21:00:00+05:30,0.56,8.97,0.0254,23.9,35.9,,,,
2025-10-16 22:00:00+05:30,0.56,9.02,0.0255,24.1,36.1,,,,
2025-10-16 23:00:00+05:30,0.565,9.04,0.0259,24.1,36.2,,,,
2025-10-17 00:00:00+05:30,0.56,8.96,0.0253,23.8,35.8,,,,
2025-10-17 01:00:00+05:30,0.56,8.98,0.0252,23.9,35.9,,,,
2025-10-17 02:00:00+05:30,0.553,8.88,0.0249,23.6,35.4,,,,
2025-10-17 03:00:00+05:30,0.553,8.89,0.0243,23.6,35.4,,,,
2025-10-17 04:00:00+05:30,0.565,9.06,0.0253,24.2,36.3,,,,
2025-10-17 05:00:00+05:30,0.57,9.14,0.0254,24.5,36.7,,,,
2025-10-17 06:00:00+05:30,0.56,9.01,0.0248,24.0,36.0,,,,
2025-10-17 07:00:00+05:30,0.55,8.89,0.025,23.6,35.4,,,,
2025-10-17 08:00:00+05:30,0.565,9.1,0.025,24.3,36.5,,,,
2025-10-17 09:00:00+05:30,0.547,8.78,0.0251,23.3,34.9,,,,
2025-10-17 10:00:00+05:30,0.553,8.92,0.025,23.7,35.6,,,,
2025-10-17 11:00:00+05:30,0.563,9.04,0.0253,24.1,36.2,,,,
2025-10-17 12:00:00+05:30,0.558,8.92,0.0253,23.7,35.6,,,,
2025-10-17 13:00:00+05:30,0.563,9.01,0.0258,24.0,36.0,,,,
2025-10-17 14:00:00+05:30,0.563,9.07,0.0248,24.2,36.3,,,,
2025-10-17 15:00:00+05:30,0.555,8.92,0.0255,23.7,35.6,,,,
2025-10-17 16:00:00+05:30,0.558,8.97,0.0248,23.9,35.8,,,,
2025-10-17 17:00:00+05:30,0.565,9.11,0.0252,24.4,36.5,,,,
2025-10-17 18:00:00+05:30,0.553,8.84,0.0245,23.4,35.2,,,,
2025-10-17 19:00:00+05:30,0.558,8.96,0.0245,23.9,35.8,,,,
2025-10-17 20:00:00+05:30,0.558,8.91,0.0247,23.7,35.6,,,,
2025-10-17 21:00:00+05:30,0.563,9.05,0.0247,24.2,36.2,,,,
2025-10-17 22:00:00+05:30,0.56,9.0,0.0248,24.0,36.0,,,,
2025-10-17 23:00:00+05:30,0.563,9.05,0.0242,24.2,36.3,,,,
2025-10-18 00:00:00+05:30,0.555,8.92,0.0246,23.7,35.6,,,,
2025-10-18 01:00:00+05:30,0.55,8.86,0.0246,23.5,35.3,,,,
2025-10-18 02:00:00+05:30,0.56,8.96,0.0246,23.9,35.8,,,,
2025-10-18 03:00:00+05:30,0.563,9.04,0.0251,24.1,36.2,,,,
2025-10-18 04:00:00+05:30,0.555,8.91,0.0255,23.7,35.6,,,,
2025-10-18 05:00:00+05:30,0.563,9.04,0.0248,24.1,36.2,,,,
2025-10-18 06:00:00+05:30,0.565,9.11,0.0246,24.4,36.5,,,,
2025-10-18 07:00:00+05:30,0.555,8.91,0.0255,23.7,35.6,,,,
2025-10-18 08:00:00+05:30,0.56,9.02,0.0256,24.1,36.1,,,,
2025-10-18 09:00:00+05:30,0.555,8.96,0.0256,23.9,35.8,,,,
2025-10-18 10:00:00+05:30,0.563,9.0,0.0251,24.0,36.0,,,,
2025-10-18 11:00:00+05:30,0.57,9.19,0.0246,24.6,37.0,,,,
2025-10-18 12:00:00+05:30,0.565,9.1,0.0251,24.3,36.5,,,,
2025-10-18 13:00:00+05:30,0.56,8.99,0.0252,24.0,35.9,,,,
2025-10-18 17:00:00+05:30,0.565,9.1,0.0245,24.3,36.5,,,,
2025-10-18 18:00:00+05:30,0.558,8.99,0.0251,24.0,35.9,,,,
2025-10-18 19:00:00+05:30,0.568,9.12,0.0258,24.4,36.6,,,,
2025-10-18 20:00:00+05:30,0.558,8.97,0.0244,23.9,35.8,,,,
2025-10-18 21:00:00+05:30,0.57,9.12,0.024,24.4,36.6,,,,
2025-10-18 22:00:00+05:30,0.558,8.98,0.025,23.9,35.9,,,,
2025-10-18 23:00:00+05:30,0.558,8.96,0.0248,23.9,44.2,,,,
2025-10-19 00:00:00+05:30,0.56,9.03,0.0255,24.1,55.5,,,,
2025-10-19 01:00:00+05:30,0.56,8.99,0.0243,24.0,55.5,,,,
2025-10-19 02:00:00+05:30,0.57,9.2,0.0254,24.6,56.6,,,,
2025-10-19 03:00:00+05:30,0.56,8.95,0.0249,23.9,56.3,,,,
2025-10-19 04:00:00+05:30,0.553,8.89,0.0247,23.6,56.7,,,,
2025-10-19 05:00:00+05:30,0.555,8.93,0.026,23.8,56.4,,,,
2025-10-19 06:00:00+05:30,0.565,9.13,0.025,24.4,55.4,,,,
2025-10-19 07:00:00+05:30,0.565,9.04,0.0256,24.1,56.8,,,,
2025-10-19 08:00:00+05:30,0.56,8.98,0.0253,23.9,56.4,,,,
2025-10-19 09:00:00+05:30,0.553,8.94,0.0258,23.8,57.1,,,,
2025-10-19 10:00:00+05:30,0.56,9.05,0.025,24.1,55.1,,,,
2025-10-19 11:00:00+05:30,0.56,9.04,0.0255,24.1,56.2,,,,
2025-10-19 12:00:00+05:30,0.563,9.07,0.0257,24.2,55.8,,,,
2025-10-19 13:00:00+05:30,0.565,9.02,0.0256,24.1,55.3,,,,
2025-10-19 14:00:00+05:30,0.563,9.1,0.0251,24.3,55.1,,,,
2025-10-19 15:00:00+05:30,0.563,9.05,0.0258,24.1,55.6,,,,
2025-10-19 16:00:00+05:30,0.55,8.81,0.0239,23.4,56.1,,,,
2025-10-19 17:00:00+05:30,0.565,9.02,0.0254,24.1,56.0,,,,
2025-10-19 18:00:00+05:30,0.56,8.98,0.0249,23.9,55.6,,,,
2025-10-19 19:00:00+05:30,0.563,9.06,0.0245,23.9,60.2,,,,
2025-10-19 20:00:00+05:30,0.563,9.03,0.025,24.3,66.1,,,,
2025-10-19 21:00:00+05:30,0.56,9.01,0.025,24.3,66.0,,,,
2025-10-19 22:00:00+05:30,0.553,8.87,0.025,24.1,65.3,,,,
2025-10-19 23:00:00+05:30,0.543,8.72,0.0249,23.7,64.6,,,,
2025-10-20 00:00:00+05:30,0.56,9.01,0.0248,23.9,66.0,,,,
2025-10-20 01:00:00+05:30,0.565,9.07,0.0249,24.1,66.4,,,,
2025-10-20 02:00:00+05:30,0.553,8.89,0.0256,24.4,65.5,,,,
2025-10-20 03:00:00+05:30,0.568,9.14,0.0245,23.4,66.7,,,,
2025-10-20 04:00:00+05:30,0.568,9.17,0.0251,24.3,66.8,,,,
2025-10-20 05:00:00+05:30,0.568,9.15,0.0245,24.2,66.7,,,,
2025-10-20 06:00:00+05:30,0.565,9.06,0.025,23.9,66.3,,,,
2025-10-20 07:00:00+05:30,0.568,9.15,0.0251,24.2,66.7,,,,
2025-10-20 08:00:00+05:30,0.55,8.86,0.0252,24.1,65.3,,,,
2025-10-20 15:00:00+05:30,0.56,9.01,0.0253,24.0,66.0,,,,
2025-10-20 16:00:00+05:30,0.565,9.04,0.0248,24.1,66.2,,,,
2025-10-20 17:00:00+05:30,0.563,8.98,0.0247,23.9,65.9,,,,
2025-10-20 18:00:00+05:30,0.563,9.0,0.0255,24.0,66.0,,,,
2025-10-20 19:00:00+05:30,0.558,8.99,0.0251,24.0,66.0,,,,
2025-10-20 20:00:00+05:30,0.567,9.09,0.0254,24.3,66.4,,,,
2025-10-20 23:00:00+05:30,0.563,8.95,0.0242,24.1,102.0,,,,
2025-10-21 00:00:00+05:30,0.56,8.92,0.0256,23.2,116.0,,,,
2025-10-21 01:00:00+05:30,0.57,8.97,0.0247,23.6,141.0,,,,
2025-10-21 02:00:00+05:30,0.565,9.02,0.0254,24.2,143.0,,,,
2025-10-21 03:00:00+05:30,0.555,8.86,0.0256,24.1,142.0,,,,
2025-10-21 04:00:00+05:30,0.568,9.19,0.0248,24.0,142.0,,,,
2025-10-21 05:00:00+05:30,0.577,9.11,0.0246,24.2,103.0,,,,
2025-10-21 06:00:00+05:30,0.563,9.14,0.0254,24.4,96.7,,,,
2025-10-21 07:00:00+05:30,0.56,9.09,0.0256,24.3,96.4,,,,
2025-10-21 08:00:00+05:30,0.558,9.22,0.0249,24.7,97.1,,,,
2025-10-21 09:00:00+05:30,0.56,8.92,0.0247,23.7,95.6,,,,
2025-10-21 10:00:00+05:30,0.56,9.05,0.0248,24.2,96.3,,,,
2025-10-21 11:00:00+05:30,0.56,8.94,0.0249,23.8,95.7,,,,
2025-10-21 12:00:00+05:30,0.555,9.04,0.0248,24.1,96.2,,,,
2025-10-21 13:00:00+05:30,0.565,8.84,0.0254,23.5,82.1,,,,
2025-10-21 14:00:00+05:30,0.568,9.04,0.0252,24.1,76.4,,,,
2025-10-21 15:00:00+05:30,0.56,9.07,0.0245,24.2,76.1,,,,
2025-10-21 16:00:00+05:30,0.563,9.11,0.0255,24.4,76.0,,,,
2025-10-21 17:00:00+05:30,0.56,9.05,0.0251,24.2,76.2,,,,
2025-10-21 18:00:00+05:30,0.56,8.92,0.0252,23.7,75.9,,,,
2025-10-21 19:00:00+05:30,0.57,8.92,0.0251,24.0,74.2,,,,
2025-10-21 20:00:00+05:30,0.565,9.07,0.025,23.8,65.6,,,,
2025-10-21 21:00:00+05:30,0.553,8.9,0.025,24.7,67.1,,,,
2025-10-22 00:00:00+05:30,0.56,9.01,0.0252,24.0,66.1,,,,
2025-10-22 01:00:00+05:30,0.55,8.84,0.0263,24.0,66.0,,,,
2025-10-22 02:00:00+05:30,0.563,9.02,0.025,24.0,66.0,,,,
2025-10-22 03:00:00+05:30,0.56,9.01,0.0254,24.1,66.2,,,,
2025-10-22 04:00:00+05:30,0.568,9.15,0.0255,24.5,66.8,,,,
2025-10-22 05:00:00+05:30,0.565,9.08,0.0243,23.9,65.8,,,,
2025-10-22 06:00:00+05:30,0.558,8.96,0.0255,24.1,66.1,,,,
2025-10-22 07:00:00+05:30,0.565,9.08,0.0248,23.9,65.9,,,,
2025-10-22 08:00:00+05:30,0.558,8.96,0.0246,24.2,66.2,,,,
2025-10-22 09:00:00+05:30,0.568,9.13,0.0255,23.6,65.4,,,,
2025-10-22 10:00:00+05:30,0.563,9.05,0.0252,23.7,65.5,,,,
2025-10-22 11:00:00+05:30,0.553,8.9,0.0255,23.8,65.7,,,,
2025-10-22 12:00:00+05:30,0.555,8.94,0.0257,23.8,65.7,,,,
2025-10-22 13:00:00+05:30,0.553,8.87,0.0249,23.8,65.8,,,,
2025-10-22 14:00:00+05:30,0.56,8.99,0.0245,24.2,66.4,,,,
2025-10-22 15:00:00+05:30,0.555,8.95,0.0253,23.3,64.9,,,,
2025-10-22 16:00:00+05:30,0.57,9.16,0.0245,24.2,66.3,,,,
2025-10-22 17:00:00+05:30,0.555,8.9,0.0255,23.5,65.2,,,,
2025-10-22 18:00:00+05:30,0.563,9.05,0.0253,23.5,65.2,,,,
2025-10-22 19:00:00+05:30,0.558,8.93,0.025,24.1,66.2,,,,
2025-10-22 20:00:00+05:30,0.558,8.95,0.0247,23.7,65.5,,,,
2025-10-22 21:00:00+05:30,0.553,8.9,0.0246,23.8,65.8,,,,
2025-10-22 22:00:00+05:30,0.563,9.07,0.0253,24.4,66.6,,,,
2025-10-22 23:00:00+05:30,0.545,8.79,0.0248,23.9,65.9,,,,
2025-10-23 00:00:00+05:30,0.57,9.18,0.0256,23.7,65.6,,,,
2025-10-23 01:00:00+05:30,0.555,8.9,0.0258,23.7,65.6,,,,
2025-10-23 02:00:00+05:30,0.56,9.0,0.025,23.5,65.2,,,,
2025-10-23 03:00:00+05:30,0.558,8.97,0.0245,23.8,65.7,,,,
2025-10-23 04:00:00+05:30,0.558,8.95,0.0248,24.4,66.6,,,,
2025-10-23 05:00:00+05:30,0.568,9.15,0.0249,23.9,65.8,,,,
2025-10-23 06:00:00+05:30,0.56,8.99,0.0249,24.0,66.0,,,,
2025-10-23 07:00:00+05:30,0.563,9.03,0.0251,23.7,65.5,,,,
2025-10-23 08:00:00+05:30,0.555,8.93,0.0253,24.1,66.1,,,,
2025-10-23 09:00:00+05:30,0.56,8.98,0.0251,23.8,65.7,,,,
2025-10-23 10:00:00+05:30,0.558,8.97,0.0256,23.8,65.7,,,,
2025-10-23 11:00:00+05:30,0.553,8.92,0.0255,24.1,66.1,,,,
2025-10-23 12:00:00+05:30,0.558,8.96,0.0252,24.0,66.1,,,,
2025-10-23 13:00:00+05:30,0.57,9.17,0.0251,23.9,65.9,,,,
2025-10-23 14:00:00+05:30,0.563,9.02,0.0245,24.3,66.4,,,,
2025-10-23 15:00:00+05:30,0.553,8.87,0.0248,24.2,66.3,,,,
2025-10-23 16:00:00+05:30,0.56,8.99,0.025,23.9,65.9,,,,
2025-10-23 17:00:00+05:30,0.555,8.91,0.0249,24.9,67.3,,,,
2025-10-23 18:00:00+05:30,0.56,8.98,0.0259,23.9,65.9,,,,
2025-10-23 19:00:00+05:30,0.548,8.81,0.025,23.9,65.9,,,,
2025-10-23 20:00:00+05:30,0.563,9.02,0.0245,23.7,65.6,,,,
2025-10-23 21:00:00+05:30,0.57,9.15,0.025,24.0,66.0,,,,
2025-10-23 22:00:00+05:30,0.563,9.04,0.0254,24.0,66.0,,,,
2025-10-23 23:00:00+05:30,0.56,9.03,0.0246,23.9,65.9,,,,
2025-10-24 00:00:00+05:30,0.565,9.05,0.0255,23.3,64.9,,,,
2025-10-24 01:00:00+05:30,0.55,8.81,0.0256,24.0,65.9,,,,
2025-10-24 02:00:00+05:30,0.56,8.99,0.0249,23.8,65.7,,,,
2025-10-24 03:00:00+05:30,0.563,8.99,0.0256,24.0,66.0,,,,
2025-10-24 04:00:00+05:30,0.56,8.99,0.0252,24.1,66.1,,,,
2025-10-24 05:00:00+05:30,0.555,8.87,0.0248,24.0,65.9,,,,
2025-10-24 06:00:00+05:30,0.563,9.04,0.0252,23.8,65.7,,,,
2025-10-24 07:00:00+05:30,0.558,8.95,0.0248,23.7,65.6,,,,
2025-10-24 08:00:00+05:30,0.558,8.91,0.0248,24.1,66.1,,,,
2025-10-24 09:00:00+05:30,0.55,8.85,0.0249,23.7,65.6,,,,
2025-10-24 10:00:00+05:30,0.568,9.16,0.0247,23.7,65.6,,,,
2025-10-24 11:00:00+05:30,0.557,8.94,0.0246,24.2,66.3,,,,
2025-10-24 12:00:00+05:30,0.558,8.96,0.0253,23.8,65.7,,,,
2025-10-24 13:00:00+05:30,0.568,9.15,0.0258,23.8,65.7,,,,
2025-10-24 14:00:00+05:30,0.565,9.06,0.0255,23.7,65.6,,,,
2025-10-24 15:00:00+05:30,0.563,9.03,0.0253,24.3,66.4,,,,
2025-10-24 16:00:00+05:30,0.565,9.09,0.025,24.0,66.0,,,,
2025-10-24 17:00:00+05:30,0.563,9.03,0.0252,24.0,65.9,,,,
2025-10-24 18:00:00+05:30,0.558,8.91,0.0249,23.9,65.8,,,,
2025-10-24 19:00:00+05:30,0.558,8.97,0.025,23.5,65.2,,,,
2025-10-24 20:00:00+05:30,0.553,8.91,0.0248,24.2,66.3,,,,
2025-10-24 21:00:00+05:30,0.553,8.87,0.025,24.2,66.2,,,,
2025-10-24 22:00:00+05:30,0.56,9.02,0.0251,23.6,65.4,,,,
2025-10-24 23:00:00+05:30,0.563,9.02,0.0251,23.8,65.7,,,,
2025-10-25 00:00:00+05:30,0.555,8.92,0.0251,23.6,65.4,,,,
2025-10-25 01:00:00+05:30,0.57,9.12,0.0246,23.3,65.0,,,,
2025-10-25 02:00:00+05:30,0.565,9.08,0.025,23.9,65.8,,,,
2025-10-25 03:00:00+05:30,0.56,9.03,0.0246,24.0,66.0,,,,
2025-10-25 04:00:00+05:30,0.565,9.1,0.0247,24.3,66.4,,,,
2025-10-25 05:00:00+05:30,0.555,8.9,0.0252,23.2,64.8,,,,
2025-10-25 06:00:00+05:30,0.553,8.88,0.0256,23.5,65.2,,,,
2025-10-25 07:00:00+05:30,0.558,8.93,0.0246,24.4,66.6,,,,
2025-10-25 08:00:00+05:30,0.55,8.84,0.0259,23.9,65.8,,,,
2025-10-25 09:00:00+05:30,0.555,8.94,0.0251,23.9,65.8,,,,
2025-10-25 10:00:00+05:30,0.563,9.02,0.0248,24.2,66.3,,,,
2025-10-25 11:00:00+05:30,0.545,8.75,0.025,23.2,64.8,,,,
2025-10-25 12:00:00+05:30,0.56,8.99,0.0255,24.0,66.1,,,,
2025-10-25 13:00:00+05:30,0.553,8.91,0.0256,23.8,65.8,,,,
2025-10-25 15:00:00+05:30,0.56,8.96,0.026,23.9,65.8,,,,
2025-10-25 16:00:00+05:30,0.563,9.04,0.0258,24.2,66.2,,,,
2025-10-25 17:00:00+05:30,0.57,9.16,0.0251,24.5,66.8,,,,
2025-10-25 18:00:00+05:30,0.563,9.1,0.0248,24.3,66.5,,,,
2025-10-25 19:00:00+05:30,0.565,9.04,0.025,24.1,66.2,,,,
2025-10-25 20:00:00+05:30,0.568,9.08,0.025,24.3,66.4,,,,
2025-10-25 21:00:00+05:30,0.568,9.13,0.0251,24.4,66.6,,,,
2025-10-25 22:00:00+05:30,0.558,8.94,0.0242,23.8,65.7,,,,
2025-10-25 23:00:00+05:30,0.555,8.94,0.0255,23.8,65.7,,,,
2025-10-26 00:00:00+05:30,0.555,8.93,0.0234,23.8,65.6,,,,
2025-10-26 01:00:00+05:30,0.555,8.93,0.0256,23.8,65.6,,,,
2025-10-26 02:00:00+05:30,0.555,8.9,0.0248,23.7,65.5,,,,
2025-10-26 03:00:00+05:30,0.55,8.88,0.0246,23.6,65.4,,,,
2025-10-26 04:00:00+05:30,0.555,8.92,0.0253,23.7,65.6,,,,
2025-10-26 05:00:00+05:30,0.555,8.93,0.0248,23.8,65.7,,,,
2025-10-26 06:00:00+05:30,0.555,8.89,0.0257,23.6,65.4,,,,
2025-10-26 07:00:00+05:30,0.563,9.02,0.0249,24.0,66.1,,,,
2025-10-26 08:00:00+05:30,0.56,9.04,0.0254,24.1,66.2,,,,
2025-10-26 09:00:00+05:30,0.558,8.95,0.025,23.8,65.8,,,,
2025-10-26 10:00:00+05:30,0.57,9.14,0.0251,24.5,66.7,,,,
2025-10-30 05:00:00+05:30,0.56,8.96,0.0249,23.9,65.8,,,,
2025-10-30 07:00:00+05:30,0.563,9.09,0.0252,24.3,66.4,,,,
2025-10-30 08:00:00+05:30,0.55,8.85,0.0251,23.5,65.2,,,,
2025-10-30 09:00:00+05:30,0.565,9.04,0.0253,24.1,66.2,,,,
2025-10-30 10:00:00+05:30,0.565,9.08,0.0245,24.3,66.4,,,,
2025-10-30 11:00:00+05:30,0.56,8.99,0.0257,24.0,65.9,,,,
2025-10-30 12:00:00+05:30,0.558,8.94,0.0249,23.8,65.7,,,,
2025-10-30 13:00:00+05:30,0.565,9.09,0.0249,24.3,66.4,,,,
2025-10-30 14:00:00+05:30,0.565,9.08,0.0254,24.3,66.4,,,,
2025-10-30 15:00:00+05:30,0.56,8.95,0.025,23.8,65.7,,,,
2025-10-30 16:00:00+05:30,0.57,9.14,0.025,24.5,66.7,,,,
2025-10-30 17:00:00+05:30,0.563,9.07,0.0258,24.2,66.3,,,,
2025-10-30 18:00:00+05:30,0.56,9.01,0.0249,24.0,66.1,,,,
2025-10-30 19:00:00+05:30,0.568,9.12,0.0251,24.4,66.6,,,,
2025-10-30 20:00:00+05:30,0.558,8.98,0.0247,23.9,65.9,,,,
2025-10-30 21:00:00+05:30,0.55,8.85,0.0254,23.5,65.3,,,,
2025-10-30 22:00:00+05:30,0.56,8.98,0.0256,23.9,65.9,,,,
2025-10-30 23:00:00+05:30,0.563,9.03,0.0257,24.1,66.2,,,,
2025-10-31 00:00:00+05:30,0.56,8.95,0.025,23.8,65.8,,,,
2025-10-31 01:00:00+05:30,0.555,8.88,0.0256,23.6,65.4,,,,
2025-10-31 02:00:00+05:30,0.563,9.03,0.0253,24.1,66.1,,,,
2025-10-31 03:00:00+05:30,0.558,8.96,0.0252,23.9,65.8,,,,
2025-10-31 04:00:00+05:30,0.55,8.85,0.0253,23.5,65.2,,,,
2025-10-31 06:00:00+05:30,0.563,9.07,0.025,24.2,66.3,,,,
2025-10-31 07:00:00+05:30,0.57,9.11,0.024,24.4,66.6,,,,
2025-10-31 08:00:00+05:30,0.563,9.04,0.0251,24.1,66.2,,,,
2025-10-31 09:00:00+05:30,0.565,9.05,0.0254,24.2,66.3,,,,
2025-10-31 10:00:00+05:30,0.568,9.15,0.0253,24.5,66.8,,,,
2025-10-31 11:00:00+05:30,0.555,8.94,0.0248,23.8,65.7,,,,
2025-10-31 12:00:00+05:30,0.563,8.98,0.0251,23.9,65.9,,,,
2025-10-31 13:00:00+05:30,0.56,9.0,0.0249,24.0,66.0,,,,
2025-10-31 14:00:00+05:30,0.56,9.02,0.0259,24.1,66.1,,,,
2025-10-31 15:00:00+05:30,0.568,9.11,0.0256,24.4,66.6,,,,
2025-10-31 16:00:00+05:30,0.56,8.99,0.0244,24.0,66.0,,,,
2025-10-31 17:00:00+05:30,0.56,9.02,0.0257,24.1,66.1,,,,
2025-10-31 18:00:00+05:30,0.565,9.07,0.0246,24.2,66.4,,,,
2025-10-31 19:00:00+05:30,0.56,8.99,0.025,24.0,65.9,,,,
2025-10-31 20:00:00+05:30,0.558,8.94,0.0246,23.8,65.7,,,,
2025-10-31 21:00:00+05:30,0.555,8.91,0.0248,23.7,65.5,,,,
2025-10-31 22:00:00+05:30,0.563,9.04,0.0254,24.1,66.2,,,,
2025-10-31 23:00:00+05:30,0.557,8.98,0.0251,23.9,65.9,,,,
2025-11-01 00:00:00+05:30,0.56,9.06,0.0251,24.2,66.3,,,,
2025-11-01 01:00:00+05:30,0.56,9.01,0.0248,24.0,66.0,,,,
2025-11-01 02:00:00+05:30,0.56,9.04,0.0251,24.1,66.2,,,,
2025-11-01 03:00:00+05:30,0.57,9.13,0.0251,24.4,66.6,,,,
2025-11-01 04:00:00+05:30,0.56,8.97,0.0236,23.9,65.9,,,,
2025-11-01 06:00:00+05:30,0.545,8.78,0.0246,23.2,64.9,,,,
2025-11-01 07:00:00+05:30,0.56,9.02,0.0247,24.1,66.1,,,,
2025-11-01 08:00:00+05:30,0.558,8.96,0.0244,23.9,65.8,,,,
2025-11-01 09:00:00+05:30,0.563,9.05,0.025,24.2,66.3,,,,
2025-11-01 10:00:00+05:30,0.565,9.09,0.0249,24.3,66.5,,,,
2025-11-01 11:00:00+05:30,0.558,8.97,0.0245,23.9,65.8,,,,
2025-11-01 12:00:00+05:30,0.56,9.02,0.025,24.1,66.1,,,,
2025-11-01 13:00:00+05:30,0.563,9.06,0.0257,24.2,66.3,,,,
2025-11-01 14:00:00+05:30,0.558,8.95,0.0252,23.8,65.8,,,,
2025-11-01 15:00:00+05:30,0.565,9.08,0.0253,24.3,66.4,,,,
2025-11-01 16:00:00+05:30,0.553,8.87,0.0253,23.6,65.4,,,,
2025-11-01 17:00:00+05:30,0.558,8.99,0.0249,23.9,65.9,,,,
2025-11-01 18:00:00+05:30,0.56,9.02,0.0253,24.0,66.1,,,,
2025-11-01 19:00:00+05:30,0.558,9.0,0.0251,24.0,66.0,,,,
2025-11-01 20:00:00+05:30,0.545,8.75,0.0252,23.2,64.8,,,,
2025-11-01 21:00:00+05:30,0.558,8.99,0.025,24.0,65.9,,,,
2025-11-01 22:00:00+05:30,0.55,8.84,0.0249,23.5,65.2,,,,
2025-11-01 23:00:00+05:30,0.568,9.12,0.0255,24.4,66.6,,,,
2025-11-02 00:00:00+05:30,0.575,9.26,0.0252,24.9,67.3,,,,
2025-11-02 01:00:00+05:30,0.555,8.89,0.0249,23.6,65.5,,,,
2025-11-02 02:00:00+05:30,0.558,8.97,0.0249,23.9,65.8,,,,
2025-11-02 03:00:00+05:30,0.568,9.12,0.025,24.4,66.6,,,,
2025-11-02 04:00:00+05:30,0.573,9.2,0.0243,24.7,67.0,,,,
2025-11-02 05:00:00+05:30,0.555,8.94,0.0247,23.8,65.7,,,,
2025-11-02 06:00:00+05:30,0.568,9.08,0.0247,24.3,66.4,,,,
2025-11-02 07:00:00+05:30,0.56,9.02,0.0249,24.1,66.1,,,,
2025-11-02 08:00:00+05:30,0.56,9.04,0.0248,24.1,66.2,,,,
2025-11-02 09:00:00+05:30,0.548,8.84,0.025,23.5,65.2,,,,
2025-11-02 10:00:00+05:30,0.57,9.17,0.0245,24.6,66.8,,,,
2025-11-02 14:00:00+05:30,0.557,8.91,0.0244,23.7,65.5,,,,
2025-11-02 15:00:00+05:30,0.568,9.09,0.0247,24.3,66.5,,,,
2025-11-02 16:00:00+05:30,0.553,8.91,0.0254,23.7,65.5,,,,
2025-11-02 17:00:00+05:30,0.555,8.91,0.0246,23.7,65.6,,,,
2025-11-02 18:00:00+05:30,0.563,9.09,0.0243,24.3,66.5,,,,
2025-11-02 19:00:00+05:30,0.56,9.0,0.0254,24.0,66.0,,,,
2025-11-02 20:00:00+05:30,0.543,8.75,0.0244,23.2,64.8,,,,
2025-11-02 21:00:00+05:30,0.553,8.86,0.0253,23.5,65.3,,,,
2025-11-02 22:00:00+05:30,0.563,9.04,0.0248,24.1,66.2,,,,
2025-11-02 23:00:00+05:30,0.56,8.98,0.0251,24.0,65.9,,,,
2025-11-03 00:00:00+05:30,0.545,8.76,0.025,23.2,64.8,,,,
2025-11-03 02:00:00+05:30,0.55,8.87,0.0262,23.6,65.3,,,,
2025-11-03 03:00:00+05:30,0.56,9.01,0.025,24.0,66.0,,,,
2025-11-03 04:00:00+05:30,0.563,9.08,0.0249,24.3,66.4,,,,
2025-11-03 05:00:00+05:30,0.558,8.96,0.0254,23.9,65.8,,,,
2025-11-03 06:00:00+05:30,0.55,8.88,0.0241,23.6,65.4,,,,
2025-11-03 07:00:00+05:30,0.555,8.9,0.0242,23.7,65.5,,,,
2025-11-03 08:00:00+05:30,0.567,9.05,0.0254,24.2,66.3,,,,
2025-11-03 09:00:00+05:30,0.567,9.11,0.025,24.4,66.5,,,,
2025-11-03 10:00:00+05:30,0.565,9.06,0.0259,24.2,66.3,,,,
2025-11-03 11:00:00+05:30,0.553,8.87,0.025,23.6,65.4,,,,
2025-11-03 14:00:00+05:30,0.575,9.26,0.0246,24.9,67.3,,,,
2025-11-03 15:00:00+05:30,0.558,8.94,0.025,23.8,65.7,,,,
2025-11-03 16:00:00+05:30,0.553,8.91,0.0254,23.7,61.3,,,,
2025-11-03 17:00:00+05:30,0.563,9.07,0.0254,24.3,57.1,,,,
2025-11-03 18:00:00+05:30,0.567,9.13,0.0248,24.4,55.7,,,,
2025-11-03 19:00:00+05:30,0.565,9.1,0.0253,24.3,54.7,,,,
2025-11-03 20:00:00+05:30,0.568,9.12,0.0247,24.4,57.0,,,,
2025-11-04 10:00:00+05:30,0.56,9.05,0.0245,24.2,68.3,,,,
2025-11-04 11:00:00+05:30,0.553,8.87,0.0248,23.6,68.2,,,,
2025-11-04 12:00:00+05:30,0.57,9.18,0.0243,24.6,67.1,,,,
2025-11-04 14:00:00+05:30,0.57,9.12,0.0264,24.4,77.7,,,,
2025-11-04 15:00:00+05:30,0.565,9.09,0.0246,24.3,74.7,,,,
2025-11-04 16:00:00+05:30,0.563,9.07,0.0259,24.3,70.5,,,,
2025-11-04 17:00:00+05:30,0.553,8.91,0.0246,23.7,78.4,,,,
2025-11-04 18:00:00+05:30,0.558,8.95,0.0251,23.8,78.1,,,,
2025-11-04 19:00:00+05:30,0.56,9.06,0.025,24.0,67.3,,,,
2025-11-04 20:00:00+05:30,0.555,8.94,0.025,23.8,62.8,,,,
2025-11-04 21:00:00+05:30,0.558,8.97,0.025,23.9,69.9,,,,
2025-11-04 22:00:00+05:30,0.56,8.96,0.0243,23.9,81.9,,,,
2025-11-05 06:00:00+05:30,0.565,9.05,0.024,24.1,50.2,,,,
2025-11-05 11:00:00+05:30,0.42,6.77,0.0189,18.0,71.8,,,,
2025-11-05 12:00:00+05:30,0.56,9.02,0.0244,24.0,105.0,,,,
2025-11-05 13:00:00+05:30,0.558,9.02,0.0247,24.1,85.6,,,,
2025-11-05 14:00:00+05:30,0.558,8.98,0.0247,23.9,79.9,,,,
2025-11-05 15:00:00+05:30,0.565,9.07,0.025,24.2,66.1,,,,
2025-11-05 16:00:00+05:30,0.553,8.85,0.0245,23.5,59.3,,,,
2025-11-05 17:00:00+05:30,0.55,8.83,0.0256,23.4,54.6,,,,
2025-11-05 18:00:00+05:30,0.56,9.0,0.0248,24.0,49.9,,,,
2025-11-05 19:00:00+05:30,0.56,9.03,0.0247,24.1,47.5,,,,
2025-11-05 20:00:00+05:30,0.567,9.14,0.0258,24.5,52.3,,,,
2025-11-05 21:00:00+05:30,0.563,9.05,0.0251,24.2,58.0,,,,
2025-11-05 22:00:00+05:30,0.563,9.02,0.0255,24.1,62.6,,,,
2025-11-05 23:00:00+05:30,0.565,9.09,0.0252,24.3,67.4,,,,
2025-11-06 00:00:00+05:30,0.56,9.06,0.0258,24.2,66.5,,,,
2025-11-06 01:00:00+05:30,0.555,8.91,0.0255,23.7,76.3,,,,
2025-11-06 02:00:00+05:30,0.565,9.06,0.0245,24.2,83.6,,,,
2025-11-06 03:00:00+05:30,0.553,8.84,0.0242,23.4,95.7,,,,
2025-11-06 04:00:00+05:30,0.56,9.0,0.0252,24.0,102.0,,,,
2025-11-06 05:00:00+05:30,0.548,8.79,0.0244,23.3,109.0,,,,
2025-11-06 06:00:00+05:30,0.57,9.17,0.0246,24.6,118.0,,,,
2025-11-06 07:00:00+05:30,0.565,9.08,0.0258,24.2,120.0,,,,
2025-11-06 08:00:00+05:30,0.56,9.0,0.0253,24.0,121.0,,,,
2025-11-06 09:00:00+05:30,0.563,9.03,0.0249,24.1,127.0,,,,
2025-11-06 10:00:00+05:30,0.56,8.97,0.0248,23.9,129.0,,,,
2025-11-06 11:00:00+05:30,0.553,8.89,0.025,23.7,125.0,,,,
2025-11-06 12:00:00+05:30,0.56,9.0,0.0253,24.0,117.0,,,,
2025-11-06 13:00:00+05:30,0.563,9.04,0.0256,24.1,99.4,,,,
2025-11-06 14:00:00+05:30,0.563,9.02,0.0258,24.1,81.2,,,,
2025-11-06 15:00:00+05:30,0.55,8.84,0.0259,23.5,74.2,,,,
2025-11-06 16:00:00+05:30,0.57,9.18,0.0245,24.6,70.0,,,,
2025-11-06 18:00:00+05:30,0.56,8.99,0.025,24.0,,,,,
2025-11-06 19:00:00+05:30,0.555,8.9,0.0248,23.7,62.7,,,,
2025-11-06 20:00:00+05:30,0.56,9.01,0.0251,24.0,60.9,,,,
2025-11-06 21:00:00+05:30,0.563,9.08,0.025,24.3,62.1,,,,
2025-11-06 22:00:00+05:30,0.563,9.02,0.0249,24.1,60.9,,,,
2025-11-06 23:00:00+05:30,0.565,9.06,0.0254,24.2,60.8,,,,
2025-11-07 00:00:00+05:30,0.56,8.97,0.0254,23.9,63.1,,,,
2025-11-07 01:00:00+05:30,0.56,9.0,0.0249,24.0,61.7,,,,
2025-11-07 02:00:00+05:30,0.558,8.96,0.025,23.9,62.2,,,,
2025-11-07 03:00:00+05:30,0.56,8.99,0.0244,24.0,63.2,,,,
2025-11-07 04:00:00+05:30,0.555,8.88,0.0246,23.6,63.8,,,,
2025-11-07 05:00:00+05:30,0.56,9.0,0.0244,24.0,65.9,,,,
2025-11-07 06:00:00+05:30,0.563,9.06,0.0251,24.2,65.8,,,,
2025-11-07 07:00:00+05:30,0.55,8.85,0.0253,23.5,63.8,,,,
2025-11-07 11:00:00+05:30,0.56,8.94,0.0249,23.8,69.5,,,,
2025-11-07 12:00:00+05:30,0.565,9.06,0.0246,24.2,71.2,,,,
2025-11-07 13:00:00+05:30,0.555,8.91,0.0248,23.7,71.5,,,,
2025-11-07 14:00:00+05:30,0.558,8.99,0.0251,24.0,70.7,,,,
2025-11-07 15:00:00+05:30,0.555,8.92,0.0249,23.7,68.2,,,,
2025-11-07 16:00:00+05:30,0.568,9.1,0.0249,24.3,67.6,,,,
2025-11-07 17:00:00+05:30,0.553,8.88,0.0246,23.6,66.4,,,,
2025-11-07 18:00:00+05:30,0.555,8.92,0.0252,23.7,60.4,,,,
2025-11-07 19:00:00+05:30,0.56,9.03,0.025,24.1,63.3,,,,
2025-11-07 20:00:00+05:30,0.56,9.01,0.0251,24.0,65.8,,,,
2025-11-07 21:00:00+05:30,0.56,9.01,0.0244,24.0,66.2,,,,
2025-11-07 22:00:00+05:30,0.565,9.07,0.0251,24.2,68.2,,,,
2025-11-07 23:00:00+05:30,0.555,8.86,0.0253,23.5,68.1,,,,
2025-11-08 00:00:00+05:30,0.55,8.82,0.0248,23.4,67.4,,,,
2025-11-08 01:00:00+05:30,0.56,9.0,0.0257,24.0,72.3,,,,
2025-11-08 02:00:00+05:30,0.55,8.86,0.0252,23.5,71.6,,,,
2025-11-08 03:00:00+05:30,0.57,9.16,0.0247,24.5,70.3,,,,
2025-11-08 04:00:00+05:30,0.555,8.91,0.0249,23.7,67.7,,,,
2025-11-08 05:00:00+05:30,0.558,8.95,0.0249,23.8,63.0,,,,
2025-11-08 06:00:00+05:30,0.563,9.05,0.0248,24.2,64.9,,,,
2025-11-08 07:00:00+05:30,0.55,8.83,0.0244,23.4,66.3,,,,
2025-11-08 08:00:00+05:30,0.55,8.86,0.0254,23.5,64.8,,,,
2025-11-08 09:00:00+05:30,0.553,8.86,0.0244,23.5,68.5,,,,
2025-11-08 10:00:00+05:30,0.56,8.98,0.0244,23.9,75.6,,,,
2025-11-08 11:00:00+05:30,0.558,8.97,0.0253,23.9,76.1,,,,
2025-11-08 16:00:00+05:30,0.53,8.57,0.0243,22.6,94.3,,,,
2025-11-08 17:00:00+05:30,0.548,8.84,0.025,23.5,92.2,,,,
2025-11-08 18:00:00+05:30,0.56,8.97,0.0251,23.9,88.7,,,,
2025-11-08 19:00:00+05:30,0.553,8.89,0.0249,23.6,88.6,,,,
2025-11-08 20:00:00+05:30,0.555,8.95,0.0249,23.8,90.1,,,,
2025-11-08 21:00:00+05:30,0.563,9.04,0.0253,24.1,89.9,,,,
2025-11-08 22:00:00+05:30,0.555,8.89,0.0249,23.6,87.3,,,,
2025-11-08 23:00:00+05:30,0.558,8.98,0.0255,23.9,85.8,,,,
2025-11-09 00:00:00+05:30,0.555,8.86,0.0249,23.5,85.2,,,,
2025-11-09 01:00:00+05:30,0.57,9.15,0.0249,24.5,89.1,,,,
2025-11-09 02:00:00+05:30,0.563,9.08,0.0245,24.3,87.1,,,,
2025-11-09 03:00:00+05:30,0.563,9.02,0.0256,24.1,84.6,,,,
2025-11-09 04:00:00+05:30,0.558,8.96,0.0254,23.9,83.6,,,,
2025-11-09 05:00:00+05:30,0.555,8.94,0.0249,23.8,80.8,,,,
2025-11-09 06:00:00+05:30,0.563,9.01,0.0251,24.0,78.6,,,,
2025-11-09 07:00:00+05:30,0.55,8.79,0.0252,23.3,81.4,,,,
2025-11-09 08:00:00+05:30,0.565,9.06,0.0257,24.2,82.8,,,,
2025-11-09 09:00:00+05:30,0.56,8.96,0.0257,23.9,85.2,,,,
2025-11-09 10:00:00+05:30,0.57,9.14,0.0246,24.5,90.7,,,,
2025-11-09 11:00:00+05:30,0.565,9.12,0.0255,24.4,91.1,,,,
2025-11-09 12:00:00+05:30,0.57,9.17,0.0248,24.6,90.2,,,,
2025-11-09 13:00:00+05:30,0.565,9.09,0.025,24.3,93.2,,,,
2025-11-09 14:00:00+05:30,0.563,9.05,0.0251,24.2,93.1,,,,
2025-11-09 15:00:00+05:30,0.555,8.9,0.0252,23.7,89.0,,,,
2025-11-09 16:00:00+05:30,0.563,9.03,0.0249,24.1,87.3,,,,
2025-11-09 17:00:00+05:30,0.565,9.08,0.0244,24.3,80.9,,,,
2025-11-09 18:00:00+05:30,0.568,9.09,0.0256,24.3,73.8,,,,
2025-11-09 19:00:00+05:30,0.56,9.0,0.0253,24.0,74.2,,,,
2025-11-09 20:00:00+05:30,0.56,8.97,0.0244,23.9,72.5,,,,
2025-11-09 21:00:00+05:30,0.563,9.04,0.0253,24.1,78.2,,,,
2025-11-09 22:00:00+05:30,0.563,9.01,0.0259,24.0,83.0,,,,
2025-11-09 23:00:00+05:30,0.56,9.0,0.0251,24.0,83.5,,,,
2025-11-10 00:00:00+05:30,0.56,8.97,0.0258,23.9,83.3,,,,
2025-11-10 01:00:00+05:30,0.56,8.99,0.0259,24.0,82.7,,,,
2025-11-10 02:00:00+05:30,0.56,9.0,0.0248,24.0,80.3,,,,
2025-11-10 03:00:00+05:30,0.573,9.19,0.0255,24.6,76.2,,,,
2025-11-10 04:00:00+05:30,0.565,9.05,0.0252,24.2,79.4,,,,
2025-11-10 05:00:00+05:30,0.57,9.18,0.0249,24.6,82.8,,,,
2025-11-10 06:00:00+05:30,0.553,8.89,0.0244,23.6,80.7,,,,
2025-11-10 07:00:00+05:30,0.568,9.11,0.025,24.3,79.3,,,,
2025-11-10 08:00:00+05:30,0.555,8.94,0.0251,23.8,82.2,,,,
2025-11-10 09:00:00+05:30,0.56,9.01,0.0248,24.0,84.3,,,,
2025-11-10 10:00:00+05:30,0.575,9.24,0.025,24.8,85.4,,,,
2025-11-10 11:00:00+05:30,0.55,8.83,0.0247,23.4,84.5,,,,
2025-11-10 19:00:00+05:30,0.56,9.07,0.0244,24.2,98.9,,,,
2025-11-10 20:00:00+05:30,0.55,8.89,0.0239,23.6,102.0,,,,
2025-11-10 21:00:00+05:30,0.568,9.09,0.0247,24.3,103.0,,,,
2025-11-10 22:00:00+05:30,0.55,8.87,0.0247,23.6,108.0,,,,
2025-11-10 23:00:00+05:30,0.56,8.99,0.025,24.0,113.0,,,,
2025-11-11 00:00:00+05:30,0.57,9.13,0.025,24.4,115.0,,,,
2025-11-11 01:00:00+05:30,0.57,9.14,0.0241,24.5,116.0,,,,
2025-11-11 02:00:00+05:30,0.55,8.88,0.0247,23.6,115.0,,,,
2025-11-11 03:00:00+05:30,0.565,9.05,0.0258,24.2,116.0,,,,
2025-11-11 04:00:00+05:30,0.573,9.21,0.0253,24.7,112.0,,,,
2025-11-11 05:00:00+05:30,0.563,9.01,0.0248,24.0,105.0,,,,
2025-11-11 06:00:00+05:30,0.56,9.01,0.0254,24.0,105.0,,,,
2025-11-11 07:00:00+05:30,0.565,9.11,0.025,24.4,105.0,,,,
2025-11-11 08:00:00+05:30,0.55,8.86,0.025,23.5,103.0,,,,
2025-11-11 11:00:00+05:30,0.57,9.1,0.0249,24.3,109.0,,,,
2025-11-11 12:00:00+05:30,0.555,8.93,0.0251,23.8,111.0,,,,
2025-11-11 13:00:00+05:30,0.558,8.96,0.0246,23.9,108.0,,,,
2025-11-11 14:00:00+05:30,0.565,9.06,0.0254,24.2,96.8,,,,
2025-11-11 15:00:00+05:30,0.575,9.24,0.0259,24.8,92.8,,,,
2025-11-11 16:00:00+05:30,0.563,9.06,0.0248,24.2,86.3,,,,
2025-11-11 17:00:00+05:30,0.555,8.92,0.0251,23.7,82.7,,,,
2025-11-11 18:00:00+05:30,0.563,9.02,0.025,24.1,77.4,,,,
2025-11-11 19:00:00+05:30,0.555,8.9,0.0249,23.7,73.6,,,,
2025-11-11 20:00:00+05:30,0.558,8.94,0.0245,23.8,74.0,,,,
2025-11-11 21:00:00+05:30,0.548,8.79,0.0251,23.3,75.4,,,,
2025-11-11 22:00:00+05:30,0.555,8.88,0.0253,23.6,78.0,,,,
2025-11-11 23:00:00+05:30,0.56,9.03,0.0253,24.1,81.4,,,,
2025-11-12 00:00:00+05:30,0.56,8.97,0.0247,23.9,83.3,,,,
2025-11-12 01:00:00+05:30,0.565,9.12,0.0252,24.4,87.2,,,,
2025-11-12 02:00:00+05:30,0.558,8.97,0.0246,23.9,88.3,,,,
2025-11-12 03:00:00+05:30,0.555,8.93,0.0249,23.8,88.1,,,,
2025-11-12 04:00:00+05:30,0.573,9.19,0.0253,24.6,89.4,,,,
2025-11-12 05:00:00+05:30,0.563,9.02,0.0245,24.1,92.6,,,,
2025-11-12 06:00:00+05:30,0.545,8.73,0.025,23.1,92.4,,,,
2025-11-12 07:00:00+05:30,0.28,4.46,0.0122,11.9,46.2,,,,
2025-11-12 08:00:00+05:30,0.568,9.11,0.0251,24.4,94.4,,,,
2025-11-12 11:00:00+05:30,0.56,9.03,0.0251,24.1,110.0,,,,
2025-11-12 12:00:00+05:30,0.568,9.06,0.0253,24.2,116.0,,,,
2025-11-12 13:00:00+05:30,0.568,9.06,0.0242,24.2,124.0,,,,
2025-11-12 14:00:00+05:30,0.563,9.05,0.025,24.2,125.0,,,,
2025-11-12 15:00:00+05:30,0.568,9.15,0.0252,24.5,111.0,,,,
2025-11-12 16:00:00+05:30,0.553,8.87,0.0251,23.6,73.4,,,,
2025-11-12 17:00:00+05:30,0.56,9.01,0.0247,24.0,64.3,,,,
2025-11-12 18:00:00+05:30,0.56,8.96,0.025,23.9,54.2,,,,
2025-11-12 19:00:00+05:30,0.558,8.96,0.025,23.8,45.9,,,,
2025-11-12 20:00:00+05:30,0.56,9.03,0.0262,24.1,48.1,,,,
2025-11-12 21:00:00+05:30,0.565,9.11,0.0243,24.4,47.7,,,,
2025-11-12 22:00:00+05:30,0.563,9.05,0.0254,24.2,46.6,,,,
2025-11-12 23:00:00+05:30,0.553,8.88,0.0253,23.6,46.7,,,,
2025-11-13 00:00:00+05:30,0.56,8.93,0.0244,23.8,51.1,,,,
2025-11-13 10:00:00+05:30,0.567,9.1,0.0251,24.3,62.0,,,,
2025-11-13 11:00:00+05:30,0.578,9.26,0.0257,24.9,62.6,,,,
2025-11-13 12:00:00+05:30,0.563,9.06,0.0258,24.2,64.6,,,,
2025-11-13 13:00:00+05:30,0.563,9.04,0.0255,24.1,66.7,,,,
2025-11-13 14:00:00+05:30,0.565,9.11,0.0255,24.3,61.2,,,,
2025-11-13 15:00:00+05:30,0.558,8.94,0.0258,23.8,56.8,,,,
2025-11-13 16:00:00+05:30,0.56,8.96,0.0245,23.9,50.3,,,,
2025-11-13 17:00:00+05:30,0.56,8.99,0.0248,24.0,48.3,,,,
2025-11-13 18:00:00+05:30,0.563,9.02,0.0251,24.1,47.1,,,,
2025-11-13 19:00:00+05:30,0.563,9.07,0.0246,24.2,43.2,,,,
2025-11-13 20:00:00+05:30,0.563,9.03,0.0249,24.1,39.2,,,,
2025-11-13 21:00:00+05:30,0.563,9.05,0.025,24.2,38.7,,,,
2025-11-13 22:00:00+05:30,0.555,8.92,0.0242,23.7,42.4,,,,
2025-11-13 23:00:00+05:30,0.555,8.93,0.0252,23.7,47.0,,,,
2025-11-14 00:00:00+05:30,0.545,8.73,0.0251,23.1,48.9,,,,
2025-11-14 02:00:00+05:30,0.555,8.95,0.024,23.8,50.2,,,,
2025-11-14 03:00:00+05:30,0.558,8.94,0.0247,23.8,49.1,,,,
2025-11-14 04:00:00+05:30,0.553,8.89,0.0253,23.6,47.5,,,,
2025-11-14 05:00:00+05:30,0.553,8.92,0.0251,23.7,44.5,,,,
2025-11-14 06:00:00+05:30,0.565,9.02,0.0262,24.1,41.4,,,,
2025-11-14 11:00:00+05:30,0.54,8.71,0.0236,23.0,55.0,,,,
2025-11-14 12:00:00+05:30,0.558,8.97,0.0249,23.9,52.8,,,,
2025-11-14 13:00:00+05:30,0.558,8.95,0.0254,23.8,50.0,,,,
2025-11-14 14:00:00+05:30,0.55,8.87,0.0247,23.6,50.9,,,,
2025-11-14 15:00:00+05:30,0.565,9.08,0.0248,24.2,49.6,,,,
2025-11-14 16:00:00+05:30,0.56,9.03,0.0249,24.1,47.0,,,,
2025-11-14 17:00:00+05:30,0.568,9.12,0.025,24.4,41.0,,,,
2025-11-14 18:00:00+05:30,0.555,8.91,0.0259,23.7,34.6,,,,
2025-11-14 19:00:00+05:30,0.563,9.01,0.0255,24.0,36.8,,,,
2025-11-14 20:00:00+05:30,0.55,8.88,0.0253,23.6,45.8,,,,
2025-11-14 21:00:00+05:30,0.56,9.0,0.0251,24.0,48.2,,,,
2025-11-14 22:00:00+05:30,0.558,8.95,0.025,23.8,50.1,,,,
2025-11-14 23:00:00+05:30,0.563,9.03,0.0251,24.1,51.3,,,,
2025-11-15 00:00:00+05:30,0.565,9.06,0.0254,24.2,55.3,,,,
2025-11-15 01:00:00+05:30,0.555,8.93,0.025,23.8,58.1,,,,
2025-11-15 02:00:00+05:30,0.558,8.93,0.0246,23.8,57.3,,,,
2025-11-15 03:00:00+05:30,0.558,8.99,0.0248,24.0,53.8,,,,
2025-11-15 04:00:00+05:30,0.57,9.19,0.0243,24.6,50.1,,,,
2025-11-15 05:00:00+05:30,0.56,9.04,0.0252,24.1,46.8,,,,
2025-11-15 06:00:00+05:30,0.5575,8.94,0.0251,23.8,44.7,,,,
2025-11-15 07:00:00+05:30,0.568,9.16,0.0246,24.5,,,,,
2025-11-15 08:00:00+05:30,0.558,8.97,0.0242,23.9,,,,,
2025-11-15 09:00:00+05:30,0.573,9.19,0.0246,24.6,,,,,
2025-11-15 10:00:00+05:30,0.56,8.96,0.0251,23.9,,,,,
2025-11-15 11:00:00+05:30,0.555,8.95,0.0247,23.8,,,,,
2025-11-15 12:00:00+05:30,0.565,9.07,0.0247,24.2,,,,,
2025-11-15 13:00:00+05:30,0.56,8.96,0.025,23.9,,,,,
2025-11-15 14:00:00+05:30,0.563,9.01,0.0246,24.0,,,,,
2025-11-15 15:00:00+05:30,0.57,9.18,0.0252,24.6,,,,,
2025-11-15 16:00:00+05:30,0.563,9.06,0.0251,24.2,,,,,
2025-11-15 17:00:00+05:30,0.56,9.05,0.0248,24.2,,,,,
2025-11-15 18:00:00+05:30,0.558,8.95,0.025,23.8,,,,,
2025-11-15 19:00:00+05:30,0.573,9.18,0.025,24.6,,,,,
2025-11-15 20:00:00+05:30,0.555,8.93,0.0243,23.8,,,,,
2025-11-15 21:00:00+05:30,0.563,9.02,0.0246,24.1,,,,,
2025-11-15 22:00:00+05:30,0.563,9.04,0.0249,24.1,,,,,
2025-11-15 23:00:00+05:30,0.563,9.05,0.0255,24.2,,,,,
2025-11-16 05:00:00+05:30,0.55,8.9,0.025,23.7,,,,,
2025-11-16 06:00:00+05:30,0.553,8.93,0.0254,23.7,,,,,
2025-11-16 07:00:00+05:30,0.555,9.07,0.0251,23.7,,,,,
2025-11-16 08:00:00+05:30,0.553,8.93,0.0249,23.5,,,,,
2025-11-16 09:00:00+05:30,0.555,8.91,0.0248,23.8,,,,,
2025-11-16 10:00:00+05:30,0.568,9.04,0.0249,24.4,,,,,
2025-11-16 11:00:00+05:30,0.565,9.1,0.0248,24.3,,,,,
2025-11-16 12:00:00+05:30,0.568,8.92,0.0258,24.3,,,,,
2025-11-16 13:00:00+05:30,0.553,9.02,0.0248,23.6,,,,,
2025-11-16 14:00:00+05:30,0.565,9.0,0.0249,24.3,,,,,
2025-11-16 15:00:00+05:30,0.555,9.05,0.0253,23.7,,,,,
2025-11-16 16:00:00+05:30,0.565,9.02,0.0257,24.3,,,,,
2025-11-16 17:00:00+05:30,0.555,9.22,0.0249,23.8,,,,,
2025-11-16 18:00:00+05:30,0.56,9.08,0.0245,24.0,,,,,
2025-11-16 19:00:00+05:30,0.558,9.03,0.0245,23.8,,,,,
2025-11-16 20:00:00+05:30,0.548,8.98,0.0253,23.3,,,,,
2025-11-16 21:00:00+05:30,0.563,9.0,0.0249,24.1,,,,,
2025-11-16 22:00:00+05:30,0.553,9.01,0.0251,23.7,,,,,
2025-11-16 23:00:00+05:30,0.553,9.01,0.025,23.6,,,,,
2025-11-17 00:00:00+05:30,0.55,9.06,0.0259,23.3,,,,,
2025-11-17 01:00:00+05:30,0.565,8.92,0.0256,24.2,,,,,
2025-11-17 02:00:00+05:30,0.558,9.06,0.0251,23.9,,,,,
2025-11-17 03:00:00+05:30,0.55,9.05,0.0255,23.5,,,,,
2025-11-17 04:00:00+05:30,0.563,8.89,0.0255,24.2,,,,,
2025-11-17 05:00:00+05:30,0.558,9.07,0.0255,23.9,,,,,
2025-11-17 06:00:00+05:30,0.563,8.89,0.0252,24.0,,,,,
2025-11-17 07:00:00+05:30,0.563,9.09,0.0249,24.2,,,,,
2025-11-17 08:00:00+05:30,0.563,8.95,0.0256,24.1,,,,,
2025-11-17 09:00:00+05:30,0.558,8.99,0.0249,24.0,,,,,
2025-11-17 10:00:00+05:30,0.55,8.89,0.0245,23.6,,,,,
2025-11-17 11:00:00+05:30,0.56,9.04,0.0255,23.9,,,,,
2025-11-17 12:00:00+05:30,0.56,8.95,0.0254,24.0,,,,,
2025-11-17 13:00:00+05:30,0.563,9.17,0.0245,24.2,,,,,
2025-11-17 14:00:00+05:30,0.563,9.02,0.025,24.1,,,,,
2025-11-17 15:00:00+05:30,0.563,9.02,0.0245,24.1,,,,,
2025-11-17 16:00:00+05:30,0.555,8.94,0.0243,23.8,,,,,
2025-11-17 17:00:00+05:30,0.563,9.08,0.0257,24.3,,,,,
2025-11-17 18:00:00+05:30,0.563,9.04,0.0251,24.1,,,,,
2025-11-17 19:00:00+05:30,0.56,8.98,0.0249,23.9,,,,,
2025-11-17 20:00:00+05:30,0.557,8.97,0.0255,23.9,,,,,
2025-11-17 21:00:00+05:30,0.557,8.98,0.0246,23.9,,,,,
2025-11-17 22:00:00+05:30,0.57,9.14,0.0252,24.4,,,,,
2025-11-17 23:00:00+05:30,0.568,9.1,0.0251,24.3,,,,,
2025-11-18 00:00:00+05:30,0.565,9.1,0.0243,24.3,,,,,
2025-11-18 01:00:00+05:30,0.555,8.91,0.0251,23.7,,,,,
2025-11-18 02:00:00+05:30,0.55,8.83,0.0248,23.4,,,,,
2025-11-18 03:00:00+05:30,0.57,9.18,0.0252,24.6,,,,,
2025-11-18 04:00:00+05:30,0.55,8.87,0.0246,23.6,,,,,
2025-11-18 05:00:00+05:30,0.558,8.94,0.0256,23.8,,,,,
2025-11-18 06:00:00+05:30,0.553,8.87,0.0258,23.6,,,,,
2025-11-18 07:00:00+05:30,0.56,9.01,0.0253,24.0,,,,,
2025-11-18 08:00:00+05:30,0.553,8.87,0.0251,23.6,,,,,
2025-11-18 09:00:00+05:30,0.56,8.99,0.0245,24.0,,,,,
2025-11-18 10:00:00+05:30,0.56,9.01,0.0255,24.0,,,,,
2025-11-18 11:00:00+05:30,0.57,9.1,0.0253,24.3,,,,,
2025-11-18 18:00:00+05:30,0.418,6.71,0.0185,17.9,,,,,
2025-11-18 19:00:00+05:30,0.56,9.04,0.0251,24.1,,,,,
2025-11-18 20:00:00+05:30,0.563,9.03,0.0249,24.1,,,,,
2025-11-18 21:00:00+05:30,0.54,8.7,0.0252,23.0,,,,,
2025-11-18 22:00:00+05:30,0.558,8.97,0.0251,23.9,,,,,
2025-11-18 23:00:00+05:30,0.555,8.92,0.0256,23.7,,,,,
2025-11-19 00:00:00+05:30,0.55,8.84,0.0254,23.5,,,,,
2025-11-19 01:00:00+05:30,0.555,8.95,0.0251,23.9,,,,,
2025-11-19 02:00:00+05:30,0.558,8.97,0.0254,23.9,,,,,
2025-11-19 03:00:00+05:30,0.567,9.12,0.0249,24.4,,,,,
2025-11-19 04:00:00+05:30,0.565,9.06,0.025,24.2,,,,,
2025-11-19 05:00:00+05:30,0.578,9.23,0.0257,24.8,,,,,
2025-11-19 06:00:00+05:30,0.565,9.07,0.0243,24.2,,,,,
2025-11-19 07:00:00+05:30,0.565,9.09,0.025,24.3,,,,,
2025-11-19 08:00:00+05:30,0.56,9.0,0.0249,24.0,,,,,
2025-11-19 09:00:00+05:30,0.56,9.03,0.0244,24.1,,,,,
2025-11-19 10:00:00+05:30,0.563,9.0,0.0235,24.0,,,,,
2025-11-19 11:00:00+05:30,0.553,8.88,0.0249,23.6,,,,,
2025-11-19 12:00:00+05:30,0.555,8.91,0.025,23.7,,,,,
2025-11-19 13:00:00+05:30,0.56,8.96,0.0253,23.9,,,,,
2025-11-19 14:00:00+05:30,0.568,9.11,0.025,24.4,,,,,
2025-11-19 15:00:00+05:30,0.563,9.02,0.0249,24.1,,,,,
2025-11-19 16:00:00+05:30,0.555,11.6,0.0273,25.1,,,,,
2025-11-19 17:00:00+05:30,0.46,11.3,0.0271,23.9,,,,,
2025-11-19 18:00:00+05:30,0.455,10.8,0.0266,24.3,,,,,
2025-11-19 19:00:00+05:30,0.918,11.2,0.0271,24.3,,,,,
2025-11-19 20:00:00+05:30,0.888,11.2,0.0269,24.1,,,,,
2025-11-19 21:00:00+05:30,0.835,11.5,0.0272,24.1,,,,,
2025-11-19 22:00:00+05:30,0.9,11.9,0.0276,23.9,,,,,
2025-11-19 23:00:00+05:30,0.69,11.2,0.0269,24.0,,,,,
2025-11-20 00:00:00+05:30,0.595,11.4,0.0272,24.0,,,,,
2025-11-20 01:00:00+05:30,0.95,10.6,0.0265,23.6,,,,,
2025-11-20 02:00:00+05:30,0.978,11.4,0.0272,24.2,,,,,
2025-11-20 03:00:00+05:30,0.743,11.1,0.027,24.0,,,,,
2025-11-20 04:00:00+05:30,0.848,11.0,0.0269,23.6,,,,,
2025-11-20 05:00:00+05:30,0.968,11.3,0.0271,23.9,,,,,
2025-11-20 06:00:00+05:30,0.885,11.3,0.027,23.7,,,,,
2025-11-20 07:00:00+05:30,0.878,11.2,0.0269,24.1,,,,,
2025-11-20 08:00:00+05:30,0.885,11.3,0.0271,23.7,,,,,
2025-11-20 09:00:00+05:30,0.923,10.9,0.0267,24.2,,,,,
2025-11-20 10:00:00+05:30,0.938,11.4,0.0271,24.5,,,,,
2025-11-20 11:00:00+05:30,0.903,11.3,0.027,24.2,,,,,
2025-11-20 12:00:00+05:30,0.85,11.1,0.0269,23.5,,,,,
2025-11-20 13:00:00+05:30,0.783,11.3,0.0271,23.8,,,,,
2025-11-20 14:00:00+05:30,0.705,11.1,0.0269,22.7,,,,,
2025-11-20 15:00:00+05:30,0.867,11.4,0.0272,24.2,,,,,
2025-11-20 16:00:00+05:30,0.677,11.1,0.0269,23.9,,,,,
2025-11-20 17:00:00+05:30,0.58,11.3,0.0271,24.1,,,,,
2025-11-20 18:00:00+05:30,0.51,11.2,0.027,24.4,,,,,
2025-11-20 19:00:00+05:30,0.597,11.3,0.0271,24.0,,,,,
2025-11-20 20:00:00+05:30,0.618,11.1,0.0269,23.9,,,,,
2025-11-20 21:00:00+05:30,0.765,11.1,0.0269,24.2,,,,,
2025-11-20 22:00:00+05:30,0.98,11.5,0.0272,24.2,,,,,
2025-11-20 23:00:00+05:30,1.06,10.8,0.0268,23.9,,,,,
2025-11-21 00:00:00+05:30,1.03,11.2,0.0271,24.3,,,,,
2025-11-21 01:00:00+05:30,1.15,11.4,0.027,24.3,,,,,
2025-11-21 02:00:00+05:30,1.09,11.3,0.0271,24.1,,,,,
2025-11-21 03:00:00+05:30,0.733,5.45,0.0134,24.1,,,,,
2025-11-21 04:00:00+05:30,0.798,0.0,0.0,24.0,,,,,
2025-11-21 05:00:00+05:30,0.83,0.0,0.0,23.9,,,,,
2025-11-21 06:00:00+05:30,0.775,0.0,0.0,23.9,,,,,
2025-11-21 07:00:00+05:30,0.825,0.0,0.0,24.2,,,,,
2025-11-21 08:00:00+05:30,1.01,8.94,0.0252,23.9,,,,,
2025-11-21 09:00:00+05:30,1.29,9.02,0.0246,24.1,,,,,
2025-11-21 10:00:00+05:30,1.14,8.99,0.025,23.9,,,,,
2025-11-21 11:00:00+05:30,0.63,8.93,0.0255,23.8,,,,,
2025-11-21 12:00:00+05:30,0.513,8.93,0.0253,23.8,,,,,
2025-11-21 14:00:00+05:30,0.433,9.11,0.0254,24.4,,,,,
2025-11-21 15:00:00+05:30,0.498,9.06,0.0245,24.2,,,,,
2025-11-21 16:00:00+05:30,0.455,8.86,0.0249,23.5,,,,,
2025-11-21 17:00:00+05:30,0.645,9.16,0.0241,24.5,,,,,
2025-11-21 18:00:00+05:30,0.673,9.09,0.0249,24.3,,,,,
2025-11-21 19:00:00+05:30,0.773,8.9,0.0255,23.7,,,,,
2025-11-21 20:00:00+05:30,0.943,9.02,0.0248,24.1,,,,,
2025-11-21 21:00:00+05:30,1.06,9.0,0.0254,24.0,,,,,
2025-11-21 22:00:00+05:30,1.04,8.95,0.0252,23.8,,,,,
2025-11-21 23:00:00+05:30,0.948,8.8,0.0254,23.3,,,,,
2025-11-22 00:00:00+05:30,1.05,9.24,0.0247,24.8,,,,,
2025-11-22 01:00:00+05:30,0.89,8.92,0.0255,23.7,,,,,
2025-11-22 02:00:00+05:30,0.86,9.07,0.0252,24.2,,,,,
2025-11-22 03:00:00+05:30,1.08,8.97,0.0249,23.9,,,,,
2025-11-22 04:00:00+05:30,0.958,8.86,0.0249,23.5,,,,,
2025-11-22 05:00:00+05:30,0.748,9.16,0.0247,24.5,,,,,
2025-11-22 06:00:00+05:30,0.78,8.94,0.0242,23.8,,,,,
2025-11-22 07:00:00+05:30,1.08,8.9,0.025,23.7,,,,,
2025-11-22 08:00:00+05:30,1.06,9.14,0.0247,24.5,,,,,
2025-11-22 09:00:00+05:30,0.953,9.0,0.025,24.0,,,,,
2025-11-22 10:00:00+05:30,0.89,9.02,0.0254,24.0,,,,,
2025-11-22 11:00:00+05:30,0.65,9.03,0.0252,24.1,,,,,
2025-11-22 12:00:00+05:30,0.453,8.99,0.025,24.0,,,,,
2025-11-22 13:00:00+05:30,0.547,8.93,0.025,23.8,,,,,
2025-11-22 14:00:00+05:30,0.433,9.09,0.0256,24.3,,,,,
2025-11-22 15:00:00+05:30,0.555,8.97,0.0248,23.9,,,,,
2025-11-22 16:00:00+05:30,0.445,8.96,0.0255,23.9,,,,,
2025-11-22 17:00:00+05:30,0.635,9.21,0.0246,24.7,,,,,
2025-11-22 18:00:00+05:30,0.63,8.87,0.0251,23.6,,,,,
2025-11-22 19:00:00+05:30,0.773,9.08,0.0248,24.3,,,,,
2025-11-22 20:00:00+05:30,1.09,9.16,0.0247,24.5,,,,,
2025-11-22 21:00:00+05:30,0.995,8.94,0.0248,23.8,,,,,
2025-11-22 22:00:00+05:30,1.19,9.16,0.0246,24.5,,,,,
2025-11-22 23:00:00+05:30,1.1,8.92,0.0257,23.7,,,,,
2025-11-23 00:00:00+05:30,1.11,8.98,0.0251,23.9,,,,,
2025-11-23 01:00:00+05:30,0.685,9.03,0.0248,24.1,,,,,
2025-11-23 02:00:00+05:30,0.673,8.85,0.0253,23.5,,,,,
2025-11-23 03:00:00+05:30,0.81,9.11,0.0249,24.4,,,,,
2025-11-23 04:00:00+05:30,0.693,9.0,0.0251,24.0,,,,,
2025-11-23 05:00:00+05:30,0.498,9.04,0.0252,24.1,,,,,
2025-11-23 06:00:00+05:30,0.548,8.89,0.0249,23.6,,,,,
2025-11-23 07:00:00+05:30,0.6,9.13,0.0249,24.4,,,,,
2025-11-23 08:00:00+05:30,0.713,9.14,0.0246,24.5,,,,,
2025-11-23 09:00:00+05:30,1.2,9.04,0.025,24.1,,,,,
2025-11-23 10:00:00+05:30,1.09,8.96,0.0249,23.9,,,,,
2025-11-23 11:00:00+05:30,0.57,8.93,0.025,23.8,,,,,
2025-11-23 12:00:00+05:30,0.425,9.04,0.0249,24.1,,,,,
2025-11-23 13:00:00+05:30,0.66,8.99,0.0246,24.0,,,,,
2025-11-23 14:00:00+05:30,0.505,9.24,0.0242,24.8,,,,,
2025-11-23 15:00:00+05:30,0.398,9.11,0.0258,24.3,,,,,
2025-11-23 16:00:00+05:30,0.34,9.18,0.0245,24.6,,,,,
2025-11-23 19:00:00+05:30,0.56,8.86,0.0252,23.5,,,,,
2025-11-23 20:00:00+05:30,0.67,8.86,0.0252,23.5,,,,,
2025-11-23 21:00:00+05:30,0.67,8.85,0.0246,23.5,,,,,
2025-11-23 22:00:00+05:30,0.75,8.74,0.0247,23.1,,,,,
2025-11-23 23:00:00+05:30,0.783,8.99,0.0251,24.0,,,,,
2025-11-24 07:00:00+05:30,0.595,8.93,0.0249,23.8,,,,,
2025-11-24 08:00:00+05:30,0.597,8.88,0.0256,23.6,,,,,
2025-11-24 09:00:00+05:30,0.695,9.04,0.0246,24.1,,,,,
2025-11-24 10:00:00+05:30,0.848,9.11,0.0248,24.4,,,,,
2025-11-24 11:00:00+05:30,1.06,9.04,0.0251,24.1,,,,,
2025-11-24 13:00:00+05:30,0.36,9.13,0.0242,24.4,,,,,
2025-11-24 14:00:00+05:30,0.41,9.08,0.0255,24.3,,,,,
2025-11-24 15:00:00+05:30,0.448,9.01,0.0249,24.0,,,,,
2025-11-24 16:00:00+05:30,0.43,8.98,0.0252,23.9,,,,,
2025-11-24 17:00:00+05:30,0.54,9.1,0.0247,24.3,,,,,
2025-11-24 18:00:00+05:30,0.58,9.07,0.0255,24.2,,,,,
2025-11-24 19:00:00+05:30,0.703,8.88,0.0254,23.6,,,,,
2025-11-24 20:00:00+05:30,0.835,8.8,0.0255,23.3,,,,,
2025-11-24 21:00:00+05:30,0.773,9.1,0.025,24.3,,,,,
2025-11-24 22:00:00+05:30,0.9,8.76,0.0253,23.2,,,,,
2025-11-24 23:00:00+05:30,0.77,9.02,0.0255,24.1,,,,,
2025-11-25 00:00:00+05:30,0.855,8.79,0.025,23.3,,,,,
2025-11-25 01:00:00+05:30,0.62,9.08,0.0242,24.2,,,,,
2025-11-25 02:00:00+05:30,0.635,8.84,0.0251,23.5,,,,,
2025-11-25 03:00:00+05:30,0.813,9.04,0.0249,24.1,,,,,
2025-11-25 04:00:00+05:30,0.785,9.05,0.0247,24.2,,,,,
2025-11-25 05:00:00+05:30,0.728,8.9,0.0255,23.6,,,,,
2025-11-25 06:00:00+05:30,0.623,9.08,0.025,24.3,,,,,
2025-11-25 07:00:00+05:30,0.588,8.98,0.0245,23.9,,,,,
2025-11-25 08:00:00+05:30,0.56,8.95,0.0248,23.8,,,,,
2025-11-25 09:00:00+05:30,0.563,8.94,0.0254,23.8,,,,,
2025-11-25 10:00:00+05:30,0.615,8.97,0.0253,23.9,,,,,
2025-11-25 11:00:00+05:30,0.705,9.09,0.0251,24.3,,,,,
2025-11-25 13:00:00+05:30,0.65,9.0,0.0256,23.9,,,,,
2025-11-25 14:00:00+05:30,0.498,9.04,0.025,24.0,,,,,
2025-11-25 15:00:00+05:30,0.38,8.96,0.0253,23.9,,,,,
2025-11-25 16:00:00+05:30,0.39,8.91,0.0247,23.9,,,,,
2025-11-25 17:00:00+05:30,0.52,9.11,0.0249,24.4,,,,,
2025-11-25 18:00:00+05:30,0.628,8.87,0.0246,24.5,,,,,
2025-11-25 19:00:00+05:30,0.748,9.01,0.0251,23.6,,,,,
2025-11-25 20:00:00+05:30,0.693,9.13,0.0256,24.0,,,,,
2025-11-25 21:00:00+05:30,0.32,8.95,0.0251,23.9,,,,,
2025-11-25 22:00:00+05:30,0.46,8.94,0.0248,23.8,,,,,
2025-11-25 23:00:00+05:30,0.845,9.05,0.0254,23.8,,,,,
2025-11-26 00:00:00+05:30,0.89,9.03,0.0251,24.8,,,,,
2025-11-26 01:00:00+05:30,0.695,9.03,0.0249,24.4,,,,,
2025-11-26 02:00:00+05:30,0.62,8.85,0.0245,23.7,,,,,
2025-11-26 03:00:00+05:30,0.603,8.96,0.0251,24.1,,,,,
2025-11-26 04:00:00+05:30,0.63,9.02,0.0248,24.5,,,,,
2025-11-26 05:00:00+05:30,0.843,9.04,0.025,23.8,,,,,
2025-11-26 06:00:00+05:30,0.815,8.9,0.0255,24.2,,,,,
2025-11-26 07:00:00+05:30,0.748,8.89,0.0248,23.6,,,,,
2025-11-26 08:00:00+05:30,0.76,8.8,0.0252,24.1,,,,,
2025-11-26 09:00:00+05:30,0.73,8.91,0.0255,24.1,,,,,
2025-11-26 10:00:00+05:30,0.758,9.02,0.0246,24.2,,,,,
2025-11-26 11:00:00+05:30,0.773,9.08,0.0252,23.8,,,,,
2025-11-26 12:00:00+05:30,0.73,9.06,0.0252,23.8,,,,,
2025-11-26 13:00:00+05:30,0.605,9.07,0.0243,23.8,,,,,
2025-11-26 14:00:00+05:30,0.603,9.0,0.0244,23.6,,,,,
2025-11-26 16:00:00+05:30,0.56,8.99,0.0246,23.9,,,,,
2025-11-26 17:00:00+05:30,0.525,8.76,0.0246,23.8,,,,,
2025-11-26 18:00:00+05:30,0.563,9.07,0.0248,24.1,,,,,
2025-11-26 19:00:00+05:30,0.917,8.83,0.0243,24.0,,,,,
2025-11-26 20:00:00+05:30,1.02,9.1,0.0245,23.9,,,,,
2025-11-26 21:00:00+05:30,1.36,9.02,0.0247,24.4,,,,,
2025-11-26 22:00:00+05:30,1.28,8.98,0.025,24.0,,,,,
2025-11-26 23:00:00+05:30,0.89,8.94,0.0249,24.3,,,,,
2025-11-27 00:00:00+05:30,1.12,9.01,0.0251,23.4,,,,,
2025-11-27 01:00:00+05:30,1.11,9.1,0.0252,23.8,,,,,
2025-11-27 02:00:00+05:30,0.957,8.99,0.0249,24.2,,,,,
2025-11-27 03:00:00+05:30,0.707,9.04,0.0245,24.0,,,,,
2025-11-27 04:00:00+05:30,0.713,9.08,0.0248,23.8,,,,,
2025-11-27 05:00:00+05:30,0.98,9.08,0.0247,24.3,,,,,
2025-11-27 06:00:00+05:30,0.903,8.91,0.0252,23.7,,,,,
2025-11-27 07:00:00+05:30,0.685,8.97,0.0248,24.3,,,,,
2025-11-27 08:00:00+05:30,0.77,9.08,0.0247,24.1,,,,,
2025-11-27 09:00:00+05:30,1.28,8.97,0.0251,23.9,,,,,
2025-11-27 10:00:00+05:30,1.21,8.86,0.0253,24.7,,,,,
2025-11-27 11:00:00+05:30,0.933,9.0,0.0246,24.0,,,,,
2025-11-27 12:00:00+05:30,0.763,9.14,0.0256,24.2,,,,,
2025-11-27 13:00:00+05:30,0.533,8.98,0.0252,23.7,,,,,
2025-11-27 14:00:00+05:30,0.503,8.99,0.0256,24.4,,,,,
2025-11-27 15:00:00+05:30,0.69,9.15,0.0247,23.9,,,,,
2025-11-27 16:00:00+05:30,0.56,8.99,0.0241,23.7,,,,,
2025-11-27 17:00:00+05:30,0.72,8.92,0.0248,23.7,,,,,
2025-11-27 18:00:00+05:30,0.563,9.07,0.025,24.3,,,,,
2025-11-27 19:00:00+05:30,0.853,8.96,0.0254,23.9,,,,,
2025-11-27 20:00:00+05:30,0.93,9.05,0.0251,24.2,,,,,
2025-11-27 21:00:00+05:30,0.825,9.04,0.025,24.1,,,,,
2025-11-27 22:00:00+05:30,0.947,9.11,0.0254,24.4,,,,,
2025-11-27 23:00:00+05:30,0.983,9.01,0.0252,24.0,,,,,
2025-11-28 00:00:00+05:30,0.915,9.03,0.0246,24.1,,,,,
2025-11-28 01:00:00+05:30,0.58,8.94,0.0239,23.8,,,,,
2025-11-28 02:00:00+05:30,0.63,9.09,0.025,24.3,,,,,
2025-11-28 03:00:00+05:30,0.965,9.06,0.025,24.2,,,,,
2025-11-28 04:00:00+05:30,0.995,8.96,0.0254,23.9,,,,,
2025-11-28 05:00:00+05:30,1.01,9.02,0.0258,24.1,,,,,
2025-11-28 06:00:00+05:30,0.94,8.89,0.025,23.6,,,,,
2025-11-28 07:00:00+05:30,0.993,9.05,0.0251,24.2,,,,,
2025-11-28 08:00:00+05:30,1.02,8.92,0.0255,23.7,,,,,
2025-11-28 09:00:00+05:30,1.11,9.09,0.0253,24.3,,,,,
2025-11-28 10:00:00+05:30,1.08,9.03,0.0245,24.1,,,,,
2025-11-28 11:00:00+05:30,1.05,8.98,0.0259,23.9,,,,,
2025-11-28 16:00:00+05:30,0.543,9.06,0.0249,24.3,,,,,
2025-11-28 17:00:00+05:30,0.403,9.14,0.0251,23.6,,,,,
2025-11-28 18:00:00+05:30,0.433,9.01,0.0252,24.0,,,,,
2025-11-28 19:00:00+05:30,0.818,9.11,0.0247,24.1,,,,,
2025-11-28 20:00:00+05:30,0.83,9.07,0.0249,24.0,,,,,
2025-11-28 21:00:00+05:30,0.82,8.91,0.0251,24.3,,,,,
2025-11-28 22:00:00+05:30,0.735,9.0,0.0257,24.3,,,,,
2025-11-28 23:00:00+05:30,0.593,9.06,0.0251,24.1,,,,,
2025-11-29 00:00:00+05:30,0.585,9.22,0.0245,24.4,,,,,
2025-11-29 01:00:00+05:30,0.745,9.08,0.0252,24.0,,,,,
2025-11-29 02:00:00+05:30,0.66,8.8,0.0244,23.9,,,,,
2025-11-29 03:00:00+05:30,0.473,9.01,0.025,23.8,,,,,
2025-11-29 04:00:00+05:30,0.44,8.92,0.0245,24.5,,,,,
2025-11-29 05:00:00+05:30,0.635,9.0,0.0246,24.0,,,,,
2025-11-29 06:00:00+05:30,0.515,8.87,0.0254,24.2,,,,,
2025-11-29 07:00:00+05:30,0.408,9.11,0.0255,23.7,,,,,
2025-11-29 08:00:00+05:30,0.453,8.99,0.0247,24.1,,,,,
2025-11-29 09:00:00+05:30,0.415,8.89,0.0252,23.9,,,,,
2025-11-29 10:00:00+05:30,0.468,9.2,0.0254,23.5,,,,,
2025-11-29 11:00:00+05:30,0.77,9.03,0.0251,24.8,,,,,
2025-11-29 12:00:00+05:30,0.735,8.97,0.0249,24.0,,,,,
2025-11-29 13:00:00+05:30,0.99,8.95,0.0251,23.9,,,,,
2025-11-29 14:00:00+05:30,0.918,9.05,0.0253,23.7,,,,,
2025-11-29 15:00:00+05:30,0.58,9.1,0.0251,24.1,,,,,
2025-11-29 16:00:00+05:30,0.64,8.93,0.0252,23.8,,,,,
2025-11-29 17:00:00+05:30,1.11,9.03,0.0252,24.1,,,,,
2025-11-29 18:00:00+05:30,1.2,9.11,0.0253,24.4,,,,,
2025-11-29 19:00:00+05:30,1.12,8.89,0.0256,23.6,,,,,
2025-11-29 20:00:00+05:30,1.19,8.88,0.0249,23.6,,,,,
2025-11-29 21:00:00+05:30,1.15,9.11,0.0244,24.4,,,,,
2025-11-29 22:00:00+05:30,0.995,8.84,0.0257,23.4,,,,,
2025-11-29 23:00:00+05:30,0.903,9.17,0.0248,24.6,,,,,
2025-11-30 00:00:00+05:30,0.86,9.17,0.0258,24.6,,,,,
2025-11-30 01:00:00+05:30,0.69,9.14,0.0261,24.5,,,,,
2025-11-30 02:00:00+05:30,0.68,8.91,0.0248,23.7,,,,,
2025-11-30 03:00:00+05:30,0.768,8.83,0.0253,23.4,,,,,
2025-11-30 04:00:00+05:30,0.753,8.94,0.0252,23.8,,,,,
2025-11-30 05:00:00+05:30,0.813,9.03,0.0246,24.1,,,,,
2025-11-30 06:00:00+05:30,0.783,9.16,0.0249,24.5,,,,,
2025-11-30 07:00:00+05:30,0.69,9.03,0.0246,24.1,,,,,
2025-11-30 08:00:00+05:30,0.66,8.99,0.0248,24.0,,,,,
2025-11-30 09:00:00+05:30,0.89,8.88,0.0254,23.6,,,,,
2025-11-30 10:00:00+05:30,0.788,8.9,0.0254,23.7,,,,,
2025-11-30 11:00:00+05:30,0.63,9.07,0.0248,24.2,,,,,
2025-11-30 12:00:00+05:30,0.613,9.02,0.0255,24.1,,,,,
2025-11-30 13:00:00+05:30,0.735,9.04,0.0246,24.1,,,,,
2025-11-30 14:00:00+05:30,0.688,9.0,0.025,24.0,,,,,
2025-11-30 15:00:00+05:30,0.6,8.91,0.0256,23.7,,,,,
2025-11-30 16:00:00+05:30,0.575,9.05,0.0252,24.2,,,,,
2025-11-30 17:00:00+05:30,0.767,8.93,0.0253,23.8,,,,,
2025-11-30 18:00:00+05:30,0.74,9.03,0.0249,24.1,,,,,
2025-11-30 19:00:00+05:30,0.613,8.94,0.0249,23.8,,,,,
2025-11-30 20:00:00+05:30,0.61,8.97,0.0252,23.9,,,,,
2025-11-30 21:00:00+05:30,0.533,8.85,0.025,23.5,,,,,
2025-11-30 22:00:00+05:30,0.605,8.94,0.025,23.8,,,,,
2025-11-30 23:00:00+05:30,0.637,8.89,0.025,23.6,,,,,
2025-12-01 00:00:00+05:30,0.68,9.16,0.0249,24.5,,,,,
2025-12-01 01:00:00+05:30,0.615,9.42,0.0243,25.4,,,,,
2025-12-01 02:00:00+05:30,0.71,9.18,0.0252,24.6,,,,,
2025-12-01 03:00:00+05:30,0.548,9.14,0.0248,24.5,,,,,
2025-12-01 04:00:00+05:30,0.555,8.96,0.025,23.9,,,,,
2025-12-01 05:00:00+05:30,0.938,8.99,0.0253,24.0,,,,,
2025-12-01 06:00:00+05:30,0.843,9.03,0.0249,24.1,,,,,
2025-12-01 07:00:00+05:30,0.595,8.97,0.0249,23.9,,,,,
2025-12-01 08:00:00+05:30,0.733,8.91,0.0248,23.7,,,,,
2025-12-01 09:00:00+05:30,0.7,8.96,0.0245,23.9,,,,,
2025-12-01 10:00:00+05:30,0.66,9.14,0.025,24.5,,,,,
2025-12-01 12:00:00+05:30,0.485,9.07,0.0251,24.2,,,,,
2025-12-01 13:00:00+05:30,0.243,9.03,0.0252,24.1,,,,,
2025-12-01 14:00:00+05:30,0.377,8.86,0.0253,23.5,,,,,
2025-12-01 15:00:00+05:30,0.553,8.97,0.0246,23.9,,,,,
2025-12-01 16:00:00+05:30,0.507,8.78,0.024,23.3,,,,,
2025-12-01 17:00:00+05:30,0.88,8.89,0.0254,23.6,,,,,
2025-12-01 18:00:00+05:30,0.783,9.05,0.024,24.2,,,,,
2025-12-01 19:00:00+05:30,0.56,8.94,0.0253,23.8,,,,,
2025-12-01 20:00:00+05:30,0.697,9.13,0.025,24.4,,,,,
2025-12-01 21:00:00+05:30,0.69,8.98,0.0249,23.9,,,,,
2025-12-01 22:00:00+05:30,0.835,8.95,0.0248,23.8,,,,,
2025-12-01 23:00:00+05:30,1.1,8.94,0.0246,23.8,,,,,
2025-12-02 00:00:00+05:30,1.19,9.07,0.0243,24.2,,,,,
2025-12-02 01:00:00+05:30,0.95,8.94,0.0264,23.8,,,,,
2025-12-02 02:00:00+05:30,0.828,9.03,0.025,24.1,,,,,
2025-12-02 03:00:00+05:30,0.548,8.91,0.0243,23.7,,,,,
2025-12-02 04:00:00+05:30,0.548,9.07,0.0249,24.2,,,,,
2025-12-02 05:00:00+05:30,0.608,9.07,0.0247,24.2,,,,,
2025-12-02 06:00:00+05:30,0.668,9.04,0.0259,24.1,,,,,
2025-12-02 07:00:00+05:30,0.893,9.25,0.0251,24.8,,,,,
2025-12-02 08:00:00+05:30,0.825,9.07,0.0249,24.2,,,,,
2025-12-02 09:00:00+05:30,0.64,9.01,0.0255,24.5,,,,,
2025-12-02 10:00:00+05:30,0.743,9.1,0.0255,24.3,,,,,
2025-12-02 11:00:00+05:30,0.81,8.99,0.0253,24.0,,,,,
2025-12-02 12:00:00+05:30,0.743,9.13,0.0247,24.4,,,,,
2025-12-02 13:00:00+05:30,0.597,9.03,0.0249,24.1,,,,,
2025-12-02 14:00:00+05:30,0.538,8.99,0.0251,24.0,,,,,
2025-12-02 15:00:00+05:30,0.563,9.13,0.0255,24.4,,,,,
2025-12-02 16:00:00+05:30,0.537,9.08,0.025,24.3,,,,,
2025-12-02 17:00:00+05:30,0.65,8.93,0.0251,23.8,,,,,
2025-12-02 18:00:00+05:30,0.67,8.88,0.0247,23.6,,,,,
2025-12-02 19:00:00+05:30,0.91,9.04,0.0244,24.1,,,,,
2025-12-02 20:00:00+05:30,0.61,9.13,0.0258,24.5,,,,,
2026-01-07 22:00:00+05:30,27.0,,,9.0,339.0,213.0,60.0,7.0,10.0
